<?xml version="1.0" encoding="UTF-8"?>
<gpx xmlns="http://www.topografix.com/GPX/1/1" xmlns:xsi="http://www.w3.org/2001/XMLSchema-instance" xmlns:gpxtpx="http://www.garmin.com/xmlschemas/TrackPointExtension/v1" xmlns:gpxx="http://www.garmin.com/xmlschemas/GpxExtensions/v3" xmlns:gpxpx="http://www.garmin.com/xmlschemas/PowerExtension/v1" xmlns:gpx_style="http://www.topografix.com/GPX/gpx_style/0/2" creator="https://gpx.studio" version="1.1" xsi:schemaLocation="http://www.topografix.com/GPX/1/1 http://www.topografix.com/GPX/1/1/gpx.xsd http://www.garmin.com/xmlschemas/GpxExtensions/v3 http://www.garmin.com/xmlschemas/GpxExtensionsv3.xsd http://www.garmin.com/xmlschemas/TrackPointExtension/v1 http://www.garmin.com/xmlschemas/TrackPointExtensionv1.xsd http://www.garmin.com/xmlschemas/PowerExtension/v1 http://www.garmin.com/xmlschemas/PowerExtensionv1.xsd http://www.topografix.com/GPX/gpx_style/0/2 http://www.topografix.com/GPX/gpx_style/0/2/gpx_style.xsd">
  <metadata>
    <name>Caminhos da Fé</name>
    <desc>De Santa Tereza e São Pedro de Alcântara à Angelina.</desc>
    <author>
      <name>Victor Mendonça</name>
      <link href="https://linktr.ee/victor_mendonca"/>
    </author>
  </metadata>
  <wpt lat="-27.573124" lon="-48.75088">
    <ele>178.7938395039291</ele>
    <name>Gruta Santa Tereza</name>
    <sym>Scenic Area</sym>
  </wpt>
  <wpt lat="-27.567257" lon="-48.804508">
    <ele>225.73448822191077</ele>
    <name>Igreja São Pedro de Alcântara</name>
    <sym>Scenic Area</sym>
  </wpt>
  <wpt lat="-27.587702" lon="-48.875222">
    <ele>374.1563378995644</ele>
    <name>Casarão Kretzer</name>
    <sym>Scenic Area</sym>
  </wpt>
  <trk>
    <name>Caminhos da Fé</name>
    <trkseg>
      <trkpt lat="-27.579045" lon="-48.744034">
        <ele>179.75</ele>
      </trkpt>
      <trkpt lat="-27.578538" lon="-48.748049">
        <ele>171</ele>
      </trkpt>
      <trkpt lat="-27.577628" lon="-48.748207">
        <ele>182</ele>
      </trkpt>
      <trkpt lat="-27.577364" lon="-48.749207">
        <ele>180</ele>
      </trkpt>
      <trkpt lat="-27.576393" lon="-48.749361">
        <ele>192.25</ele>
      </trkpt>
      <trkpt lat="-27.577096" lon="-48.751543">
        <ele>182.25</ele>
      </trkpt>
      <trkpt lat="-27.575212" lon="-48.751848">
        <ele>192</ele>
      </trkpt>
      <trkpt lat="-27.573119" lon="-48.750845">
        <ele>179.25</ele>
      </trkpt>
      <trkpt lat="-27.571832" lon="-48.750975">
        <ele>169.75</ele>
      </trkpt>
      <trkpt lat="-27.570298" lon="-48.753333">
        <ele>170.75</ele>
      </trkpt>
      <trkpt lat="-27.571382" lon="-48.756368">
        <ele>174.5</ele>
      </trkpt>
      <trkpt lat="-27.570592" lon="-48.758023">
        <ele>180</ele>
      </trkpt>
      <trkpt lat="-27.570739" lon="-48.761189">
        <ele>177.75</ele>
      </trkpt>
      <trkpt lat="-27.569926" lon="-48.762395">
        <ele>184.25</ele>
      </trkpt>
      <trkpt lat="-27.570616" lon="-48.76418">
        <ele>190</ele>
      </trkpt>
      <trkpt lat="-27.570159" lon="-48.765232">
        <ele>189</ele>
      </trkpt>
      <trkpt lat="-27.570854" lon="-48.766492">
        <ele>180</ele>
      </trkpt>
      <trkpt lat="-27.569855" lon="-48.767238">
        <ele>190</ele>
      </trkpt>
      <trkpt lat="-27.569142" lon="-48.76866">
        <ele>185</ele>
      </trkpt>
      <trkpt lat="-27.56769" lon="-48.76839">
        <ele>200.25</ele>
      </trkpt>
      <trkpt lat="-27.564134" lon="-48.771543">
        <ele>195.25</ele>
      </trkpt>
      <trkpt lat="-27.563835" lon="-48.773101">
        <ele>189.75</ele>
      </trkpt>
      <trkpt lat="-27.562477" lon="-48.773695">
        <ele>197.75</ele>
      </trkpt>
      <trkpt lat="-27.562084" lon="-48.775168">
        <ele>205</ele>
      </trkpt>
      <trkpt lat="-27.561264" lon="-48.77607">
        <ele>200.75</ele>
      </trkpt>
      <trkpt lat="-27.560577" lon="-48.778726">
        <ele>201.25</ele>
      </trkpt>
      <trkpt lat="-27.558271" lon="-48.779839">
        <ele>209</ele>
      </trkpt>
      <trkpt lat="-27.557918" lon="-48.780688">
        <ele>214</ele>
      </trkpt>
      <trkpt lat="-27.558732" lon="-48.785139">
        <ele>226.25</ele>
      </trkpt>
      <trkpt lat="-27.560934" lon="-48.786144">
        <ele>217.75</ele>
      </trkpt>
      <trkpt lat="-27.562323" lon="-48.787488">
        <ele>210.75</ele>
      </trkpt>
      <trkpt lat="-27.565792" lon="-48.787665">
        <ele>213.25</ele>
      </trkpt>
      <trkpt lat="-27.565896" lon="-48.787687">
        <ele>213.25</ele>
      </trkpt>
      <trkpt lat="-27.565896" lon="-48.787687">
        <ele>213.25</ele>
      </trkpt>
      <trkpt lat="-27.566018" lon="-48.787724">
        <ele>213.5</ele>
      </trkpt>
      <trkpt lat="-27.566427" lon="-48.787984">
        <ele>213.5</ele>
      </trkpt>
      <trkpt lat="-27.566541" lon="-48.788123">
        <ele>213.25</ele>
      </trkpt>
      <trkpt lat="-27.566586" lon="-48.788203">
        <ele>213.25</ele>
      </trkpt>
      <trkpt lat="-27.566625" lon="-48.788348">
        <ele>213.25</ele>
      </trkpt>
      <trkpt lat="-27.566636" lon="-48.788461">
        <ele>213</ele>
      </trkpt>
      <trkpt lat="-27.566638" lon="-48.788572">
        <ele>212.75</ele>
      </trkpt>
      <trkpt lat="-27.566624" lon="-48.788754">
        <ele>212.75</ele>
      </trkpt>
      <trkpt lat="-27.566572" lon="-48.788945">
        <ele>213</ele>
      </trkpt>
      <trkpt lat="-27.56646" lon="-48.789246">
        <ele>213.25</ele>
      </trkpt>
      <trkpt lat="-27.566422" lon="-48.78932">
        <ele>213.5</ele>
      </trkpt>
      <trkpt lat="-27.566381" lon="-48.789411">
        <ele>213.5</ele>
      </trkpt>
      <trkpt lat="-27.566341" lon="-48.789559">
        <ele>213</ele>
      </trkpt>
      <trkpt lat="-27.566293" lon="-48.789798">
        <ele>212.5</ele>
      </trkpt>
      <trkpt lat="-27.566275" lon="-48.789963">
        <ele>212</ele>
      </trkpt>
      <trkpt lat="-27.566256" lon="-48.790188">
        <ele>212</ele>
      </trkpt>
      <trkpt lat="-27.566246" lon="-48.790296">
        <ele>212</ele>
      </trkpt>
      <trkpt lat="-27.566235" lon="-48.790421">
        <ele>212.25</ele>
      </trkpt>
      <trkpt lat="-27.566228" lon="-48.790489">
        <ele>212.25</ele>
      </trkpt>
      <trkpt lat="-27.566168" lon="-48.791026">
        <ele>213.25</ele>
      </trkpt>
      <trkpt lat="-27.566144" lon="-48.791243">
        <ele>213.75</ele>
      </trkpt>
      <trkpt lat="-27.566115" lon="-48.79138">
        <ele>214</ele>
      </trkpt>
      <trkpt lat="-27.566065" lon="-48.79152">
        <ele>214.75</ele>
      </trkpt>
      <trkpt lat="-27.565994" lon="-48.791651">
        <ele>215.5</ele>
      </trkpt>
      <trkpt lat="-27.565518" lon="-48.792359">
        <ele>218.75</ele>
      </trkpt>
      <trkpt lat="-27.565002" lon="-48.793276">
        <ele>218.25</ele>
      </trkpt>
      <trkpt lat="-27.564639" lon="-48.793832">
        <ele>218</ele>
      </trkpt>
      <trkpt lat="-27.56459" lon="-48.793898">
        <ele>217.5</ele>
      </trkpt>
      <trkpt lat="-27.564418" lon="-48.794137">
        <ele>214.25</ele>
      </trkpt>
      <trkpt lat="-27.56432" lon="-48.794301">
        <ele>213.5</ele>
      </trkpt>
      <trkpt lat="-27.564129" lon="-48.794664">
        <ele>212.75</ele>
      </trkpt>
      <trkpt lat="-27.564087" lon="-48.794787">
        <ele>212.5</ele>
      </trkpt>
      <trkpt lat="-27.564061" lon="-48.794902">
        <ele>212.25</ele>
      </trkpt>
      <trkpt lat="-27.564058" lon="-48.795031">
        <ele>212</ele>
      </trkpt>
      <trkpt lat="-27.564175" lon="-48.796117">
        <ele>211.5</ele>
      </trkpt>
      <trkpt lat="-27.56418" lon="-48.796281">
        <ele>212</ele>
      </trkpt>
      <trkpt lat="-27.564165" lon="-48.796442">
        <ele>212.25</ele>
      </trkpt>
      <trkpt lat="-27.56413" lon="-48.796602">
        <ele>213</ele>
      </trkpt>
      <trkpt lat="-27.56408" lon="-48.796753">
        <ele>213.5</ele>
      </trkpt>
      <trkpt lat="-27.564018" lon="-48.796879">
        <ele>214</ele>
      </trkpt>
      <trkpt lat="-27.563932" lon="-48.79701">
        <ele>214.75</ele>
      </trkpt>
      <trkpt lat="-27.563504" lon="-48.79752">
        <ele>218</ele>
      </trkpt>
      <trkpt lat="-27.563412" lon="-48.797622">
        <ele>218.75</ele>
      </trkpt>
      <trkpt lat="-27.563018" lon="-48.797969">
        <ele>223</ele>
      </trkpt>
      <trkpt lat="-27.562984" lon="-48.798052">
        <ele>223.25</ele>
      </trkpt>
      <trkpt lat="-27.562965" lon="-48.798172">
        <ele>223.25</ele>
      </trkpt>
      <trkpt lat="-27.562981" lon="-48.79831">
        <ele>223</ele>
      </trkpt>
      <trkpt lat="-27.563029" lon="-48.798469">
        <ele>221.5</ele>
      </trkpt>
      <trkpt lat="-27.563081" lon="-48.798619">
        <ele>219.75</ele>
      </trkpt>
      <trkpt lat="-27.563139" lon="-48.79874">
        <ele>218.5</ele>
      </trkpt>
      <trkpt lat="-27.563232" lon="-48.798902">
        <ele>216.5</ele>
      </trkpt>
      <trkpt lat="-27.563414" lon="-48.799183">
        <ele>213.75</ele>
      </trkpt>
      <trkpt lat="-27.563494" lon="-48.799307">
        <ele>214.25</ele>
      </trkpt>
      <trkpt lat="-27.563669" lon="-48.799579">
        <ele>214.5</ele>
      </trkpt>
      <trkpt lat="-27.563835" lon="-48.799828">
        <ele>214.25</ele>
      </trkpt>
      <trkpt lat="-27.563834" lon="-48.799869">
        <ele>214.25</ele>
      </trkpt>
      <trkpt lat="-27.563841" lon="-48.799888">
        <ele>214.25</ele>
      </trkpt>
      <trkpt lat="-27.563873" lon="-48.799916">
        <ele>214.25</ele>
      </trkpt>
      <trkpt lat="-27.563894" lon="-48.799919">
        <ele>214</ele>
      </trkpt>
      <trkpt lat="-27.563938" lon="-48.799976">
        <ele>213.75</ele>
      </trkpt>
      <trkpt lat="-27.564085" lon="-48.800164">
        <ele>215</ele>
      </trkpt>
      <trkpt lat="-27.564163" lon="-48.800276">
        <ele>215.5</ele>
      </trkpt>
      <trkpt lat="-27.56422" lon="-48.80033">
        <ele>216</ele>
      </trkpt>
      <trkpt lat="-27.564298" lon="-48.800387">
        <ele>216.5</ele>
      </trkpt>
      <trkpt lat="-27.564962" lon="-48.80073">
        <ele>217</ele>
      </trkpt>
      <trkpt lat="-27.565302" lon="-48.800966">
        <ele>220</ele>
      </trkpt>
      <trkpt lat="-27.566356" lon="-48.80179">
        <ele>222</ele>
      </trkpt>
      <trkpt lat="-27.566529" lon="-48.801948">
        <ele>220</ele>
      </trkpt>
      <trkpt lat="-27.566531" lon="-48.802109">
        <ele>221</ele>
      </trkpt>
      <trkpt lat="-27.566541" lon="-48.802284">
        <ele>222</ele>
      </trkpt>
      <trkpt lat="-27.566636" lon="-48.802874">
        <ele>220.75</ele>
      </trkpt>
      <trkpt lat="-27.566731" lon="-48.803249">
        <ele>219.5</ele>
      </trkpt>
      <trkpt lat="-27.566774" lon="-48.803525">
        <ele>220.25</ele>
      </trkpt>
      <trkpt lat="-27.56678" lon="-48.80363">
        <ele>220.75</ele>
      </trkpt>
      <trkpt lat="-27.566794" lon="-48.803867">
        <ele>222</ele>
      </trkpt>
      <trkpt lat="-27.566819" lon="-48.804499">
        <ele>228.75</ele>
      </trkpt>
      <trkpt lat="-27.566864" lon="-48.80459">
        <ele>229.75</ele>
      </trkpt>
      <trkpt lat="-27.56691" lon="-48.804629">
        <ele>228.5</ele>
      </trkpt>
      <trkpt lat="-27.566911" lon="-48.80463">
        <ele>229.5</ele>
      </trkpt>
      <trkpt lat="-27.567211" lon="-48.804882">
        <ele>228.5</ele>
      </trkpt>
      <trkpt lat="-27.567604" lon="-48.805145">
        <ele>223.5</ele>
      </trkpt>
      <trkpt lat="-27.567819" lon="-48.805272">
        <ele>222</ele>
      </trkpt>
      <trkpt lat="-27.568099" lon="-48.805413">
        <ele>219.75</ele>
      </trkpt>
      <trkpt lat="-27.568295" lon="-48.805519">
        <ele>218.25</ele>
      </trkpt>
      <trkpt lat="-27.568877" lon="-48.805768">
        <ele>217.75</ele>
      </trkpt>
      <trkpt lat="-27.56908" lon="-48.806055">
        <ele>220.5</ele>
      </trkpt>
      <trkpt lat="-27.569317" lon="-48.806441">
        <ele>224.5</ele>
      </trkpt>
      <trkpt lat="-27.569496" lon="-48.806782">
        <ele>225.5</ele>
      </trkpt>
      <trkpt lat="-27.569626" lon="-48.807011">
        <ele>226.25</ele>
      </trkpt>
      <trkpt lat="-27.569735" lon="-48.807121">
        <ele>224.75</ele>
      </trkpt>
      <trkpt lat="-27.570028" lon="-48.807253">
        <ele>218.75</ele>
      </trkpt>
      <trkpt lat="-27.57044" lon="-48.807471">
        <ele>219</ele>
      </trkpt>
      <trkpt lat="-27.570557" lon="-48.807581">
        <ele>219.75</ele>
      </trkpt>
      <trkpt lat="-27.570645" lon="-48.80764">
        <ele>220.75</ele>
      </trkpt>
      <trkpt lat="-27.570735" lon="-48.807669">
        <ele>221</ele>
      </trkpt>
      <trkpt lat="-27.570949" lon="-48.807669">
        <ele>220.75</ele>
      </trkpt>
      <trkpt lat="-27.571132" lon="-48.807634">
        <ele>220.25</ele>
      </trkpt>
      <trkpt lat="-27.571256" lon="-48.807632">
        <ele>220.25</ele>
      </trkpt>
      <trkpt lat="-27.571369" lon="-48.807663">
        <ele>220.5</ele>
      </trkpt>
      <trkpt lat="-27.571536" lon="-48.807677">
        <ele>220.5</ele>
      </trkpt>
      <trkpt lat="-27.571603" lon="-48.807658">
        <ele>220.25</ele>
      </trkpt>
      <trkpt lat="-27.57166" lon="-48.807624">
        <ele>220.25</ele>
      </trkpt>
      <trkpt lat="-27.57173" lon="-48.80756">
        <ele>221</ele>
      </trkpt>
      <trkpt lat="-27.571787" lon="-48.807489">
        <ele>222.25</ele>
      </trkpt>
      <trkpt lat="-27.571863" lon="-48.807407">
        <ele>225.25</ele>
      </trkpt>
      <trkpt lat="-27.571919" lon="-48.80737">
        <ele>227.25</ele>
      </trkpt>
      <trkpt lat="-27.571998" lon="-48.807349">
        <ele>229.25</ele>
      </trkpt>
      <trkpt lat="-27.572825" lon="-48.807645">
        <ele>232.5</ele>
      </trkpt>
      <trkpt lat="-27.572915" lon="-48.807669">
        <ele>232.25</ele>
      </trkpt>
      <trkpt lat="-27.573001" lon="-48.807658">
        <ele>232.75</ele>
      </trkpt>
      <trkpt lat="-27.573084" lon="-48.807629">
        <ele>233.5</ele>
      </trkpt>
      <trkpt lat="-27.573439" lon="-48.807572">
        <ele>237</ele>
      </trkpt>
      <trkpt lat="-27.573529" lon="-48.807573">
        <ele>238.25</ele>
      </trkpt>
      <trkpt lat="-27.573605" lon="-48.807583">
        <ele>239</ele>
      </trkpt>
      <trkpt lat="-27.573728" lon="-48.807674">
        <ele>238.75</ele>
      </trkpt>
      <trkpt lat="-27.573845" lon="-48.807827">
        <ele>236.75</ele>
      </trkpt>
      <trkpt lat="-27.573895" lon="-48.807911">
        <ele>235.5</ele>
      </trkpt>
      <trkpt lat="-27.573955" lon="-48.807974">
        <ele>234.5</ele>
      </trkpt>
      <trkpt lat="-27.574023" lon="-48.808063">
        <ele>233.25</ele>
      </trkpt>
      <trkpt lat="-27.574261" lon="-48.808214">
        <ele>232</ele>
      </trkpt>
      <trkpt lat="-27.574432" lon="-48.808294">
        <ele>231.75</ele>
      </trkpt>
      <trkpt lat="-27.574745" lon="-48.808427">
        <ele>234.5</ele>
      </trkpt>
      <trkpt lat="-27.574916" lon="-48.80853">
        <ele>235.75</ele>
      </trkpt>
      <trkpt lat="-27.575014" lon="-48.808656">
        <ele>236</ele>
      </trkpt>
      <trkpt lat="-27.575112" lon="-48.808924">
        <ele>235.25</ele>
      </trkpt>
      <trkpt lat="-27.575186" lon="-48.808974">
        <ele>235</ele>
      </trkpt>
      <trkpt lat="-27.575257" lon="-48.808979">
        <ele>234.75</ele>
      </trkpt>
      <trkpt lat="-27.575353" lon="-48.809003">
        <ele>234.5</ele>
      </trkpt>
      <trkpt lat="-27.576004" lon="-48.809101">
        <ele>232.25</ele>
      </trkpt>
      <trkpt lat="-27.576206" lon="-48.80916">
        <ele>231</ele>
      </trkpt>
      <trkpt lat="-27.57656" lon="-48.809355">
        <ele>235.25</ele>
      </trkpt>
      <trkpt lat="-27.57677" lon="-48.809553">
        <ele>240</ele>
      </trkpt>
      <trkpt lat="-27.576856" lon="-48.809626">
        <ele>241.5</ele>
      </trkpt>
      <trkpt lat="-27.577047" lon="-48.809733">
        <ele>242.5</ele>
      </trkpt>
      <trkpt lat="-27.577207" lon="-48.809785">
        <ele>242</ele>
      </trkpt>
      <trkpt lat="-27.577341" lon="-48.809798">
        <ele>241</ele>
      </trkpt>
      <trkpt lat="-27.577608" lon="-48.809777">
        <ele>238.5</ele>
      </trkpt>
      <trkpt lat="-27.577801" lon="-48.809779">
        <ele>236.75</ele>
      </trkpt>
      <trkpt lat="-27.577916" lon="-48.809832">
        <ele>235.25</ele>
      </trkpt>
      <trkpt lat="-27.578165" lon="-48.809993">
        <ele>230.5</ele>
      </trkpt>
      <trkpt lat="-27.578285" lon="-48.810094">
        <ele>231</ele>
      </trkpt>
      <trkpt lat="-27.578534" lon="-48.810377">
        <ele>234.75</ele>
      </trkpt>
      <trkpt lat="-27.578687" lon="-48.810553">
        <ele>236</ele>
      </trkpt>
      <trkpt lat="-27.578905" lon="-48.810782">
        <ele>235</ele>
      </trkpt>
      <trkpt lat="-27.578998" lon="-48.810848">
        <ele>234</ele>
      </trkpt>
      <trkpt lat="-27.579339" lon="-48.810992">
        <ele>232.25</ele>
      </trkpt>
      <trkpt lat="-27.579496" lon="-48.811101">
        <ele>232.25</ele>
      </trkpt>
      <trkpt lat="-27.579576" lon="-48.811188">
        <ele>232.5</ele>
      </trkpt>
      <trkpt lat="-27.579645" lon="-48.811309">
        <ele>233</ele>
      </trkpt>
      <trkpt lat="-27.579756" lon="-48.811585">
        <ele>233.75</ele>
      </trkpt>
      <trkpt lat="-27.579812" lon="-48.811711">
        <ele>232</ele>
      </trkpt>
      <trkpt lat="-27.579813" lon="-48.811712">
        <ele>233</ele>
      </trkpt>
      <trkpt lat="-27.579905" lon="-48.811918">
        <ele>232</ele>
      </trkpt>
      <trkpt lat="-27.579957" lon="-48.812175">
        <ele>232.5</ele>
      </trkpt>
      <trkpt lat="-27.579962" lon="-48.812304">
        <ele>233.5</ele>
      </trkpt>
      <trkpt lat="-27.580012" lon="-48.812744">
        <ele>235</ele>
      </trkpt>
      <trkpt lat="-27.580028" lon="-48.812913">
        <ele>236</ele>
      </trkpt>
      <trkpt lat="-27.580044" lon="-48.813184">
        <ele>237.75</ele>
      </trkpt>
      <trkpt lat="-27.579993" lon="-48.813431">
        <ele>239.5</ele>
      </trkpt>
      <trkpt lat="-27.579937" lon="-48.81356">
        <ele>242.5</ele>
      </trkpt>
      <trkpt lat="-27.579886" lon="-48.813947">
        <ele>248.75</ele>
      </trkpt>
      <trkpt lat="-27.579842" lon="-48.814337">
        <ele>254.25</ele>
      </trkpt>
      <trkpt lat="-27.57983" lon="-48.814548">
        <ele>257.25</ele>
      </trkpt>
      <trkpt lat="-27.579778" lon="-48.814683">
        <ele>258.5</ele>
      </trkpt>
      <trkpt lat="-27.579658" lon="-48.814815">
        <ele>258.25</ele>
      </trkpt>
      <trkpt lat="-27.579541" lon="-48.815024">
        <ele>258</ele>
      </trkpt>
      <trkpt lat="-27.579386" lon="-48.815234">
        <ele>258.5</ele>
      </trkpt>
      <trkpt lat="-27.579313" lon="-48.815308">
        <ele>258</ele>
      </trkpt>
      <trkpt lat="-27.579199" lon="-48.815479">
        <ele>257.75</ele>
      </trkpt>
      <trkpt lat="-27.579133" lon="-48.815635">
        <ele>259</ele>
      </trkpt>
      <trkpt lat="-27.579036" lon="-48.816097">
        <ele>265.5</ele>
      </trkpt>
      <trkpt lat="-27.57903" lon="-48.816247">
        <ele>268.25</ele>
      </trkpt>
      <trkpt lat="-27.579053" lon="-48.816393">
        <ele>271.75</ele>
      </trkpt>
      <trkpt lat="-27.579068" lon="-48.816578">
        <ele>276</ele>
      </trkpt>
      <trkpt lat="-27.579043" lon="-48.816754">
        <ele>279.75</ele>
      </trkpt>
      <trkpt lat="-27.578992" lon="-48.816849">
        <ele>280.75</ele>
      </trkpt>
      <trkpt lat="-27.578861" lon="-48.816923">
        <ele>278.5</ele>
      </trkpt>
      <trkpt lat="-27.578675" lon="-48.817085">
        <ele>276.5</ele>
      </trkpt>
      <trkpt lat="-27.578566" lon="-48.817206">
        <ele>275.75</ele>
      </trkpt>
      <trkpt lat="-27.578438" lon="-48.817406">
        <ele>275.75</ele>
      </trkpt>
      <trkpt lat="-27.578419" lon="-48.817583">
        <ele>279.5</ele>
      </trkpt>
      <trkpt lat="-27.578445" lon="-48.817738">
        <ele>284.5</ele>
      </trkpt>
      <trkpt lat="-27.578507" lon="-48.817864">
        <ele>290</ele>
      </trkpt>
      <trkpt lat="-27.578572" lon="-48.818015">
        <ele>296.5</ele>
      </trkpt>
      <trkpt lat="-27.578569" lon="-48.818138">
        <ele>299.5</ele>
      </trkpt>
      <trkpt lat="-27.578506" lon="-48.818279">
        <ele>300.75</ele>
      </trkpt>
      <trkpt lat="-27.578315" lon="-48.818495">
        <ele>302.75</ele>
      </trkpt>
      <trkpt lat="-27.578202" lon="-48.818648">
        <ele>307.5</ele>
      </trkpt>
      <trkpt lat="-27.578004" lon="-48.81876">
        <ele>309</ele>
      </trkpt>
      <trkpt lat="-27.577724" lon="-48.818846">
        <ele>308</ele>
      </trkpt>
      <trkpt lat="-27.5776" lon="-48.818937">
        <ele>310.25</ele>
      </trkpt>
      <trkpt lat="-27.577368" lon="-48.819153">
        <ele>317.75</ele>
      </trkpt>
      <trkpt lat="-27.577169" lon="-48.819244">
        <ele>319.75</ele>
      </trkpt>
      <trkpt lat="-27.576909" lon="-48.819301">
        <ele>319.5</ele>
      </trkpt>
      <trkpt lat="-27.576665" lon="-48.819326">
        <ele>317.75</ele>
      </trkpt>
      <trkpt lat="-27.576433" lon="-48.819301">
        <ele>315.5</ele>
      </trkpt>
      <trkpt lat="-27.576189" lon="-48.819246">
        <ele>312.25</ele>
      </trkpt>
      <trkpt lat="-27.575996" lon="-48.819258">
        <ele>312</ele>
      </trkpt>
      <trkpt lat="-27.575628" lon="-48.819229">
        <ele>309.5</ele>
      </trkpt>
      <trkpt lat="-27.575408" lon="-48.81929">
        <ele>310.5</ele>
      </trkpt>
      <trkpt lat="-27.575354" lon="-48.819305">
        <ele>310.5</ele>
      </trkpt>
      <trkpt lat="-27.575221" lon="-48.819279">
        <ele>309.25</ele>
      </trkpt>
      <trkpt lat="-27.575036" lon="-48.819254">
        <ele>307.75</ele>
      </trkpt>
      <trkpt lat="-27.574932" lon="-48.819262">
        <ele>308</ele>
      </trkpt>
      <trkpt lat="-27.574769" lon="-48.819338">
        <ele>309</ele>
      </trkpt>
      <trkpt lat="-27.574625" lon="-48.819498">
        <ele>308.5</ele>
      </trkpt>
      <trkpt lat="-27.574572" lon="-48.819643">
        <ele>307.5</ele>
      </trkpt>
      <trkpt lat="-27.574558" lon="-48.820002">
        <ele>305.5</ele>
      </trkpt>
      <trkpt lat="-27.57453" lon="-48.820184">
        <ele>303.75</ele>
      </trkpt>
      <trkpt lat="-27.574482" lon="-48.820415">
        <ele>301.5</ele>
      </trkpt>
      <trkpt lat="-27.574468" lon="-48.820613">
        <ele>300.25</ele>
      </trkpt>
      <trkpt lat="-27.574463" lon="-48.821128">
        <ele>298.5</ele>
      </trkpt>
      <trkpt lat="-27.574449" lon="-48.821273">
        <ele>297.5</ele>
      </trkpt>
      <trkpt lat="-27.574382" lon="-48.821499">
        <ele>295.25</ele>
      </trkpt>
      <trkpt lat="-27.574273" lon="-48.821735">
        <ele>294</ele>
      </trkpt>
      <trkpt lat="-27.574122" lon="-48.821929">
        <ele>294.75</ele>
      </trkpt>
      <trkpt lat="-27.573838" lon="-48.822206">
        <ele>296</ele>
      </trkpt>
      <trkpt lat="-27.573754" lon="-48.82236">
        <ele>296.25</ele>
      </trkpt>
      <trkpt lat="-27.573731" lon="-48.822519">
        <ele>297</ele>
      </trkpt>
      <trkpt lat="-27.573769" lon="-48.822769">
        <ele>297.5</ele>
      </trkpt>
      <trkpt lat="-27.573745" lon="-48.82321">
        <ele>297</ele>
      </trkpt>
      <trkpt lat="-27.573693" lon="-48.823419">
        <ele>295.75</ele>
      </trkpt>
      <trkpt lat="-27.573607" lon="-48.823607">
        <ele>293.75</ele>
      </trkpt>
      <trkpt lat="-27.573531" lon="-48.82374">
        <ele>292.75</ele>
      </trkpt>
      <trkpt lat="-27.573447" lon="-48.823843">
        <ele>292.25</ele>
      </trkpt>
      <trkpt lat="-27.573355" lon="-48.823977">
        <ele>292</ele>
      </trkpt>
      <trkpt lat="-27.573303" lon="-48.824175">
        <ele>293</ele>
      </trkpt>
      <trkpt lat="-27.573236" lon="-48.824749">
        <ele>293.75</ele>
      </trkpt>
      <trkpt lat="-27.57315" lon="-48.82518">
        <ele>295.25</ele>
      </trkpt>
      <trkpt lat="-27.573157" lon="-48.82528">
        <ele>294.75</ele>
      </trkpt>
      <trkpt lat="-27.573194" lon="-48.825377">
        <ele>293.5</ele>
      </trkpt>
      <trkpt lat="-27.573267" lon="-48.825469">
        <ele>291.5</ele>
      </trkpt>
      <trkpt lat="-27.573617" lon="-48.82572">
        <ele>288.75</ele>
      </trkpt>
      <trkpt lat="-27.57373" lon="-48.825782">
        <ele>288.5</ele>
      </trkpt>
      <trkpt lat="-27.573935" lon="-48.825876">
        <ele>288</ele>
      </trkpt>
      <trkpt lat="-27.574078" lon="-48.825914">
        <ele>288.25</ele>
      </trkpt>
      <trkpt lat="-27.574273" lon="-48.825951">
        <ele>288.25</ele>
      </trkpt>
      <trkpt lat="-27.574577" lon="-48.825983">
        <ele>288.25</ele>
      </trkpt>
      <trkpt lat="-27.57492" lon="-48.826005">
        <ele>288</ele>
      </trkpt>
      <trkpt lat="-27.575281" lon="-48.825967">
        <ele>287</ele>
      </trkpt>
      <trkpt lat="-27.575405" lon="-48.825978">
        <ele>287</ele>
      </trkpt>
      <trkpt lat="-27.575538" lon="-48.82601">
        <ele>287.25</ele>
      </trkpt>
      <trkpt lat="-27.575671" lon="-48.826074">
        <ele>287.5</ele>
      </trkpt>
      <trkpt lat="-27.575833" lon="-48.826198">
        <ele>287.75</ele>
      </trkpt>
      <trkpt lat="-27.576053" lon="-48.826412">
        <ele>288</ele>
      </trkpt>
      <trkpt lat="-27.576394" lon="-48.826804">
        <ele>287.75</ele>
      </trkpt>
      <trkpt lat="-27.576589" lon="-48.827067">
        <ele>286.75</ele>
      </trkpt>
      <trkpt lat="-27.57695" lon="-48.827657">
        <ele>286.25</ele>
      </trkpt>
      <trkpt lat="-27.577145" lon="-48.827931">
        <ele>286.75</ele>
      </trkpt>
      <trkpt lat="-27.577273" lon="-48.82814">
        <ele>287</ele>
      </trkpt>
      <trkpt lat="-27.577673" lon="-48.828849">
        <ele>293.75</ele>
      </trkpt>
      <trkpt lat="-27.577749" lon="-48.829006">
        <ele>295</ele>
      </trkpt>
      <trkpt lat="-27.577856" lon="-48.82926">
        <ele>296.25</ele>
      </trkpt>
      <trkpt lat="-27.577897" lon="-48.829512">
        <ele>298</ele>
      </trkpt>
      <trkpt lat="-27.577878" lon="-48.829901">
        <ele>302.5</ele>
      </trkpt>
      <trkpt lat="-27.577877" lon="-48.830106">
        <ele>303.5</ele>
      </trkpt>
      <trkpt lat="-27.577887" lon="-48.830325">
        <ele>303.5</ele>
      </trkpt>
      <trkpt lat="-27.577898" lon="-48.830516">
        <ele>303.25</ele>
      </trkpt>
      <trkpt lat="-27.577929" lon="-48.830646">
        <ele>298.5</ele>
      </trkpt>
      <trkpt lat="-27.577929" lon="-48.830648">
        <ele>302.5</ele>
      </trkpt>
      <trkpt lat="-27.578119" lon="-48.831453">
        <ele>298.5</ele>
      </trkpt>
      <trkpt lat="-27.578129" lon="-48.83175">
        <ele>298</ele>
      </trkpt>
      <trkpt lat="-27.578081" lon="-48.832163">
        <ele>297</ele>
      </trkpt>
      <trkpt lat="-27.578012" lon="-48.832862">
        <ele>295</ele>
      </trkpt>
      <trkpt lat="-27.578005" lon="-48.833064">
        <ele>294.5</ele>
      </trkpt>
      <trkpt lat="-27.578024" lon="-48.833236">
        <ele>293.5</ele>
      </trkpt>
      <trkpt lat="-27.578072" lon="-48.833408">
        <ele>292.75</ele>
      </trkpt>
      <trkpt lat="-27.578143" lon="-48.833563">
        <ele>291.75</ele>
      </trkpt>
      <trkpt lat="-27.578224" lon="-48.833703">
        <ele>290.75</ele>
      </trkpt>
      <trkpt lat="-27.578476" lon="-48.834073">
        <ele>289</ele>
      </trkpt>
      <trkpt lat="-27.578541" lon="-48.83418">
        <ele>288.75</ele>
      </trkpt>
      <trkpt lat="-27.578638" lon="-48.834379">
        <ele>288.75</ele>
      </trkpt>
      <trkpt lat="-27.578709" lon="-48.834615">
        <ele>288.5</ele>
      </trkpt>
      <trkpt lat="-27.578738" lon="-48.83477">
        <ele>288.5</ele>
      </trkpt>
      <trkpt lat="-27.578742" lon="-48.834995">
        <ele>288.25</ele>
      </trkpt>
      <trkpt lat="-27.578704" lon="-48.835441">
        <ele>290.5</ele>
      </trkpt>
      <trkpt lat="-27.578673" lon="-48.835603">
        <ele>291.25</ele>
      </trkpt>
      <trkpt lat="-27.578609" lon="-48.835832">
        <ele>291.75</ele>
      </trkpt>
      <trkpt lat="-27.578528" lon="-48.836009">
        <ele>291</ele>
      </trkpt>
      <trkpt lat="-27.578419" lon="-48.836165">
        <ele>290.25</ele>
      </trkpt>
      <trkpt lat="-27.578287" lon="-48.836293">
        <ele>289.75</ele>
      </trkpt>
      <trkpt lat="-27.578068" lon="-48.836408">
        <ele>291.25</ele>
      </trkpt>
      <trkpt lat="-27.577844" lon="-48.836551">
        <ele>292.25</ele>
      </trkpt>
      <trkpt lat="-27.577658" lon="-48.836712">
        <ele>292.75</ele>
      </trkpt>
      <trkpt lat="-27.577506" lon="-48.836857">
        <ele>293.25</ele>
      </trkpt>
      <trkpt lat="-27.577426" lon="-48.836964">
        <ele>293.75</ele>
      </trkpt>
      <trkpt lat="-27.577359" lon="-48.837114">
        <ele>293.75</ele>
      </trkpt>
      <trkpt lat="-27.577345" lon="-48.837259">
        <ele>293.25</ele>
      </trkpt>
      <trkpt lat="-27.577373" lon="-48.837404">
        <ele>292.25</ele>
      </trkpt>
      <trkpt lat="-27.577435" lon="-48.837511">
        <ele>291.5</ele>
      </trkpt>
      <trkpt lat="-27.577549" lon="-48.83764">
        <ele>293</ele>
      </trkpt>
      <trkpt lat="-27.577673" lon="-48.837737">
        <ele>293.75</ele>
      </trkpt>
      <trkpt lat="-27.57781" lon="-48.837812">
        <ele>294</ele>
      </trkpt>
      <trkpt lat="-27.577982" lon="-48.837882">
        <ele>293.75</ele>
      </trkpt>
      <trkpt lat="-27.578248" lon="-48.837973">
        <ele>292.75</ele>
      </trkpt>
      <trkpt lat="-27.578371" lon="-48.838026">
        <ele>292.25</ele>
      </trkpt>
      <trkpt lat="-27.578524" lon="-48.838101">
        <ele>292.25</ele>
      </trkpt>
      <trkpt lat="-27.57869" lon="-48.838203">
        <ele>292.25</ele>
      </trkpt>
      <trkpt lat="-27.578909" lon="-48.838343">
        <ele>291.75</ele>
      </trkpt>
      <trkpt lat="-27.579242" lon="-48.838579">
        <ele>290.75</ele>
      </trkpt>
      <trkpt lat="-27.579522" lon="-48.838788">
        <ele>290.75</ele>
      </trkpt>
      <trkpt lat="-27.580118" lon="-48.839278">
        <ele>290.75</ele>
      </trkpt>
      <trkpt lat="-27.581006" lon="-48.839974">
        <ele>293.25</ele>
      </trkpt>
      <trkpt lat="-27.581324" lon="-48.840161">
        <ele>294</ele>
      </trkpt>
      <trkpt lat="-27.581567" lon="-48.840274">
        <ele>293.25</ele>
      </trkpt>
      <trkpt lat="-27.581743" lon="-48.840371">
        <ele>293</ele>
      </trkpt>
      <trkpt lat="-27.581836" lon="-48.840471">
        <ele>293.25</ele>
      </trkpt>
      <trkpt lat="-27.581885" lon="-48.840634">
        <ele>294</ele>
      </trkpt>
      <trkpt lat="-27.581896" lon="-48.840764">
        <ele>294.5</ele>
      </trkpt>
      <trkpt lat="-27.581897" lon="-48.840962">
        <ele>295</ele>
      </trkpt>
      <trkpt lat="-27.581852" lon="-48.841339">
        <ele>295.5</ele>
      </trkpt>
      <trkpt lat="-27.581809" lon="-48.84154">
        <ele>295.5</ele>
      </trkpt>
      <trkpt lat="-27.581719" lon="-48.841755">
        <ele>295</ele>
      </trkpt>
      <trkpt lat="-27.581591" lon="-48.841959">
        <ele>295.75</ele>
      </trkpt>
      <trkpt lat="-27.581343" lon="-48.842205">
        <ele>299.25</ele>
      </trkpt>
      <trkpt lat="-27.58122" lon="-48.842318">
        <ele>300.5</ele>
      </trkpt>
      <trkpt lat="-27.581085" lon="-48.842429">
        <ele>301.25</ele>
      </trkpt>
      <trkpt lat="-27.580843" lon="-48.842692">
        <ele>302.5</ele>
      </trkpt>
      <trkpt lat="-27.580777" lon="-48.842823">
        <ele>303</ele>
      </trkpt>
      <trkpt lat="-27.58075" lon="-48.842954">
        <ele>302.75</ele>
      </trkpt>
      <trkpt lat="-27.580723" lon="-48.843081">
        <ele>302.75</ele>
      </trkpt>
      <trkpt lat="-27.580714" lon="-48.843238">
        <ele>301.75</ele>
      </trkpt>
      <trkpt lat="-27.580792" lon="-48.843836">
        <ele>305.25</ele>
      </trkpt>
      <trkpt lat="-27.580847" lon="-48.844118">
        <ele>307</ele>
      </trkpt>
      <trkpt lat="-27.580995" lon="-48.844329">
        <ele>307.25</ele>
      </trkpt>
      <trkpt lat="-27.581152" lon="-48.844494">
        <ele>306.25</ele>
      </trkpt>
      <trkpt lat="-27.581359" lon="-48.844671">
        <ele>303.5</ele>
      </trkpt>
      <trkpt lat="-27.581555" lon="-48.844813">
        <ele>300</ele>
      </trkpt>
      <trkpt lat="-27.581688" lon="-48.844888">
        <ele>297.5</ele>
      </trkpt>
      <trkpt lat="-27.582156" lon="-48.845119">
        <ele>297.5</ele>
      </trkpt>
      <trkpt lat="-27.582313" lon="-48.845236">
        <ele>296.75</ele>
      </trkpt>
      <trkpt lat="-27.582412" lon="-48.845345">
        <ele>295.75</ele>
      </trkpt>
      <trkpt lat="-27.582547" lon="-48.845605">
        <ele>294.5</ele>
      </trkpt>
      <trkpt lat="-27.582622" lon="-48.845799">
        <ele>293.75</ele>
      </trkpt>
      <trkpt lat="-27.582642" lon="-48.845911">
        <ele>294.5</ele>
      </trkpt>
      <trkpt lat="-27.58267" lon="-48.846202">
        <ele>297.75</ele>
      </trkpt>
      <trkpt lat="-27.582699" lon="-48.846313">
        <ele>299.25</ele>
      </trkpt>
      <trkpt lat="-27.582762" lon="-48.846389">
        <ele>300.75</ele>
      </trkpt>
      <trkpt lat="-27.582863" lon="-48.846457">
        <ele>303</ele>
      </trkpt>
      <trkpt lat="-27.582979" lon="-48.84647">
        <ele>304.5</ele>
      </trkpt>
      <trkpt lat="-27.583378" lon="-48.846454">
        <ele>309.25</ele>
      </trkpt>
      <trkpt lat="-27.583747" lon="-48.846411">
        <ele>310.75</ele>
      </trkpt>
      <trkpt lat="-27.5839" lon="-48.846415">
        <ele>311.5</ele>
      </trkpt>
      <trkpt lat="-27.58403" lon="-48.846449">
        <ele>312.75</ele>
      </trkpt>
      <trkpt lat="-27.584326" lon="-48.846512">
        <ele>313.5</ele>
      </trkpt>
      <trkpt lat="-27.584543" lon="-48.846535">
        <ele>312.5</ele>
      </trkpt>
      <trkpt lat="-27.584828" lon="-48.846545">
        <ele>311</ele>
      </trkpt>
      <trkpt lat="-27.585071" lon="-48.846524">
        <ele>309.75</ele>
      </trkpt>
      <trkpt lat="-27.585223" lon="-48.846524">
        <ele>309.5</ele>
      </trkpt>
      <trkpt lat="-27.585313" lon="-48.846537">
        <ele>309.25</ele>
      </trkpt>
      <trkpt lat="-27.585508" lon="-48.846703">
        <ele>309</ele>
      </trkpt>
      <trkpt lat="-27.585625" lon="-48.846815">
        <ele>311.75</ele>
      </trkpt>
      <trkpt lat="-27.586233" lon="-48.847103">
        <ele>313.75</ele>
      </trkpt>
      <trkpt lat="-27.586752" lon="-48.847459">
        <ele>309.5</ele>
      </trkpt>
      <trkpt lat="-27.586926" lon="-48.847617">
        <ele>307.5</ele>
      </trkpt>
      <trkpt lat="-27.586979" lon="-48.847689">
        <ele>307</ele>
      </trkpt>
      <trkpt lat="-27.586962" lon="-48.847844">
        <ele>307.5</ele>
      </trkpt>
      <trkpt lat="-27.586921" lon="-48.847966">
        <ele>308</ele>
      </trkpt>
      <trkpt lat="-27.586864" lon="-48.848084">
        <ele>309</ele>
      </trkpt>
      <trkpt lat="-27.586317" lon="-48.849103">
        <ele>311</ele>
      </trkpt>
      <trkpt lat="-27.586236" lon="-48.849237">
        <ele>311.25</ele>
      </trkpt>
      <trkpt lat="-27.586136" lon="-48.849545">
        <ele>310.5</ele>
      </trkpt>
      <trkpt lat="-27.586041" lon="-48.849921">
        <ele>307.75</ele>
      </trkpt>
      <trkpt lat="-27.585936" lon="-48.850295">
        <ele>307.25</ele>
      </trkpt>
      <trkpt lat="-27.585857" lon="-48.85045">
        <ele>306.25</ele>
      </trkpt>
      <trkpt lat="-27.585615" lon="-48.850733">
        <ele>308.25</ele>
      </trkpt>
      <trkpt lat="-27.585328" lon="-48.851098">
        <ele>311.5</ele>
      </trkpt>
      <trkpt lat="-27.585185" lon="-48.851336">
        <ele>310.5</ele>
      </trkpt>
      <trkpt lat="-27.584995" lon="-48.851603">
        <ele>306.75</ele>
      </trkpt>
      <trkpt lat="-27.584591" lon="-48.851894">
        <ele>310.25</ele>
      </trkpt>
      <trkpt lat="-27.584501" lon="-48.851993">
        <ele>310.75</ele>
      </trkpt>
      <trkpt lat="-27.584464" lon="-48.852081">
        <ele>310.75</ele>
      </trkpt>
      <trkpt lat="-27.584454" lon="-48.852209">
        <ele>310</ele>
      </trkpt>
      <trkpt lat="-27.584458" lon="-48.85236">
        <ele>309.25</ele>
      </trkpt>
      <trkpt lat="-27.584494" lon="-48.85248">
        <ele>308.25</ele>
      </trkpt>
      <trkpt lat="-27.584559" lon="-48.852601">
        <ele>308.25</ele>
      </trkpt>
      <trkpt lat="-27.58472" lon="-48.852676">
        <ele>307.75</ele>
      </trkpt>
      <trkpt lat="-27.585095" lon="-48.852751">
        <ele>307.75</ele>
      </trkpt>
      <trkpt lat="-27.585826" lon="-48.852989">
        <ele>317</ele>
      </trkpt>
      <trkpt lat="-27.586374" lon="-48.853158">
        <ele>320.5</ele>
      </trkpt>
      <trkpt lat="-27.586519" lon="-48.85322">
        <ele>320</ele>
      </trkpt>
      <trkpt lat="-27.586609" lon="-48.853259">
        <ele>319.5</ele>
      </trkpt>
      <trkpt lat="-27.586746" lon="-48.853344">
        <ele>318.5</ele>
      </trkpt>
      <trkpt lat="-27.586876" lon="-48.853415">
        <ele>320.25</ele>
      </trkpt>
      <trkpt lat="-27.5875" lon="-48.853563">
        <ele>322.25</ele>
      </trkpt>
      <trkpt lat="-27.587718" lon="-48.853631">
        <ele>323.75</ele>
      </trkpt>
      <trkpt lat="-27.587877" lon="-48.853673">
        <ele>324.25</ele>
      </trkpt>
      <trkpt lat="-27.588041" lon="-48.853778">
        <ele>323.25</ele>
      </trkpt>
      <trkpt lat="-27.5881" lon="-48.85389">
        <ele>321.25</ele>
      </trkpt>
      <trkpt lat="-27.588157" lon="-48.854254">
        <ele>314.5</ele>
      </trkpt>
      <trkpt lat="-27.588309" lon="-48.855025">
        <ele>306.25</ele>
      </trkpt>
      <trkpt lat="-27.588374" lon="-48.855213">
        <ele>307.75</ele>
      </trkpt>
      <trkpt lat="-27.588743" lon="-48.855895">
        <ele>310.25</ele>
      </trkpt>
      <trkpt lat="-27.588963" lon="-48.856189">
        <ele>312.25</ele>
      </trkpt>
      <trkpt lat="-27.589065" lon="-48.856382">
        <ele>313</ele>
      </trkpt>
      <trkpt lat="-27.589141" lon="-48.856629">
        <ele>314.25</ele>
      </trkpt>
      <trkpt lat="-27.589217" lon="-48.85694">
        <ele>318.25</ele>
      </trkpt>
      <trkpt lat="-27.589226" lon="-48.857145">
        <ele>321.5</ele>
      </trkpt>
      <trkpt lat="-27.589179" lon="-48.857643">
        <ele>329</ele>
      </trkpt>
      <trkpt lat="-27.58916" lon="-48.857943">
        <ele>330.25</ele>
      </trkpt>
      <trkpt lat="-27.58915" lon="-48.858347">
        <ele>331.5</ele>
      </trkpt>
      <trkpt lat="-27.589117" lon="-48.858556">
        <ele>331.5</ele>
      </trkpt>
      <trkpt lat="-27.589055" lon="-48.858679">
        <ele>333.25</ele>
      </trkpt>
      <trkpt lat="-27.588865" lon="-48.858781">
        <ele>340</ele>
      </trkpt>
      <trkpt lat="-27.58854" lon="-48.858889">
        <ele>351.5</ele>
      </trkpt>
      <trkpt lat="-27.588365" lon="-48.858984">
        <ele>357.5</ele>
      </trkpt>
      <trkpt lat="-27.588328" lon="-48.859077">
        <ele>358</ele>
      </trkpt>
      <trkpt lat="-27.588317" lon="-48.859204">
        <ele>357.25</ele>
      </trkpt>
      <trkpt lat="-27.588437" lon="-48.859982">
        <ele>352.5</ele>
      </trkpt>
      <trkpt lat="-27.58842" lon="-48.86006">
        <ele>353</ele>
      </trkpt>
      <trkpt lat="-27.588373" lon="-48.860112">
        <ele>354.25</ele>
      </trkpt>
      <trkpt lat="-27.587991" lon="-48.860261">
        <ele>367.75</ele>
      </trkpt>
      <trkpt lat="-27.587899" lon="-48.860329">
        <ele>371.5</ele>
      </trkpt>
      <trkpt lat="-27.587873" lon="-48.860424">
        <ele>372.75</ele>
      </trkpt>
      <trkpt lat="-27.58788" lon="-48.860507">
        <ele>372.75</ele>
      </trkpt>
      <trkpt lat="-27.587907" lon="-48.860578">
        <ele>372.25</ele>
      </trkpt>
      <trkpt lat="-27.588097" lon="-48.860685">
        <ele>365.5</ele>
      </trkpt>
      <trkpt lat="-27.588244" lon="-48.860853">
        <ele>360.75</ele>
      </trkpt>
      <trkpt lat="-27.588366" lon="-48.861268">
        <ele>364.5</ele>
      </trkpt>
      <trkpt lat="-27.588437" lon="-48.861385">
        <ele>365.25</ele>
      </trkpt>
      <trkpt lat="-27.588615" lon="-48.861528">
        <ele>363.5</ele>
      </trkpt>
      <trkpt lat="-27.588809" lon="-48.861757">
        <ele>359.25</ele>
      </trkpt>
      <trkpt lat="-27.588883" lon="-48.861939">
        <ele>355.75</ele>
      </trkpt>
      <trkpt lat="-27.588935" lon="-48.8622">
        <ele>351.75</ele>
      </trkpt>
      <trkpt lat="-27.588887" lon="-48.862432">
        <ele>350.5</ele>
      </trkpt>
      <trkpt lat="-27.588751" lon="-48.862615">
        <ele>350</ele>
      </trkpt>
      <trkpt lat="-27.588552" lon="-48.862718">
        <ele>351</ele>
      </trkpt>
      <trkpt lat="-27.588333" lon="-48.862723">
        <ele>354.75</ele>
      </trkpt>
      <trkpt lat="-27.588161" lon="-48.862759">
        <ele>356.5</ele>
      </trkpt>
      <trkpt lat="-27.587843" lon="-48.862927">
        <ele>355.5</ele>
      </trkpt>
      <trkpt lat="-27.587639" lon="-48.86305">
        <ele>353.75</ele>
      </trkpt>
      <trkpt lat="-27.587477" lon="-48.863125">
        <ele>352.75</ele>
      </trkpt>
      <trkpt lat="-27.587273" lon="-48.863179">
        <ele>352.75</ele>
      </trkpt>
      <trkpt lat="-27.587174" lon="-48.863237">
        <ele>351.5</ele>
      </trkpt>
      <trkpt lat="-27.58697" lon="-48.863472">
        <ele>350.5</ele>
      </trkpt>
      <trkpt lat="-27.586768" lon="-48.863687">
        <ele>352.5</ele>
      </trkpt>
      <trkpt lat="-27.586575" lon="-48.863817">
        <ele>352.75</ele>
      </trkpt>
      <trkpt lat="-27.586495" lon="-48.863884">
        <ele>352.75</ele>
      </trkpt>
      <trkpt lat="-27.586422" lon="-48.86402">
        <ele>351.75</ele>
      </trkpt>
      <trkpt lat="-27.586405" lon="-48.864127">
        <ele>351.25</ele>
      </trkpt>
      <trkpt lat="-27.586418" lon="-48.864407">
        <ele>356.5</ele>
      </trkpt>
      <trkpt lat="-27.586401" lon="-48.86469">
        <ele>363</ele>
      </trkpt>
      <trkpt lat="-27.58637" lon="-48.864747">
        <ele>364</ele>
      </trkpt>
      <trkpt lat="-27.586212" lon="-48.864843">
        <ele>364.75</ele>
      </trkpt>
      <trkpt lat="-27.585865" lon="-48.864954">
        <ele>363.5</ele>
      </trkpt>
      <trkpt lat="-27.585795" lon="-48.865006">
        <ele>363.75</ele>
      </trkpt>
      <trkpt lat="-27.585765" lon="-48.865058">
        <ele>363.75</ele>
      </trkpt>
      <trkpt lat="-27.585746" lon="-48.86517">
        <ele>363.5</ele>
      </trkpt>
      <trkpt lat="-27.585789" lon="-48.865733">
        <ele>362</ele>
      </trkpt>
      <trkpt lat="-27.585756" lon="-48.865926">
        <ele>359.5</ele>
      </trkpt>
      <trkpt lat="-27.585684" lon="-48.866018">
        <ele>357</ele>
      </trkpt>
      <trkpt lat="-27.58558" lon="-48.866039">
        <ele>356.5</ele>
      </trkpt>
      <trkpt lat="-27.585318" lon="-48.866034">
        <ele>356.75</ele>
      </trkpt>
      <trkpt lat="-27.585195" lon="-48.866088">
        <ele>355.5</ele>
      </trkpt>
      <trkpt lat="-27.585104" lon="-48.866145">
        <ele>354</ele>
      </trkpt>
      <trkpt lat="-27.584776" lon="-48.866533">
        <ele>347.75</ele>
      </trkpt>
      <trkpt lat="-27.584672" lon="-48.866619">
        <ele>347.25</ele>
      </trkpt>
      <trkpt lat="-27.584378" lon="-48.866802">
        <ele>349.25</ele>
      </trkpt>
      <trkpt lat="-27.584296" lon="-48.866898">
        <ele>349.25</ele>
      </trkpt>
      <trkpt lat="-27.58423" lon="-48.867104">
        <ele>347.5</ele>
      </trkpt>
      <trkpt lat="-27.584229" lon="-48.867295">
        <ele>345.25</ele>
      </trkpt>
      <trkpt lat="-27.584406" lon="-48.867948">
        <ele>346.5</ele>
      </trkpt>
      <trkpt lat="-27.584555" lon="-48.868273">
        <ele>348.25</ele>
      </trkpt>
      <trkpt lat="-27.584579" lon="-48.868321">
        <ele>348.25</ele>
      </trkpt>
      <trkpt lat="-27.584606" lon="-48.868356">
        <ele>348.5</ele>
      </trkpt>
      <trkpt lat="-27.584757" lon="-48.868445">
        <ele>348.25</ele>
      </trkpt>
      <trkpt lat="-27.584995" lon="-48.868506">
        <ele>346</ele>
      </trkpt>
      <trkpt lat="-27.585254" lon="-48.868584">
        <ele>344.5</ele>
      </trkpt>
      <trkpt lat="-27.58535" lon="-48.868681">
        <ele>344.5</ele>
      </trkpt>
      <trkpt lat="-27.58544" lon="-48.86882">
        <ele>344.75</ele>
      </trkpt>
      <trkpt lat="-27.585561" lon="-48.869156">
        <ele>346.5</ele>
      </trkpt>
      <trkpt lat="-27.585822" lon="-48.870025">
        <ele>348.5</ele>
      </trkpt>
      <trkpt lat="-27.585832" lon="-48.870057">
        <ele>348.75</ele>
      </trkpt>
      <trkpt lat="-27.585927" lon="-48.870213">
        <ele>350.25</ele>
      </trkpt>
      <trkpt lat="-27.58628" lon="-48.870587">
        <ele>350.5</ele>
      </trkpt>
      <trkpt lat="-27.586431" lon="-48.870815">
        <ele>350.75</ele>
      </trkpt>
      <trkpt lat="-27.586554" lon="-48.871028">
        <ele>351.75</ele>
      </trkpt>
      <trkpt lat="-27.586825" lon="-48.871538">
        <ele>354.5</ele>
      </trkpt>
      <trkpt lat="-27.586921" lon="-48.871769">
        <ele>356.5</ele>
      </trkpt>
      <trkpt lat="-27.587011" lon="-48.872021">
        <ele>358.25</ele>
      </trkpt>
      <trkpt lat="-27.587191" lon="-48.872627">
        <ele>362.25</ele>
      </trkpt>
      <trkpt lat="-27.587287" lon="-48.872786">
        <ele>362.75</ele>
      </trkpt>
      <trkpt lat="-27.588247" lon="-48.873845">
        <ele>367.5</ele>
      </trkpt>
      <trkpt lat="-27.588324" lon="-48.874021">
        <ele>367.25</ele>
      </trkpt>
      <trkpt lat="-27.588323" lon="-48.874167">
        <ele>368</ele>
      </trkpt>
      <trkpt lat="-27.588256" lon="-48.874295">
        <ele>369.75</ele>
      </trkpt>
      <trkpt lat="-27.588123" lon="-48.874472">
        <ele>372.25</ele>
      </trkpt>
      <trkpt lat="-27.587929" lon="-48.874671">
        <ele>374.75</ele>
      </trkpt>
      <trkpt lat="-27.587797" lon="-48.874845">
        <ele>375.5</ele>
      </trkpt>
      <trkpt lat="-27.587689" lon="-48.875046">
        <ele>375.25</ele>
      </trkpt>
      <trkpt lat="-27.587666" lon="-48.875099">
        <ele>375.25</ele>
      </trkpt>
      <trkpt lat="-27.587655" lon="-48.875238">
        <ele>375</ele>
      </trkpt>
      <trkpt lat="-27.587683" lon="-48.875429">
        <ele>374.5</ele>
      </trkpt>
      <trkpt lat="-27.587737" lon="-48.875693">
        <ele>374.25</ele>
      </trkpt>
      <trkpt lat="-27.587726" lon="-48.875891">
        <ele>374.25</ele>
      </trkpt>
      <trkpt lat="-27.58767" lon="-48.876091">
        <ele>375.25</ele>
      </trkpt>
      <trkpt lat="-27.58749" lon="-48.876755">
        <ele>376.5</ele>
      </trkpt>
      <trkpt lat="-27.587464" lon="-48.876843">
        <ele>377.25</ele>
      </trkpt>
      <trkpt lat="-27.587306" lon="-48.877395">
        <ele>382</ele>
      </trkpt>
      <trkpt lat="-27.587168" lon="-48.877938">
        <ele>387.75</ele>
      </trkpt>
      <trkpt lat="-27.587154" lon="-48.878176">
        <ele>390</ele>
      </trkpt>
      <trkpt lat="-27.587186" lon="-48.878321">
        <ele>391</ele>
      </trkpt>
      <trkpt lat="-27.587258" lon="-48.878506">
        <ele>392</ele>
      </trkpt>
      <trkpt lat="-27.587396" lon="-48.878689">
        <ele>392.25</ele>
      </trkpt>
      <trkpt lat="-27.587634" lon="-48.878834">
        <ele>393.75</ele>
      </trkpt>
      <trkpt lat="-27.587634" lon="-48.878834">
        <ele>393.75</ele>
      </trkpt>
      <trkpt lat="-27.587746" lon="-48.878972">
        <ele>395.75</ele>
      </trkpt>
      <trkpt lat="-27.58777" lon="-48.87906">
        <ele>396</ele>
      </trkpt>
      <trkpt lat="-27.587762" lon="-48.879166">
        <ele>396</ele>
      </trkpt>
      <trkpt lat="-27.587672" lon="-48.879305">
        <ele>395.75</ele>
      </trkpt>
      <trkpt lat="-27.5875" lon="-48.879536">
        <ele>395.75</ele>
      </trkpt>
      <trkpt lat="-27.587462" lon="-48.879689">
        <ele>397</ele>
      </trkpt>
      <trkpt lat="-27.587472" lon="-48.879826">
        <ele>397.5</ele>
      </trkpt>
      <trkpt lat="-27.58757" lon="-48.88022">
        <ele>399.75</ele>
      </trkpt>
      <trkpt lat="-27.587615" lon="-48.8804">
        <ele>401.5</ele>
      </trkpt>
      <trkpt lat="-27.587672" lon="-48.880499">
        <ele>402.75</ele>
      </trkpt>
      <trkpt lat="-27.587767" lon="-48.880581">
        <ele>404.5</ele>
      </trkpt>
      <trkpt lat="-27.587848" lon="-48.8806">
        <ele>405.25</ele>
      </trkpt>
      <trkpt lat="-27.588062" lon="-48.880587">
        <ele>407</ele>
      </trkpt>
      <trkpt lat="-27.588295" lon="-48.880598">
        <ele>409.25</ele>
      </trkpt>
      <trkpt lat="-27.588442" lon="-48.880641">
        <ele>410.5</ele>
      </trkpt>
      <trkpt lat="-27.588585" lon="-48.880721">
        <ele>411.75</ele>
      </trkpt>
      <trkpt lat="-27.588746" lon="-48.880781">
        <ele>412.5</ele>
      </trkpt>
      <trkpt lat="-27.588917" lon="-48.880802">
        <ele>412.25</ele>
      </trkpt>
      <trkpt lat="-27.589312" lon="-48.880867">
        <ele>413.5</ele>
      </trkpt>
      <trkpt lat="-27.589412" lon="-48.880909">
        <ele>414.5</ele>
      </trkpt>
      <trkpt lat="-27.589467" lon="-48.880966">
        <ele>415.25</ele>
      </trkpt>
      <trkpt lat="-27.589531" lon="-48.881065">
        <ele>416.25</ele>
      </trkpt>
      <trkpt lat="-27.589505" lon="-48.881347">
        <ele>417.75</ele>
      </trkpt>
      <trkpt lat="-27.589412" lon="-48.88152">
        <ele>419</ele>
      </trkpt>
      <trkpt lat="-27.589196" lon="-48.881722">
        <ele>421.25</ele>
      </trkpt>
      <trkpt lat="-27.589079" lon="-48.881881">
        <ele>424.75</ele>
      </trkpt>
      <trkpt lat="-27.589065" lon="-48.881968">
        <ele>426</ele>
      </trkpt>
      <trkpt lat="-27.589143" lon="-48.882229">
        <ele>427.25</ele>
      </trkpt>
      <trkpt lat="-27.589315" lon="-48.88259">
        <ele>431.5</ele>
      </trkpt>
      <trkpt lat="-27.589394" lon="-48.882801">
        <ele>435.75</ele>
      </trkpt>
      <trkpt lat="-27.589474" lon="-48.883007">
        <ele>439.5</ele>
      </trkpt>
      <trkpt lat="-27.589557" lon="-48.883291">
        <ele>444</ele>
      </trkpt>
      <trkpt lat="-27.58964" lon="-48.883436">
        <ele>444</ele>
      </trkpt>
      <trkpt lat="-27.589716" lon="-48.883522">
        <ele>443</ele>
      </trkpt>
      <trkpt lat="-27.589958" lon="-48.883737">
        <ele>437.5</ele>
      </trkpt>
      <trkpt lat="-27.589982" lon="-48.88389">
        <ele>436.5</ele>
      </trkpt>
      <trkpt lat="-27.58996" lon="-48.884301">
        <ele>436.75</ele>
      </trkpt>
      <trkpt lat="-27.589984" lon="-48.884413">
        <ele>436</ele>
      </trkpt>
      <trkpt lat="-27.590053" lon="-48.88448">
        <ele>435.5</ele>
      </trkpt>
      <trkpt lat="-27.590372" lon="-48.884716">
        <ele>434</ele>
      </trkpt>
      <trkpt lat="-27.590659" lon="-48.885041">
        <ele>431.75</ele>
      </trkpt>
      <trkpt lat="-27.591004" lon="-48.88551">
        <ele>434.25</ele>
      </trkpt>
      <trkpt lat="-27.591225" lon="-48.885759">
        <ele>436</ele>
      </trkpt>
      <trkpt lat="-27.591344" lon="-48.885872">
        <ele>436.75</ele>
      </trkpt>
      <trkpt lat="-27.59158" lon="-48.886035">
        <ele>438.5</ele>
      </trkpt>
      <trkpt lat="-27.5918" lon="-48.886167">
        <ele>440.5</ele>
      </trkpt>
      <trkpt lat="-27.591845" lon="-48.886218">
        <ele>441</ele>
      </trkpt>
      <trkpt lat="-27.59189" lon="-48.886286">
        <ele>441.75</ele>
      </trkpt>
      <trkpt lat="-27.591945" lon="-48.88642">
        <ele>443</ele>
      </trkpt>
      <trkpt lat="-27.592144" lon="-48.886994">
        <ele>447.75</ele>
      </trkpt>
      <trkpt lat="-27.592243" lon="-48.887221">
        <ele>449</ele>
      </trkpt>
      <trkpt lat="-27.592294" lon="-48.88745">
        <ele>450.25</ele>
      </trkpt>
      <trkpt lat="-27.59231" lon="-48.887806">
        <ele>449.75</ele>
      </trkpt>
      <trkpt lat="-27.592286" lon="-48.888098">
        <ele>449.75</ele>
      </trkpt>
      <trkpt lat="-27.592268" lon="-48.888209">
        <ele>450</ele>
      </trkpt>
      <trkpt lat="-27.592182" lon="-48.888421">
        <ele>451.75</ele>
      </trkpt>
      <trkpt lat="-27.59215" lon="-48.888573">
        <ele>452</ele>
      </trkpt>
      <trkpt lat="-27.592147" lon="-48.888709">
        <ele>451.75</ele>
      </trkpt>
      <trkpt lat="-27.592173" lon="-48.888822">
        <ele>451</ele>
      </trkpt>
      <trkpt lat="-27.592235" lon="-48.888945">
        <ele>449</ele>
      </trkpt>
      <trkpt lat="-27.592347" lon="-48.889066">
        <ele>446</ele>
      </trkpt>
      <trkpt lat="-27.592401" lon="-48.889121">
        <ele>444.5</ele>
      </trkpt>
      <trkpt lat="-27.592711" lon="-48.889342">
        <ele>443</ele>
      </trkpt>
      <trkpt lat="-27.592735" lon="-48.889404">
        <ele>443.25</ele>
      </trkpt>
      <trkpt lat="-27.59278" lon="-48.889831">
        <ele>445</ele>
      </trkpt>
      <trkpt lat="-27.592812" lon="-48.89003">
        <ele>445.5</ele>
      </trkpt>
      <trkpt lat="-27.592906" lon="-48.89048">
        <ele>444</ele>
      </trkpt>
      <trkpt lat="-27.592939" lon="-48.890716">
        <ele>443.5</ele>
      </trkpt>
      <trkpt lat="-27.592962" lon="-48.891213">
        <ele>442.5</ele>
      </trkpt>
      <trkpt lat="-27.59297" lon="-48.891359">
        <ele>442.25</ele>
      </trkpt>
      <trkpt lat="-27.592892" lon="-48.892742">
        <ele>447.75</ele>
      </trkpt>
      <trkpt lat="-27.592862" lon="-48.892933">
        <ele>448.75</ele>
      </trkpt>
      <trkpt lat="-27.592757" lon="-48.89313">
        <ele>450.75</ele>
      </trkpt>
      <trkpt lat="-27.59266" lon="-48.893346">
        <ele>452.75</ele>
      </trkpt>
      <trkpt lat="-27.59259" lon="-48.893519">
        <ele>452</ele>
      </trkpt>
      <trkpt lat="-27.592591" lon="-48.893554">
        <ele>451.5</ele>
      </trkpt>
      <trkpt lat="-27.592591" lon="-48.893621">
        <ele>451</ele>
      </trkpt>
      <trkpt lat="-27.59261" lon="-48.893733">
        <ele>449.75</ele>
      </trkpt>
      <trkpt lat="-27.592649" lon="-48.89398">
        <ele>447.5</ele>
      </trkpt>
      <trkpt lat="-27.592695" lon="-48.894205">
        <ele>446.25</ele>
      </trkpt>
      <trkpt lat="-27.592793" lon="-48.894797">
        <ele>449.5</ele>
      </trkpt>
      <trkpt lat="-27.592823" lon="-48.89493">
        <ele>450.25</ele>
      </trkpt>
      <trkpt lat="-27.592935" lon="-48.895463">
        <ele>456.5</ele>
      </trkpt>
      <trkpt lat="-27.593006" lon="-48.895645">
        <ele>457.75</ele>
      </trkpt>
      <trkpt lat="-27.593073" lon="-48.895747">
        <ele>457.75</ele>
      </trkpt>
      <trkpt lat="-27.593172" lon="-48.895806">
        <ele>456.25</ele>
      </trkpt>
      <trkpt lat="-27.59331" lon="-48.895848">
        <ele>453.75</ele>
      </trkpt>
      <trkpt lat="-27.593412" lon="-48.89589">
        <ele>454</ele>
      </trkpt>
      <trkpt lat="-27.593524" lon="-48.895972">
        <ele>455.25</ele>
      </trkpt>
      <trkpt lat="-27.593719" lon="-48.896165">
        <ele>457.5</ele>
      </trkpt>
      <trkpt lat="-27.59382" lon="-48.896289">
        <ele>458.5</ele>
      </trkpt>
      <trkpt lat="-27.594205" lon="-48.896778">
        <ele>458</ele>
      </trkpt>
      <trkpt lat="-27.594284" lon="-48.896955">
        <ele>458.75</ele>
      </trkpt>
      <trkpt lat="-27.594322" lon="-48.897188">
        <ele>459.5</ele>
      </trkpt>
      <trkpt lat="-27.594326" lon="-48.89738">
        <ele>459.75</ele>
      </trkpt>
      <trkpt lat="-27.594328" lon="-48.897432">
        <ele>460</ele>
      </trkpt>
      <trkpt lat="-27.594321" lon="-48.897577">
        <ele>460.25</ele>
      </trkpt>
      <trkpt lat="-27.594291" lon="-48.89779">
        <ele>460.75</ele>
      </trkpt>
      <trkpt lat="-27.59414" lon="-48.89965">
        <ele>467.5</ele>
      </trkpt>
      <trkpt lat="-27.594109" lon="-48.899846">
        <ele>469</ele>
      </trkpt>
      <trkpt lat="-27.594019" lon="-48.900125">
        <ele>470.75</ele>
      </trkpt>
      <trkpt lat="-27.593924" lon="-48.900339">
        <ele>471.5</ele>
      </trkpt>
      <trkpt lat="-27.593867" lon="-48.900602">
        <ele>472.5</ele>
      </trkpt>
      <trkpt lat="-27.593844" lon="-48.900782">
        <ele>473</ele>
      </trkpt>
      <trkpt lat="-27.593877" lon="-48.90101">
        <ele>473.5</ele>
      </trkpt>
      <trkpt lat="-27.593959" lon="-48.901184">
        <ele>473.25</ele>
      </trkpt>
      <trkpt lat="-27.594108" lon="-48.901305">
        <ele>472.25</ele>
      </trkpt>
      <trkpt lat="-27.594262" lon="-48.901445">
        <ele>473.25</ele>
      </trkpt>
      <trkpt lat="-27.594306" lon="-48.901529">
        <ele>474</ele>
      </trkpt>
      <trkpt lat="-27.594409" lon="-48.901791">
        <ele>475.5</ele>
      </trkpt>
      <trkpt lat="-27.594485" lon="-48.902045">
        <ele>476.5</ele>
      </trkpt>
      <trkpt lat="-27.594499" lon="-48.902202">
        <ele>476.25</ele>
      </trkpt>
      <trkpt lat="-27.594501" lon="-48.902417">
        <ele>476</ele>
      </trkpt>
      <trkpt lat="-27.594347" lon="-48.903338">
        <ele>477.25</ele>
      </trkpt>
      <trkpt lat="-27.59429" lon="-48.903478">
        <ele>479.25</ele>
      </trkpt>
      <trkpt lat="-27.594226" lon="-48.903572">
        <ele>480.75</ele>
      </trkpt>
      <trkpt lat="-27.593767" lon="-48.903955">
        <ele>487.5</ele>
      </trkpt>
      <trkpt lat="-27.593624" lon="-48.904121">
        <ele>489</ele>
      </trkpt>
      <trkpt lat="-27.593491" lon="-48.90425">
        <ele>492.5</ele>
      </trkpt>
      <trkpt lat="-27.593345" lon="-48.904321">
        <ele>495.25</ele>
      </trkpt>
      <trkpt lat="-27.593182" lon="-48.904347">
        <ele>497</ele>
      </trkpt>
      <trkpt lat="-27.592678" lon="-48.904371">
        <ele>499.5</ele>
      </trkpt>
      <trkpt lat="-27.592507" lon="-48.904373">
        <ele>500</ele>
      </trkpt>
      <trkpt lat="-27.592312" lon="-48.904432">
        <ele>501.25</ele>
      </trkpt>
      <trkpt lat="-27.592112" lon="-48.904583">
        <ele>501.5</ele>
      </trkpt>
      <trkpt lat="-27.591998" lon="-48.904725">
        <ele>500.25</ele>
      </trkpt>
      <trkpt lat="-27.59191" lon="-48.904931">
        <ele>497.75</ele>
      </trkpt>
      <trkpt lat="-27.591803" lon="-48.905229">
        <ele>497.5</ele>
      </trkpt>
      <trkpt lat="-27.591768" lon="-48.905299">
        <ele>497.25</ele>
      </trkpt>
      <trkpt lat="-27.591691" lon="-48.90535">
        <ele>495</ele>
      </trkpt>
      <trkpt lat="-27.591435" lon="-48.905422">
        <ele>493.25</ele>
      </trkpt>
      <trkpt lat="-27.59138" lon="-48.905487">
        <ele>493</ele>
      </trkpt>
      <trkpt lat="-27.591361" lon="-48.905575">
        <ele>493</ele>
      </trkpt>
      <trkpt lat="-27.591314" lon="-48.905999">
        <ele>494.5</ele>
      </trkpt>
      <trkpt lat="-27.591283" lon="-48.906042">
        <ele>494.5</ele>
      </trkpt>
      <trkpt lat="-27.591259" lon="-48.90614">
        <ele>495</ele>
      </trkpt>
      <trkpt lat="-27.591172" lon="-48.90627">
        <ele>494.5</ele>
      </trkpt>
      <trkpt lat="-27.591103" lon="-48.906338">
        <ele>493.5</ele>
      </trkpt>
      <trkpt lat="-27.590992" lon="-48.906385">
        <ele>491.25</ele>
      </trkpt>
      <trkpt lat="-27.591094" lon="-48.906415">
        <ele>494</ele>
      </trkpt>
      <trkpt lat="-27.591144" lon="-48.90644">
        <ele>495.5</ele>
      </trkpt>
      <trkpt lat="-27.591204" lon="-48.906493">
        <ele>497.75</ele>
      </trkpt>
      <trkpt lat="-27.590971" lon="-48.907195">
        <ele>494.5</ele>
      </trkpt>
      <trkpt lat="-27.590881" lon="-48.907376">
        <ele>493.25</ele>
      </trkpt>
      <trkpt lat="-27.590877" lon="-48.907473">
        <ele>493.5</ele>
      </trkpt>
      <trkpt lat="-27.590909" lon="-48.907571">
        <ele>494.5</ele>
      </trkpt>
      <trkpt lat="-27.590989" lon="-48.907683">
        <ele>496</ele>
      </trkpt>
      <trkpt lat="-27.59106" lon="-48.907764">
        <ele>497.25</ele>
      </trkpt>
      <trkpt lat="-27.591115" lon="-48.907835">
        <ele>498.25</ele>
      </trkpt>
      <trkpt lat="-27.591161" lon="-48.907941">
        <ele>498.75</ele>
      </trkpt>
      <trkpt lat="-27.591157" lon="-48.908145">
        <ele>498.75</ele>
      </trkpt>
      <trkpt lat="-27.591133" lon="-48.908585">
        <ele>502</ele>
      </trkpt>
      <trkpt lat="-27.591116" lon="-48.908735">
        <ele>504</ele>
      </trkpt>
      <trkpt lat="-27.591062" lon="-48.908855">
        <ele>505</ele>
      </trkpt>
      <trkpt lat="-27.590943" lon="-48.909016">
        <ele>505</ele>
      </trkpt>
      <trkpt lat="-27.59084" lon="-48.909204">
        <ele>505</ele>
      </trkpt>
      <trkpt lat="-27.590774" lon="-48.909411">
        <ele>504.75</ele>
      </trkpt>
      <trkpt lat="-27.590762" lon="-48.909561">
        <ele>505.25</ele>
      </trkpt>
      <trkpt lat="-27.590786" lon="-48.90966">
        <ele>505.75</ele>
      </trkpt>
      <trkpt lat="-27.590814" lon="-48.909759">
        <ele>506.25</ele>
      </trkpt>
      <trkpt lat="-27.590864" lon="-48.909853">
        <ele>507</ele>
      </trkpt>
      <trkpt lat="-27.591109" lon="-48.910242">
        <ele>512.25</ele>
      </trkpt>
      <trkpt lat="-27.591114" lon="-48.910331">
        <ele>512.25</ele>
      </trkpt>
      <trkpt lat="-27.591085" lon="-48.910427">
        <ele>512</ele>
      </trkpt>
      <trkpt lat="-27.590957" lon="-48.910588">
        <ele>510.75</ele>
      </trkpt>
      <trkpt lat="-27.590044" lon="-48.911379">
        <ele>518.25</ele>
      </trkpt>
      <trkpt lat="-27.589887" lon="-48.911578">
        <ele>519.25</ele>
      </trkpt>
      <trkpt lat="-27.589771" lon="-48.911755">
        <ele>521.5</ele>
      </trkpt>
      <trkpt lat="-27.589683" lon="-48.911819">
        <ele>522.5</ele>
      </trkpt>
      <trkpt lat="-27.589601" lon="-48.911855">
        <ele>523</ele>
      </trkpt>
      <trkpt lat="-27.589479" lon="-48.911977">
        <ele>523.75</ele>
      </trkpt>
      <trkpt lat="-27.589421" lon="-48.912074">
        <ele>524.25</ele>
      </trkpt>
      <trkpt lat="-27.589412" lon="-48.912179">
        <ele>524.75</ele>
      </trkpt>
      <trkpt lat="-27.589455" lon="-48.91235">
        <ele>526.25</ele>
      </trkpt>
      <trkpt lat="-27.589469" lon="-48.912619">
        <ele>529</ele>
      </trkpt>
      <trkpt lat="-27.58946" lon="-48.912919">
        <ele>532.5</ele>
      </trkpt>
      <trkpt lat="-27.589431" lon="-48.91301">
        <ele>533</ele>
      </trkpt>
      <trkpt lat="-27.589372" lon="-48.913139">
        <ele>533.25</ele>
      </trkpt>
      <trkpt lat="-27.589127" lon="-48.913539">
        <ele>531.75</ele>
      </trkpt>
      <trkpt lat="-27.58907" lon="-48.913675">
        <ele>532.25</ele>
      </trkpt>
      <trkpt lat="-27.58906" lon="-48.913761">
        <ele>532.5</ele>
      </trkpt>
      <trkpt lat="-27.58907" lon="-48.913852">
        <ele>532.75</ele>
      </trkpt>
      <trkpt lat="-27.589122" lon="-48.913976">
        <ele>533.25</ele>
      </trkpt>
      <trkpt lat="-27.589293" lon="-48.914177">
        <ele>536</ele>
      </trkpt>
      <trkpt lat="-27.589436" lon="-48.914311">
        <ele>537.75</ele>
      </trkpt>
      <trkpt lat="-27.589547" lon="-48.914375">
        <ele>539.25</ele>
      </trkpt>
      <trkpt lat="-27.589814" lon="-48.914445">
        <ele>542.75</ele>
      </trkpt>
      <trkpt lat="-27.589906" lon="-48.914517">
        <ele>543.5</ele>
      </trkpt>
      <trkpt lat="-27.590127" lon="-48.914708">
        <ele>546</ele>
      </trkpt>
      <trkpt lat="-27.590229" lon="-48.914805">
        <ele>547</ele>
      </trkpt>
      <trkpt lat="-27.590351" lon="-48.914874">
        <ele>548.75</ele>
      </trkpt>
      <trkpt lat="-27.590493" lon="-48.914928">
        <ele>550.75</ele>
      </trkpt>
      <trkpt lat="-27.590705" lon="-48.915092">
        <ele>553.75</ele>
      </trkpt>
      <trkpt lat="-27.590793" lon="-48.915127">
        <ele>555.5</ele>
      </trkpt>
      <trkpt lat="-27.590905" lon="-48.915191">
        <ele>558.25</ele>
      </trkpt>
      <trkpt lat="-27.59099" lon="-48.915264">
        <ele>560.75</ele>
      </trkpt>
      <trkpt lat="-27.591045" lon="-48.915299">
        <ele>562.5</ele>
      </trkpt>
      <trkpt lat="-27.591065" lon="-48.915334">
        <ele>563.25</ele>
      </trkpt>
      <trkpt lat="-27.591104" lon="-48.915397">
        <ele>564.75</ele>
      </trkpt>
      <trkpt lat="-27.591157" lon="-48.915633">
        <ele>568</ele>
      </trkpt>
      <trkpt lat="-27.591176" lon="-48.915848">
        <ele>570.5</ele>
      </trkpt>
      <trkpt lat="-27.591157" lon="-48.916089">
        <ele>572.75</ele>
      </trkpt>
      <trkpt lat="-27.591104" lon="-48.916325">
        <ele>574</ele>
      </trkpt>
      <trkpt lat="-27.590819" lon="-48.917028">
        <ele>574</ele>
      </trkpt>
      <trkpt lat="-27.590795" lon="-48.917109">
        <ele>574.5</ele>
      </trkpt>
      <trkpt lat="-27.5908" lon="-48.917184">
        <ele>575.5</ele>
      </trkpt>
      <trkpt lat="-27.590828" lon="-48.917312">
        <ele>577.5</ele>
      </trkpt>
      <trkpt lat="-27.590902" lon="-48.917999">
        <ele>588.75</ele>
      </trkpt>
      <trkpt lat="-27.590905" lon="-48.9182">
        <ele>591.5</ele>
      </trkpt>
      <trkpt lat="-27.590886" lon="-48.91846">
        <ele>592.75</ele>
      </trkpt>
      <trkpt lat="-27.5908" lon="-48.918552">
        <ele>590.25</ele>
      </trkpt>
      <trkpt lat="-27.590667" lon="-48.918578">
        <ele>586.75</ele>
      </trkpt>
      <trkpt lat="-27.590391" lon="-48.91868">
        <ele>580.25</ele>
      </trkpt>
      <trkpt lat="-27.590327" lon="-48.918747">
        <ele>579.25</ele>
      </trkpt>
      <trkpt lat="-27.59032" lon="-48.918825">
        <ele>579.5</ele>
      </trkpt>
      <trkpt lat="-27.59035" lon="-48.918912">
        <ele>580.75</ele>
      </trkpt>
      <trkpt lat="-27.590429" lon="-48.918997">
        <ele>583</ele>
      </trkpt>
      <trkpt lat="-27.590736" lon="-48.919211">
        <ele>590</ele>
      </trkpt>
      <trkpt lat="-27.590857" lon="-48.919321">
        <ele>592.5</ele>
      </trkpt>
      <trkpt lat="-27.59099" lon="-48.919501">
        <ele>596.25</ele>
      </trkpt>
      <trkpt lat="-27.591064" lon="-48.919555">
        <ele>598.25</ele>
      </trkpt>
      <trkpt lat="-27.591152" lon="-48.9196">
        <ele>600.5</ele>
      </trkpt>
      <trkpt lat="-27.591328" lon="-48.919641">
        <ele>605</ele>
      </trkpt>
      <trkpt lat="-27.59143" lon="-48.919705">
        <ele>607.25</ele>
      </trkpt>
      <trkpt lat="-27.591466" lon="-48.919772">
        <ele>607.75</ele>
      </trkpt>
      <trkpt lat="-27.59148" lon="-48.920182">
        <ele>610</ele>
      </trkpt>
      <trkpt lat="-27.591439" lon="-48.920306">
        <ele>611.25</ele>
      </trkpt>
      <trkpt lat="-27.591216" lon="-48.920646">
        <ele>610</ele>
      </trkpt>
      <trkpt lat="-27.590966" lon="-48.921376">
        <ele>619</ele>
      </trkpt>
      <trkpt lat="-27.590895" lon="-48.92144">
        <ele>617.5</ele>
      </trkpt>
      <trkpt lat="-27.590807" lon="-48.921467">
        <ele>615.5</ele>
      </trkpt>
      <trkpt lat="-27.590616" lon="-48.921463">
        <ele>615</ele>
      </trkpt>
      <trkpt lat="-27.590452" lon="-48.921492">
        <ele>615.5</ele>
      </trkpt>
      <trkpt lat="-27.590229" lon="-48.921588">
        <ele>617.75</ele>
      </trkpt>
      <trkpt lat="-27.590004" lon="-48.921738">
        <ele>623.25</ele>
      </trkpt>
      <trkpt lat="-27.589821" lon="-48.921832">
        <ele>625.75</ele>
      </trkpt>
      <trkpt lat="-27.58968" lon="-48.921889">
        <ele>626.75</ele>
      </trkpt>
      <trkpt lat="-27.589488" lon="-48.921961">
        <ele>627.25</ele>
      </trkpt>
      <trkpt lat="-27.589105" lon="-48.922083">
        <ele>626.75</ele>
      </trkpt>
      <trkpt lat="-27.588971" lon="-48.922074">
        <ele>626</ele>
      </trkpt>
      <trkpt lat="-27.588755" lon="-48.922002">
        <ele>623.75</ele>
      </trkpt>
      <trkpt lat="-27.588612" lon="-48.921978">
        <ele>622.75</ele>
      </trkpt>
      <trkpt lat="-27.588507" lon="-48.922017">
        <ele>623.25</ele>
      </trkpt>
      <trkpt lat="-27.588451" lon="-48.922102">
        <ele>624.5</ele>
      </trkpt>
      <trkpt lat="-27.588434" lon="-48.922191">
        <ele>626</ele>
      </trkpt>
      <trkpt lat="-27.58844" lon="-48.922325">
        <ele>628.25</ele>
      </trkpt>
      <trkpt lat="-27.588436" lon="-48.92246">
        <ele>630.25</ele>
      </trkpt>
      <trkpt lat="-27.588304" lon="-48.922784">
        <ele>632</ele>
      </trkpt>
      <trkpt lat="-27.588273" lon="-48.922897">
        <ele>633</ele>
      </trkpt>
      <trkpt lat="-27.588265" lon="-48.923018">
        <ele>633.75</ele>
      </trkpt>
      <trkpt lat="-27.58828" lon="-48.923165">
        <ele>635</ele>
      </trkpt>
      <trkpt lat="-27.588333" lon="-48.923347">
        <ele>636</ele>
      </trkpt>
      <trkpt lat="-27.588434" lon="-48.9236">
        <ele>637.25</ele>
      </trkpt>
      <trkpt lat="-27.588452" lon="-48.923728">
        <ele>637.5</ele>
      </trkpt>
      <trkpt lat="-27.588437" lon="-48.923846">
        <ele>637.5</ele>
      </trkpt>
      <trkpt lat="-27.588366" lon="-48.923954">
        <ele>637</ele>
      </trkpt>
      <trkpt lat="-27.58828" lon="-48.924002">
        <ele>637</ele>
      </trkpt>
      <trkpt lat="-27.588181" lon="-48.924013">
        <ele>637.5</ele>
      </trkpt>
      <trkpt lat="-27.588019" lon="-48.924042">
        <ele>638.5</ele>
      </trkpt>
      <trkpt lat="-27.587833" lon="-48.924053">
        <ele>639.75</ele>
      </trkpt>
      <trkpt lat="-27.587634" lon="-48.924054">
        <ele>640.75</ele>
      </trkpt>
      <trkpt lat="-27.587035" lon="-48.924141">
        <ele>642.25</ele>
      </trkpt>
      <trkpt lat="-27.586928" lon="-48.924183">
        <ele>642.75</ele>
      </trkpt>
      <trkpt lat="-27.586802" lon="-48.924297">
        <ele>644</ele>
      </trkpt>
      <trkpt lat="-27.586193" lon="-48.924884">
        <ele>649.75</ele>
      </trkpt>
      <trkpt lat="-27.586077" lon="-48.92497">
        <ele>650.5</ele>
      </trkpt>
      <trkpt lat="-27.585917" lon="-48.92508">
        <ele>653.5</ele>
      </trkpt>
      <trkpt lat="-27.585471" lon="-48.925219">
        <ele>658.25</ele>
      </trkpt>
      <trkpt lat="-27.585087" lon="-48.925328">
        <ele>660.25</ele>
      </trkpt>
      <trkpt lat="-27.585041" lon="-48.925349">
        <ele>660.75</ele>
      </trkpt>
      <trkpt lat="-27.584992" lon="-48.925371">
        <ele>660.75</ele>
      </trkpt>
      <trkpt lat="-27.584933" lon="-48.92544">
        <ele>662.5</ele>
      </trkpt>
      <trkpt lat="-27.5849" lon="-48.925541">
        <ele>664.25</ele>
      </trkpt>
      <trkpt lat="-27.584886" lon="-48.926228">
        <ele>672.25</ele>
      </trkpt>
      <trkpt lat="-27.584871" lon="-48.9264">
        <ele>674</ele>
      </trkpt>
      <trkpt lat="-27.584791" lon="-48.926732">
        <ele>678</ele>
      </trkpt>
      <trkpt lat="-27.584776" lon="-48.926824">
        <ele>679.5</ele>
      </trkpt>
      <trkpt lat="-27.584776" lon="-48.927135">
        <ele>685</ele>
      </trkpt>
      <trkpt lat="-27.584753" lon="-48.927279">
        <ele>687.25</ele>
      </trkpt>
      <trkpt lat="-27.584691" lon="-48.927376">
        <ele>688.25</ele>
      </trkpt>
      <trkpt lat="-27.584567" lon="-48.927515">
        <ele>688.75</ele>
      </trkpt>
      <trkpt lat="-27.584507" lon="-48.927613">
        <ele>688.5</ele>
      </trkpt>
      <trkpt lat="-27.584424" lon="-48.927816">
        <ele>688.75</ele>
      </trkpt>
      <trkpt lat="-27.584391" lon="-48.927939">
        <ele>689</ele>
      </trkpt>
      <trkpt lat="-27.58442" lon="-48.928331">
        <ele>691.5</ele>
      </trkpt>
      <trkpt lat="-27.584439" lon="-48.928427">
        <ele>693</ele>
      </trkpt>
      <trkpt lat="-27.584562" lon="-48.928621">
        <ele>697</ele>
      </trkpt>
      <trkpt lat="-27.584577" lon="-48.928685">
        <ele>697.75</ele>
      </trkpt>
      <trkpt lat="-27.584558" lon="-48.928771">
        <ele>698.75</ele>
      </trkpt>
      <trkpt lat="-27.584486" lon="-48.928851">
        <ele>699.25</ele>
      </trkpt>
      <trkpt lat="-27.584374" lon="-48.928911">
        <ele>699.25</ele>
      </trkpt>
      <trkpt lat="-27.583998" lon="-48.929029">
        <ele>700</ele>
      </trkpt>
      <trkpt lat="-27.583873" lon="-48.929098">
        <ele>700.25</ele>
      </trkpt>
      <trkpt lat="-27.583773" lon="-48.929211">
        <ele>700.25</ele>
      </trkpt>
      <trkpt lat="-27.583707" lon="-48.929339">
        <ele>698.75</ele>
      </trkpt>
      <trkpt lat="-27.583602" lon="-48.929608">
        <ele>695</ele>
      </trkpt>
      <trkpt lat="-27.583507" lon="-48.929822">
        <ele>690.5</ele>
      </trkpt>
      <trkpt lat="-27.583497" lon="-48.929897">
        <ele>689.25</ele>
      </trkpt>
      <trkpt lat="-27.583516" lon="-48.929988">
        <ele>688.5</ele>
      </trkpt>
      <trkpt lat="-27.583559" lon="-48.930053">
        <ele>688</ele>
      </trkpt>
      <trkpt lat="-27.583685" lon="-48.930176">
        <ele>687.75</ele>
      </trkpt>
      <trkpt lat="-27.583997" lon="-48.930348">
        <ele>690.5</ele>
      </trkpt>
      <trkpt lat="-27.584111" lon="-48.930402">
        <ele>691.5</ele>
      </trkpt>
      <trkpt lat="-27.584353" lon="-48.930493">
        <ele>693.25</ele>
      </trkpt>
      <trkpt lat="-27.584405" lon="-48.930536">
        <ele>693</ele>
      </trkpt>
      <trkpt lat="-27.584443" lon="-48.930589">
        <ele>692</ele>
      </trkpt>
      <trkpt lat="-27.584529" lon="-48.930788">
        <ele>687.75</ele>
      </trkpt>
      <trkpt lat="-27.584572" lon="-48.930858">
        <ele>687.25</ele>
      </trkpt>
      <trkpt lat="-27.584859" lon="-48.931045">
        <ele>692.25</ele>
      </trkpt>
      <trkpt lat="-27.584971" lon="-48.931145">
        <ele>693.25</ele>
      </trkpt>
      <trkpt lat="-27.585066" lon="-48.931249">
        <ele>691.75</ele>
      </trkpt>
      <trkpt lat="-27.585114" lon="-48.931346">
        <ele>690</ele>
      </trkpt>
      <trkpt lat="-27.585147" lon="-48.93148">
        <ele>688</ele>
      </trkpt>
      <trkpt lat="-27.585166" lon="-48.931598">
        <ele>686.5</ele>
      </trkpt>
      <trkpt lat="-27.585157" lon="-48.931689">
        <ele>685.75</ele>
      </trkpt>
      <trkpt lat="-27.585099" lon="-48.931824">
        <ele>687.75</ele>
      </trkpt>
      <trkpt lat="-27.584995" lon="-48.931968">
        <ele>689.75</ele>
      </trkpt>
      <trkpt lat="-27.584691" lon="-48.932247">
        <ele>685</ele>
      </trkpt>
      <trkpt lat="-27.584631" lon="-48.932327">
        <ele>683.75</ele>
      </trkpt>
      <trkpt lat="-27.584622" lon="-48.932397">
        <ele>683.75</ele>
      </trkpt>
      <trkpt lat="-27.584638" lon="-48.932521">
        <ele>685</ele>
      </trkpt>
      <trkpt lat="-27.584634" lon="-48.932649">
        <ele>687.25</ele>
      </trkpt>
      <trkpt lat="-27.584615" lon="-48.932778">
        <ele>689</ele>
      </trkpt>
      <trkpt lat="-27.584558" lon="-48.932912">
        <ele>689.75</ele>
      </trkpt>
      <trkpt lat="-27.584436" lon="-48.933044">
        <ele>688.75</ele>
      </trkpt>
      <trkpt lat="-27.584355" lon="-48.933095">
        <ele>687.75</ele>
      </trkpt>
      <trkpt lat="-27.584252" lon="-48.933122">
        <ele>685.5</ele>
      </trkpt>
      <trkpt lat="-27.583996" lon="-48.933068">
        <ele>679.75</ele>
      </trkpt>
      <trkpt lat="-27.583849" lon="-48.933049">
        <ele>677.25</ele>
      </trkpt>
      <trkpt lat="-27.583678" lon="-48.933049">
        <ele>675.25</ele>
      </trkpt>
      <trkpt lat="-27.583532" lon="-48.933066">
        <ele>673.75</ele>
      </trkpt>
      <trkpt lat="-27.583407" lon="-48.933145">
        <ele>674</ele>
      </trkpt>
      <trkpt lat="-27.583233" lon="-48.933296">
        <ele>676.5</ele>
      </trkpt>
      <trkpt lat="-27.583141" lon="-48.933336">
        <ele>677</ele>
      </trkpt>
      <trkpt lat="-27.582857" lon="-48.933331">
        <ele>675.5</ele>
      </trkpt>
      <trkpt lat="-27.582784" lon="-48.933371">
        <ele>674.75</ele>
      </trkpt>
      <trkpt lat="-27.582744" lon="-48.933424">
        <ele>674</ele>
      </trkpt>
      <trkpt lat="-27.582713" lon="-48.933524">
        <ele>672.75</ele>
      </trkpt>
      <trkpt lat="-27.582722" lon="-48.933615">
        <ele>671.75</ele>
      </trkpt>
      <trkpt lat="-27.582765" lon="-48.933685">
        <ele>671.25</ele>
      </trkpt>
      <trkpt lat="-27.583186" lon="-48.934044">
        <ele>671.25</ele>
      </trkpt>
      <trkpt lat="-27.583321" lon="-48.934178">
        <ele>671.75</ele>
      </trkpt>
      <trkpt lat="-27.583395" lon="-48.934234">
        <ele>672.75</ele>
      </trkpt>
      <trkpt lat="-27.583466" lon="-48.934259">
        <ele>674.25</ele>
      </trkpt>
      <trkpt lat="-27.583573" lon="-48.93428">
        <ele>676.75</ele>
      </trkpt>
      <trkpt lat="-27.58368" lon="-48.934315">
        <ele>679</ele>
      </trkpt>
      <trkpt lat="-27.583761" lon="-48.934395">
        <ele>680.75</ele>
      </trkpt>
      <trkpt lat="-27.583851" lon="-48.934511">
        <ele>682.5</ele>
      </trkpt>
      <trkpt lat="-27.583897" lon="-48.934602">
        <ele>683.25</ele>
      </trkpt>
      <trkpt lat="-27.583882" lon="-48.934747">
        <ele>682.5</ele>
      </trkpt>
      <trkpt lat="-27.58373" lon="-48.935026">
        <ele>678</ele>
      </trkpt>
      <trkpt lat="-27.583589" lon="-48.935107">
        <ele>676.25</ele>
      </trkpt>
      <trkpt lat="-27.58345" lon="-48.935114">
        <ele>672.75</ele>
      </trkpt>
      <trkpt lat="-27.583224" lon="-48.935066">
        <ele>665.5</ele>
      </trkpt>
      <trkpt lat="-27.583135" lon="-48.935069">
        <ele>663.25</ele>
      </trkpt>
      <trkpt lat="-27.583053" lon="-48.935152">
        <ele>664</ele>
      </trkpt>
      <trkpt lat="-27.582782" lon="-48.935618">
        <ele>672.25</ele>
      </trkpt>
      <trkpt lat="-27.582701" lon="-48.935683">
        <ele>672.25</ele>
      </trkpt>
      <trkpt lat="-27.582615" lon="-48.935712">
        <ele>671</ele>
      </trkpt>
      <trkpt lat="-27.582458" lon="-48.935659">
        <ele>665.75</ele>
      </trkpt>
      <trkpt lat="-27.582101" lon="-48.935563">
        <ele>658.25</ele>
      </trkpt>
      <trkpt lat="-27.581925" lon="-48.935552">
        <ele>655.75</ele>
      </trkpt>
      <trkpt lat="-27.581771" lon="-48.935597">
        <ele>654.75</ele>
      </trkpt>
      <trkpt lat="-27.581477" lon="-48.935734">
        <ele>648.75</ele>
      </trkpt>
      <trkpt lat="-27.581353" lon="-48.93582">
        <ele>645</ele>
      </trkpt>
      <trkpt lat="-27.581263" lon="-48.935997">
        <ele>641.75</ele>
      </trkpt>
      <trkpt lat="-27.581226" lon="-48.936086">
        <ele>640.5</ele>
      </trkpt>
      <trkpt lat="-27.581056" lon="-48.936259">
        <ele>633.5</ele>
      </trkpt>
      <trkpt lat="-27.581003" lon="-48.936327">
        <ele>631.25</ele>
      </trkpt>
      <trkpt lat="-27.581001" lon="-48.936396">
        <ele>631.25</ele>
      </trkpt>
      <trkpt lat="-27.58103" lon="-48.936469">
        <ele>632.5</ele>
      </trkpt>
      <trkpt lat="-27.581201" lon="-48.936721">
        <ele>640.25</ele>
      </trkpt>
      <trkpt lat="-27.581282" lon="-48.936817">
        <ele>643.25</ele>
      </trkpt>
      <trkpt lat="-27.581453" lon="-48.936938">
        <ele>649.5</ele>
      </trkpt>
      <trkpt lat="-27.581491" lon="-48.937013">
        <ele>650.25</ele>
      </trkpt>
      <trkpt lat="-27.58151" lon="-48.937198">
        <ele>649</ele>
      </trkpt>
      <trkpt lat="-27.581504" lon="-48.937591">
        <ele>644.25</ele>
      </trkpt>
      <trkpt lat="-27.581467" lon="-48.93766">
        <ele>642.25</ele>
      </trkpt>
      <trkpt lat="-27.58141" lon="-48.937717">
        <ele>640</ele>
      </trkpt>
      <trkpt lat="-27.581289" lon="-48.937817">
        <ele>636</ele>
      </trkpt>
      <trkpt lat="-27.58121" lon="-48.937923">
        <ele>633.5</ele>
      </trkpt>
      <trkpt lat="-27.581162" lon="-48.938037">
        <ele>632</ele>
      </trkpt>
      <trkpt lat="-27.581172" lon="-48.938106">
        <ele>632</ele>
      </trkpt>
      <trkpt lat="-27.58121" lon="-48.938223">
        <ele>632</ele>
      </trkpt>
      <trkpt lat="-27.58127" lon="-48.93831">
        <ele>632.25</ele>
      </trkpt>
      <trkpt lat="-27.581334" lon="-48.938381">
        <ele>631.25</ele>
      </trkpt>
      <trkpt lat="-27.58144" lon="-48.938448">
        <ele>630</ele>
      </trkpt>
      <trkpt lat="-27.581962" lon="-48.938618">
        <ele>630.25</ele>
      </trkpt>
      <trkpt lat="-27.582052" lon="-48.938695">
        <ele>628.75</ele>
      </trkpt>
      <trkpt lat="-27.582118" lon="-48.938802">
        <ele>626</ele>
      </trkpt>
      <trkpt lat="-27.582218" lon="-48.939135">
        <ele>616</ele>
      </trkpt>
      <trkpt lat="-27.582271" lon="-48.939231">
        <ele>614.25</ele>
      </trkpt>
      <trkpt lat="-27.582348" lon="-48.939297">
        <ele>613.75</ele>
      </trkpt>
      <trkpt lat="-27.582607" lon="-48.939422">
        <ele>613</ele>
      </trkpt>
      <trkpt lat="-27.582756" lon="-48.939471">
        <ele>612.5</ele>
      </trkpt>
      <trkpt lat="-27.583205" lon="-48.939537">
        <ele>613.75</ele>
      </trkpt>
      <trkpt lat="-27.583327" lon="-48.93953">
        <ele>614.5</ele>
      </trkpt>
      <trkpt lat="-27.583575" lon="-48.9395">
        <ele>618.75</ele>
      </trkpt>
      <trkpt lat="-27.583644" lon="-48.939517">
        <ele>619.5</ele>
      </trkpt>
      <trkpt lat="-27.583715" lon="-48.939561">
        <ele>619.5</ele>
      </trkpt>
      <trkpt lat="-27.583832" lon="-48.939677">
        <ele>618.75</ele>
      </trkpt>
      <trkpt lat="-27.583903" lon="-48.939716">
        <ele>618.5</ele>
      </trkpt>
      <trkpt lat="-27.583987" lon="-48.939747">
        <ele>618.75</ele>
      </trkpt>
      <trkpt lat="-27.584743" lon="-48.939907">
        <ele>616.5</ele>
      </trkpt>
      <trkpt lat="-27.584863" lon="-48.939948">
        <ele>615</ele>
      </trkpt>
      <trkpt lat="-27.585213" lon="-48.940171">
        <ele>612.5</ele>
      </trkpt>
      <trkpt lat="-27.585266" lon="-48.940253">
        <ele>612.75</ele>
      </trkpt>
      <trkpt lat="-27.58529" lon="-48.940347">
        <ele>612.75</ele>
      </trkpt>
      <trkpt lat="-27.585272" lon="-48.94044">
        <ele>613.25</ele>
      </trkpt>
      <trkpt lat="-27.585217" lon="-48.94052">
        <ele>614.25</ele>
      </trkpt>
      <trkpt lat="-27.585164" lon="-48.94057">
        <ele>614.75</ele>
      </trkpt>
      <trkpt lat="-27.584823" lon="-48.940566">
        <ele>618.25</ele>
      </trkpt>
      <trkpt lat="-27.584753" lon="-48.940583">
        <ele>619.25</ele>
      </trkpt>
      <trkpt lat="-27.58472" lon="-48.940627">
        <ele>620.25</ele>
      </trkpt>
      <trkpt lat="-27.584687" lon="-48.940933">
        <ele>624.5</ele>
      </trkpt>
      <trkpt lat="-27.584715" lon="-48.941066">
        <ele>626.25</ele>
      </trkpt>
      <trkpt lat="-27.5849" lon="-48.941301">
        <ele>627.5</ele>
      </trkpt>
      <trkpt lat="-27.58492" lon="-48.941378">
        <ele>628.5</ele>
      </trkpt>
      <trkpt lat="-27.584919" lon="-48.941667">
        <ele>633.5</ele>
      </trkpt>
      <trkpt lat="-27.584868" lon="-48.942016">
        <ele>636.25</ele>
      </trkpt>
      <trkpt lat="-27.584911" lon="-48.94215">
        <ele>637</ele>
      </trkpt>
      <trkpt lat="-27.585015" lon="-48.942344">
        <ele>637.75</ele>
      </trkpt>
      <trkpt lat="-27.585052" lon="-48.942493">
        <ele>639.25</ele>
      </trkpt>
      <trkpt lat="-27.585052" lon="-48.942708">
        <ele>643</ele>
      </trkpt>
      <trkpt lat="-27.585076" lon="-48.942895">
        <ele>646.5</ele>
      </trkpt>
      <trkpt lat="-27.585138" lon="-48.943013">
        <ele>649.25</ele>
      </trkpt>
      <trkpt lat="-27.585204" lon="-48.943206">
        <ele>654</ele>
      </trkpt>
      <trkpt lat="-27.585228" lon="-48.943448">
        <ele>657.5</ele>
      </trkpt>
      <trkpt lat="-27.58528" lon="-48.94362">
        <ele>659.5</ele>
      </trkpt>
      <trkpt lat="-27.585356" lon="-48.943786">
        <ele>662.25</ele>
      </trkpt>
      <trkpt lat="-27.585518" lon="-48.943915">
        <ele>666.5</ele>
      </trkpt>
      <trkpt lat="-27.58557" lon="-48.944027">
        <ele>668.75</ele>
      </trkpt>
      <trkpt lat="-27.585608" lon="-48.944161">
        <ele>670.75</ele>
      </trkpt>
      <trkpt lat="-27.585585" lon="-48.944322">
        <ele>674.25</ele>
      </trkpt>
      <trkpt lat="-27.58548" lon="-48.94459">
        <ele>679.25</ele>
      </trkpt>
      <trkpt lat="-27.585404" lon="-48.944719">
        <ele>681.5</ele>
      </trkpt>
      <trkpt lat="-27.585304" lon="-48.94481">
        <ele>682.25</ele>
      </trkpt>
      <trkpt lat="-27.585138" lon="-48.944875">
        <ele>681.25</ele>
      </trkpt>
      <trkpt lat="-27.585006" lon="-48.944908">
        <ele>680</ele>
      </trkpt>
      <trkpt lat="-27.58484" lon="-48.944859">
        <ele>679.5</ele>
      </trkpt>
      <trkpt lat="-27.584676" lon="-48.944757">
        <ele>677.5</ele>
      </trkpt>
      <trkpt lat="-27.584469" lon="-48.944548">
        <ele>674.25</ele>
      </trkpt>
      <trkpt lat="-27.584345" lon="-48.944473">
        <ele>673.75</ele>
      </trkpt>
      <trkpt lat="-27.584177" lon="-48.944473">
        <ele>675.75</ele>
      </trkpt>
      <trkpt lat="-27.583982" lon="-48.944558">
        <ele>671</ele>
      </trkpt>
      <trkpt lat="-27.583868" lon="-48.944692">
        <ele>669.5</ele>
      </trkpt>
      <trkpt lat="-27.583802" lon="-48.944934">
        <ele>671.5</ele>
      </trkpt>
      <trkpt lat="-27.583722" lon="-48.945283">
        <ele>673.75</ele>
      </trkpt>
      <trkpt lat="-27.58357" lon="-48.945417">
        <ele>670.25</ele>
      </trkpt>
      <trkpt lat="-27.583516" lon="-48.945513">
        <ele>669.75</ele>
      </trkpt>
      <trkpt lat="-27.583615" lon="-48.945917">
        <ele>677.75</ele>
      </trkpt>
      <trkpt lat="-27.58363" lon="-48.94598">
        <ele>678.5</ele>
      </trkpt>
      <trkpt lat="-27.583711" lon="-48.946135">
        <ele>681</ele>
      </trkpt>
      <trkpt lat="-27.583811" lon="-48.946259">
        <ele>683.5</ele>
      </trkpt>
      <trkpt lat="-27.583997" lon="-48.946436">
        <ele>686.75</ele>
      </trkpt>
      <trkpt lat="-27.584158" lon="-48.946538">
        <ele>689</ele>
      </trkpt>
      <trkpt lat="-27.584405" lon="-48.946661">
        <ele>696.75</ele>
      </trkpt>
      <trkpt lat="-27.584496" lon="-48.94672">
        <ele>700.25</ele>
      </trkpt>
      <trkpt lat="-27.584577" lon="-48.946806">
        <ele>703.75</ele>
      </trkpt>
      <trkpt lat="-27.584619" lon="-48.946967">
        <ele>706</ele>
      </trkpt>
      <trkpt lat="-27.584629" lon="-48.947165">
        <ele>707.5</ele>
      </trkpt>
      <trkpt lat="-27.584605" lon="-48.947337">
        <ele>707.25</ele>
      </trkpt>
      <trkpt lat="-27.584534" lon="-48.947503">
        <ele>704.75</ele>
      </trkpt>
      <trkpt lat="-27.584448" lon="-48.947584">
        <ele>702</ele>
      </trkpt>
      <trkpt lat="-27.584306" lon="-48.94768">
        <ele>697.5</ele>
      </trkpt>
      <trkpt lat="-27.584239" lon="-48.947793">
        <ele>696.75</ele>
      </trkpt>
      <trkpt lat="-27.584215" lon="-48.947911">
        <ele>698.25</ele>
      </trkpt>
      <trkpt lat="-27.584215" lon="-48.948002">
        <ele>700</ele>
      </trkpt>
      <trkpt lat="-27.584249" lon="-48.948109">
        <ele>703.25</ele>
      </trkpt>
      <trkpt lat="-27.584339" lon="-48.948228">
        <ele>708.5</ele>
      </trkpt>
      <trkpt lat="-27.584358" lon="-48.948312">
        <ele>710.75</ele>
      </trkpt>
      <trkpt lat="-27.58436" lon="-48.948393">
        <ele>713.25</ele>
      </trkpt>
      <trkpt lat="-27.58432" lon="-48.948512">
        <ele>716.5</ele>
      </trkpt>
      <trkpt lat="-27.584225" lon="-48.948576">
        <ele>716.5</ele>
      </trkpt>
      <trkpt lat="-27.58402" lon="-48.948603">
        <ele>717</ele>
      </trkpt>
      <trkpt lat="-27.583735" lon="-48.948689">
        <ele>722.5</ele>
      </trkpt>
      <trkpt lat="-27.583599" lon="-48.948706">
        <ele>724.25</ele>
      </trkpt>
      <trkpt lat="-27.583027" lon="-48.948469">
        <ele>721.25</ele>
      </trkpt>
      <trkpt lat="-27.582557" lon="-48.94818">
        <ele>722.5</ele>
      </trkpt>
      <trkpt lat="-27.582361" lon="-48.948088">
        <ele>722.5</ele>
      </trkpt>
      <trkpt lat="-27.58219" lon="-48.948072">
        <ele>724</ele>
      </trkpt>
      <trkpt lat="-27.581958" lon="-48.948105">
        <ele>727.75</ele>
      </trkpt>
      <trkpt lat="-27.581776" lon="-48.948088">
        <ele>729.25</ele>
      </trkpt>
      <trkpt lat="-27.581591" lon="-48.948083">
        <ele>731.25</ele>
      </trkpt>
      <trkpt lat="-27.581459" lon="-48.948137">
        <ele>734.5</ele>
      </trkpt>
      <trkpt lat="-27.581361" lon="-48.948231">
        <ele>738.75</ele>
      </trkpt>
      <trkpt lat="-27.581352" lon="-48.94829">
        <ele>740.75</ele>
      </trkpt>
      <trkpt lat="-27.581348" lon="-48.948319">
        <ele>741.75</ele>
      </trkpt>
      <trkpt lat="-27.581373" lon="-48.948438">
        <ele>742.5</ele>
      </trkpt>
      <trkpt lat="-27.581439" lon="-48.948523">
        <ele>742.5</ele>
      </trkpt>
      <trkpt lat="-27.581602" lon="-48.948625">
        <ele>741.75</ele>
      </trkpt>
      <trkpt lat="-27.581714" lon="-48.948678">
        <ele>741.25</ele>
      </trkpt>
      <trkpt lat="-27.581786" lon="-48.948753">
        <ele>742</ele>
      </trkpt>
      <trkpt lat="-27.581871" lon="-48.949081">
        <ele>746.25</ele>
      </trkpt>
      <trkpt lat="-27.581962" lon="-48.949182">
        <ele>747.25</ele>
      </trkpt>
      <trkpt lat="-27.582296" lon="-48.94943">
        <ele>741.75</ele>
      </trkpt>
      <trkpt lat="-27.582372" lon="-48.949505">
        <ele>740</ele>
      </trkpt>
      <trkpt lat="-27.582415" lon="-48.949591">
        <ele>738</ele>
      </trkpt>
      <trkpt lat="-27.582508" lon="-48.949713">
        <ele>735.25</ele>
      </trkpt>
      <trkpt lat="-27.582903" lon="-48.94996">
        <ele>737.5</ele>
      </trkpt>
      <trkpt lat="-27.583145" lon="-48.950191">
        <ele>735</ele>
      </trkpt>
      <trkpt lat="-27.583359" lon="-48.950365">
        <ele>732.25</ele>
      </trkpt>
      <trkpt lat="-27.583652" lon="-48.950604">
        <ele>727.5</ele>
      </trkpt>
      <trkpt lat="-27.584011" lon="-48.950792">
        <ele>727.25</ele>
      </trkpt>
      <trkpt lat="-27.584244" lon="-48.951012">
        <ele>724.75</ele>
      </trkpt>
      <trkpt lat="-27.584325" lon="-48.95114">
        <ele>722.5</ele>
      </trkpt>
      <trkpt lat="-27.584363" lon="-48.951296">
        <ele>718.75</ele>
      </trkpt>
      <trkpt lat="-27.584414" lon="-48.951381">
        <ele>717.25</ele>
      </trkpt>
      <trkpt lat="-27.584496" lon="-48.951484">
        <ele>716.25</ele>
      </trkpt>
      <trkpt lat="-27.584543" lon="-48.951559">
        <ele>715.25</ele>
      </trkpt>
      <trkpt lat="-27.584565" lon="-48.951621">
        <ele>714.25</ele>
      </trkpt>
      <trkpt lat="-27.584586" lon="-48.951682">
        <ele>713.25</ele>
      </trkpt>
      <trkpt lat="-27.584586" lon="-48.951806">
        <ele>712</ele>
      </trkpt>
      <trkpt lat="-27.584553" lon="-48.951993">
        <ele>709.5</ele>
      </trkpt>
      <trkpt lat="-27.584548" lon="-48.952133">
        <ele>708</ele>
      </trkpt>
      <trkpt lat="-27.584558" lon="-48.952525">
        <ele>704.5</ele>
      </trkpt>
      <trkpt lat="-27.584548" lon="-48.952605">
        <ele>703.5</ele>
      </trkpt>
      <trkpt lat="-27.584491" lon="-48.952787">
        <ele>700.25</ele>
      </trkpt>
      <trkpt lat="-27.584477" lon="-48.952873">
        <ele>699.25</ele>
      </trkpt>
      <trkpt lat="-27.584496" lon="-48.953093">
        <ele>697.5</ele>
      </trkpt>
      <trkpt lat="-27.584477" lon="-48.953211">
        <ele>696</ele>
      </trkpt>
      <trkpt lat="-27.584429" lon="-48.953318">
        <ele>694</ele>
      </trkpt>
      <trkpt lat="-27.584084" lon="-48.953846">
        <ele>693.75</ele>
      </trkpt>
      <trkpt lat="-27.583982" lon="-48.953951">
        <ele>693.5</ele>
      </trkpt>
      <trkpt lat="-27.583897" lon="-48.954005">
        <ele>693</ele>
      </trkpt>
      <trkpt lat="-27.583516" lon="-48.954123">
        <ele>688.25</ele>
      </trkpt>
      <trkpt lat="-27.583483" lon="-48.954139">
        <ele>688</ele>
      </trkpt>
      <trkpt lat="-27.583345" lon="-48.954203">
        <ele>686.25</ele>
      </trkpt>
      <trkpt lat="-27.583164" lon="-48.954316">
        <ele>684.25</ele>
      </trkpt>
      <trkpt lat="-27.583033" lon="-48.954365">
        <ele>682.75</ele>
      </trkpt>
      <trkpt lat="-27.582881" lon="-48.954397">
        <ele>680.5</ele>
      </trkpt>
      <trkpt lat="-27.582553" lon="-48.954419">
        <ele>675.25</ele>
      </trkpt>
      <trkpt lat="-27.582501" lon="-48.954443">
        <ele>674.5</ele>
      </trkpt>
      <trkpt lat="-27.582437" lon="-48.954472">
        <ele>674.25</ele>
      </trkpt>
      <trkpt lat="-27.582351" lon="-48.954547">
        <ele>673.75</ele>
      </trkpt>
      <trkpt lat="-27.581605" lon="-48.955668">
        <ele>666.25</ele>
      </trkpt>
      <trkpt lat="-27.581548" lon="-48.955781">
        <ele>666.25</ele>
      </trkpt>
      <trkpt lat="-27.5815" lon="-48.95591">
        <ele>666.75</ele>
      </trkpt>
      <trkpt lat="-27.581443" lon="-48.956178">
        <ele>669.75</ele>
      </trkpt>
      <trkpt lat="-27.58141" lon="-48.956285">
        <ele>670.75</ele>
      </trkpt>
      <trkpt lat="-27.581329" lon="-48.956403">
        <ele>671.5</ele>
      </trkpt>
      <trkpt lat="-27.581229" lon="-48.956478">
        <ele>671</ele>
      </trkpt>
      <trkpt lat="-27.581096" lon="-48.956537">
        <ele>670</ele>
      </trkpt>
      <trkpt lat="-27.580987" lon="-48.956612">
        <ele>669.5</ele>
      </trkpt>
      <trkpt lat="-27.580611" lon="-48.957058">
        <ele>667</ele>
      </trkpt>
      <trkpt lat="-27.580568" lon="-48.957149">
        <ele>666.75</ele>
      </trkpt>
      <trkpt lat="-27.58054" lon="-48.957262">
        <ele>666.75</ele>
      </trkpt>
      <trkpt lat="-27.580526" lon="-48.957446">
        <ele>667</ele>
      </trkpt>
      <trkpt lat="-27.580521" lon="-48.957508">
        <ele>667.25</ele>
      </trkpt>
      <trkpt lat="-27.580483" lon="-48.957648">
        <ele>666.5</ele>
      </trkpt>
      <trkpt lat="-27.58043" lon="-48.957771">
        <ele>665.5</ele>
      </trkpt>
      <trkpt lat="-27.580331" lon="-48.957921">
        <ele>663.25</ele>
      </trkpt>
      <trkpt lat="-27.580288" lon="-48.958029">
        <ele>662.25</ele>
      </trkpt>
      <trkpt lat="-27.580293" lon="-48.958152">
        <ele>662.5</ele>
      </trkpt>
      <trkpt lat="-27.580459" lon="-48.958677">
        <ele>665.5</ele>
      </trkpt>
      <trkpt lat="-27.580483" lon="-48.958801">
        <ele>665.5</ele>
      </trkpt>
      <trkpt lat="-27.580488" lon="-48.95893">
        <ele>665.25</ele>
      </trkpt>
      <trkpt lat="-27.580478" lon="-48.959048">
        <ele>664.5</ele>
      </trkpt>
      <trkpt lat="-27.58034" lon="-48.960115">
        <ele>656.25</ele>
      </trkpt>
      <trkpt lat="-27.580236" lon="-48.960823">
        <ele>649.75</ele>
      </trkpt>
      <trkpt lat="-27.580226" lon="-48.960963">
        <ele>649</ele>
      </trkpt>
      <trkpt lat="-27.580255" lon="-48.961102">
        <ele>648.75</ele>
      </trkpt>
      <trkpt lat="-27.580321" lon="-48.961263">
        <ele>648.5</ele>
      </trkpt>
      <trkpt lat="-27.580411" lon="-48.961414">
        <ele>648.75</ele>
      </trkpt>
      <trkpt lat="-27.580725" lon="-48.961842">
        <ele>649</ele>
      </trkpt>
      <trkpt lat="-27.580782" lon="-48.961939">
        <ele>648.75</ele>
      </trkpt>
      <trkpt lat="-27.580825" lon="-48.962052">
        <ele>648</ele>
      </trkpt>
      <trkpt lat="-27.581034" lon="-48.962851">
        <ele>644.5</ele>
      </trkpt>
      <trkpt lat="-27.581063" lon="-48.962983">
        <ele>644.25</ele>
      </trkpt>
      <trkpt lat="-27.581191" lon="-48.963724">
        <ele>646.25</ele>
      </trkpt>
      <trkpt lat="-27.58121" lon="-48.963827">
        <ele>646.75</ele>
      </trkpt>
      <trkpt lat="-27.58122" lon="-48.963956">
        <ele>647.25</ele>
      </trkpt>
      <trkpt lat="-27.581225" lon="-48.964106">
        <ele>648</ele>
      </trkpt>
      <trkpt lat="-27.58122" lon="-48.964246">
        <ele>649</ele>
      </trkpt>
      <trkpt lat="-27.581205" lon="-48.964402">
        <ele>650</ele>
      </trkpt>
      <trkpt lat="-27.581139" lon="-48.964779">
        <ele>652.75</ele>
      </trkpt>
      <trkpt lat="-27.58112" lon="-48.964884">
        <ele>653.5</ele>
      </trkpt>
      <trkpt lat="-27.58112" lon="-48.964975">
        <ele>654</ele>
      </trkpt>
      <trkpt lat="-27.581144" lon="-48.965066">
        <ele>654.25</ele>
      </trkpt>
      <trkpt lat="-27.581803" lon="-48.966037">
        <ele>652.75</ele>
      </trkpt>
      <trkpt lat="-27.582085" lon="-48.966451">
        <ele>656.75</ele>
      </trkpt>
      <trkpt lat="-27.582199" lon="-48.966638">
        <ele>657.75</ele>
      </trkpt>
      <trkpt lat="-27.582223" lon="-48.966689">
        <ele>658</ele>
      </trkpt>
      <trkpt lat="-27.58229" lon="-48.966831">
        <ele>659.5</ele>
      </trkpt>
      <trkpt lat="-27.582356" lon="-48.967019">
        <ele>661.25</ele>
      </trkpt>
      <trkpt lat="-27.582399" lon="-48.96718">
        <ele>662.5</ele>
      </trkpt>
      <trkpt lat="-27.582399" lon="-48.967346">
        <ele>663</ele>
      </trkpt>
      <trkpt lat="-27.582375" lon="-48.967464">
        <ele>663</ele>
      </trkpt>
      <trkpt lat="-27.582323" lon="-48.967556">
        <ele>662.25</ele>
      </trkpt>
      <trkpt lat="-27.582223" lon="-48.967652">
        <ele>660.5</ele>
      </trkpt>
      <trkpt lat="-27.582142" lon="-48.967749">
        <ele>659.25</ele>
      </trkpt>
      <trkpt lat="-27.581695" lon="-48.968516">
        <ele>649.25</ele>
      </trkpt>
      <trkpt lat="-27.581643" lon="-48.968634">
        <ele>648.75</ele>
      </trkpt>
      <trkpt lat="-27.581624" lon="-48.968784">
        <ele>649.25</ele>
      </trkpt>
      <trkpt lat="-27.581638" lon="-48.968934">
        <ele>649.5</ele>
      </trkpt>
      <trkpt lat="-27.581691" lon="-48.969074">
        <ele>650.75</ele>
      </trkpt>
      <trkpt lat="-27.581757" lon="-48.969277">
        <ele>653.5</ele>
      </trkpt>
      <trkpt lat="-27.581781" lon="-48.969396">
        <ele>654.25</ele>
      </trkpt>
      <trkpt lat="-27.58179" lon="-48.96953">
        <ele>654.25</ele>
      </trkpt>
      <trkpt lat="-27.581762" lon="-48.969648">
        <ele>652.5</ele>
      </trkpt>
      <trkpt lat="-27.581681" lon="-48.969819">
        <ele>648.25</ele>
      </trkpt>
      <trkpt lat="-27.581581" lon="-48.969948">
        <ele>646.75</ele>
      </trkpt>
      <trkpt lat="-27.581544" lon="-48.969984">
        <ele>646.5</ele>
      </trkpt>
      <trkpt lat="-27.581486" lon="-48.970039">
        <ele>646.25</ele>
      </trkpt>
      <trkpt lat="-27.581434" lon="-48.970114">
        <ele>646.25</ele>
      </trkpt>
      <trkpt lat="-27.581424" lon="-48.970243">
        <ele>646.25</ele>
      </trkpt>
      <trkpt lat="-27.581472" lon="-48.97056">
        <ele>647.25</ele>
      </trkpt>
      <trkpt lat="-27.581467" lon="-48.970667">
        <ele>647.25</ele>
      </trkpt>
      <trkpt lat="-27.581424" lon="-48.970785">
        <ele>646.75</ele>
      </trkpt>
      <trkpt lat="-27.581348" lon="-48.970898">
        <ele>646.75</ele>
      </trkpt>
      <trkpt lat="-27.581253" lon="-48.97101">
        <ele>647</ele>
      </trkpt>
      <trkpt lat="-27.581185" lon="-48.97105">
        <ele>646.25</ele>
      </trkpt>
      <trkpt lat="-27.581096" lon="-48.971102">
        <ele>644.75</ele>
      </trkpt>
      <trkpt lat="-27.580859" lon="-48.97115">
        <ele>639.5</ele>
      </trkpt>
      <trkpt lat="-27.580725" lon="-48.971214">
        <ele>639</ele>
      </trkpt>
      <trkpt lat="-27.580621" lon="-48.971305">
        <ele>638.75</ele>
      </trkpt>
      <trkpt lat="-27.580573" lon="-48.971402">
        <ele>638.75</ele>
      </trkpt>
      <trkpt lat="-27.580554" lon="-48.971509">
        <ele>638.5</ele>
      </trkpt>
      <trkpt lat="-27.580549" lon="-48.972013">
        <ele>640.25</ele>
      </trkpt>
      <trkpt lat="-27.580497" lon="-48.972265">
        <ele>640</ele>
      </trkpt>
      <trkpt lat="-27.580454" lon="-48.972383">
        <ele>639</ele>
      </trkpt>
      <trkpt lat="-27.580388" lon="-48.97248">
        <ele>636.75</ele>
      </trkpt>
      <trkpt lat="-27.580226" lon="-48.972636">
        <ele>629.75</ele>
      </trkpt>
      <trkpt lat="-27.580169" lon="-48.972732">
        <ele>626.75</ele>
      </trkpt>
      <trkpt lat="-27.58015" lon="-48.972834">
        <ele>625.25</ele>
      </trkpt>
      <trkpt lat="-27.580174" lon="-48.972925">
        <ele>625.25</ele>
      </trkpt>
      <trkpt lat="-27.58024" lon="-48.97299">
        <ele>626.75</ele>
      </trkpt>
      <trkpt lat="-27.580487" lon="-48.973119">
        <ele>633.5</ele>
      </trkpt>
      <trkpt lat="-27.580545" lon="-48.973177">
        <ele>634.75</ele>
      </trkpt>
      <trkpt lat="-27.58082" lon="-48.973628">
        <ele>640.25</ele>
      </trkpt>
      <trkpt lat="-27.580868" lon="-48.973719">
        <ele>641</ele>
      </trkpt>
      <trkpt lat="-27.580868" lon="-48.9738">
        <ele>640.5</ele>
      </trkpt>
      <trkpt lat="-27.580816" lon="-48.973864">
        <ele>639</ele>
      </trkpt>
      <trkpt lat="-27.580678" lon="-48.973923">
        <ele>636.75</ele>
      </trkpt>
      <trkpt lat="-27.580521" lon="-48.973939">
        <ele>634.75</ele>
      </trkpt>
      <trkpt lat="-27.580345" lon="-48.973902">
        <ele>632</ele>
      </trkpt>
      <trkpt lat="-27.580102" lon="-48.9738">
        <ele>626.75</ele>
      </trkpt>
      <trkpt lat="-27.57986" lon="-48.97366">
        <ele>621</ele>
      </trkpt>
      <trkpt lat="-27.579741" lon="-48.973607">
        <ele>619.5</ele>
      </trkpt>
      <trkpt lat="-27.579589" lon="-48.97358">
        <ele>618.25</ele>
      </trkpt>
      <trkpt lat="-27.579523" lon="-48.973589">
        <ele>617.75</ele>
      </trkpt>
      <trkpt lat="-27.579446" lon="-48.973601">
        <ele>617.5</ele>
      </trkpt>
      <trkpt lat="-27.579299" lon="-48.97366">
        <ele>616.5</ele>
      </trkpt>
      <trkpt lat="-27.579215" lon="-48.97373">
        <ele>615.75</ele>
      </trkpt>
      <trkpt lat="-27.57908" lon="-48.973843">
        <ele>615.5</ele>
      </trkpt>
      <trkpt lat="-27.578838" lon="-48.974084">
        <ele>614.5</ele>
      </trkpt>
      <trkpt lat="-27.578747" lon="-48.974213">
        <ele>613.75</ele>
      </trkpt>
      <trkpt lat="-27.57869" lon="-48.974363">
        <ele>613.5</ele>
      </trkpt>
      <trkpt lat="-27.578652" lon="-48.97454">
        <ele>613</ele>
      </trkpt>
      <trkpt lat="-27.578652" lon="-48.97469">
        <ele>612.75</ele>
      </trkpt>
      <trkpt lat="-27.578681" lon="-48.974846">
        <ele>613</ele>
      </trkpt>
      <trkpt lat="-27.578942" lon="-48.976015">
        <ele>609.75</ele>
      </trkpt>
      <trkpt lat="-27.578942" lon="-48.976155">
        <ele>610.25</ele>
      </trkpt>
      <trkpt lat="-27.578899" lon="-48.976294">
        <ele>610</ele>
      </trkpt>
      <trkpt lat="-27.578866" lon="-48.976335">
        <ele>609.5</ele>
      </trkpt>
      <trkpt lat="-27.578828" lon="-48.97638">
        <ele>609.25</ele>
      </trkpt>
      <trkpt lat="-27.578704" lon="-48.976445">
        <ele>607.5</ele>
      </trkpt>
      <trkpt lat="-27.578576" lon="-48.97646">
        <ele>605.75</ele>
      </trkpt>
      <trkpt lat="-27.578129" lon="-48.976493">
        <ele>598.5</ele>
      </trkpt>
      <trkpt lat="-27.577939" lon="-48.976493">
        <ele>595</ele>
      </trkpt>
      <trkpt lat="-27.577806" lon="-48.976525">
        <ele>592.25</ele>
      </trkpt>
      <trkpt lat="-27.577525" lon="-48.976643">
        <ele>584</ele>
      </trkpt>
      <trkpt lat="-27.577292" lon="-48.976884">
        <ele>580.75</ele>
      </trkpt>
      <trkpt lat="-27.577173" lon="-48.976938">
        <ele>578.75</ele>
      </trkpt>
      <trkpt lat="-27.577073" lon="-48.976922">
        <ele>576.75</ele>
      </trkpt>
      <trkpt lat="-27.576893" lon="-48.976809">
        <ele>573.75</ele>
      </trkpt>
      <trkpt lat="-27.576779" lon="-48.976799">
        <ele>572</ele>
      </trkpt>
      <trkpt lat="-27.576669" lon="-48.976852">
        <ele>569.75</ele>
      </trkpt>
      <trkpt lat="-27.576608" lon="-48.976943">
        <ele>569</ele>
      </trkpt>
      <trkpt lat="-27.576579" lon="-48.977158">
        <ele>567.25</ele>
      </trkpt>
      <trkpt lat="-27.576589" lon="-48.977287">
        <ele>566.25</ele>
      </trkpt>
      <trkpt lat="-27.57656" lon="-48.977389">
        <ele>565</ele>
      </trkpt>
      <trkpt lat="-27.576503" lon="-48.977517">
        <ele>562.5</ele>
      </trkpt>
      <trkpt lat="-27.576479" lon="-48.977614">
        <ele>559.25</ele>
      </trkpt>
      <trkpt lat="-27.576498" lon="-48.977727">
        <ele>556.25</ele>
      </trkpt>
      <trkpt lat="-27.576665" lon="-48.977903">
        <ele>555.75</ele>
      </trkpt>
      <trkpt lat="-27.576731" lon="-48.978043">
        <ele>554</ele>
      </trkpt>
      <trkpt lat="-27.576774" lon="-48.978161">
        <ele>552</ele>
      </trkpt>
      <trkpt lat="-27.57685" lon="-48.978263">
        <ele>551.5</ele>
      </trkpt>
      <trkpt lat="-27.576945" lon="-48.978327">
        <ele>552.5</ele>
      </trkpt>
      <trkpt lat="-27.577606" lon="-48.978649">
        <ele>551.25</ele>
      </trkpt>
      <trkpt lat="-27.578315" lon="-48.979094">
        <ele>539</ele>
      </trkpt>
      <trkpt lat="-27.578429" lon="-48.979153">
        <ele>538.25</ele>
      </trkpt>
      <trkpt lat="-27.578795" lon="-48.979234">
        <ele>543.25</ele>
      </trkpt>
      <trkpt lat="-27.578898" lon="-48.979263">
        <ele>544.25</ele>
      </trkpt>
      <trkpt lat="-27.578976" lon="-48.979293">
        <ele>544.5</ele>
      </trkpt>
      <trkpt lat="-27.579099" lon="-48.979374">
        <ele>543</ele>
      </trkpt>
      <trkpt lat="-27.57918" lon="-48.979443">
        <ele>540.5</ele>
      </trkpt>
      <trkpt lat="-27.579304" lon="-48.97947">
        <ele>539</ele>
      </trkpt>
      <trkpt lat="-27.579641" lon="-48.979389">
        <ele>543.75</ele>
      </trkpt>
      <trkpt lat="-27.579784" lon="-48.979406">
        <ele>542.75</ele>
      </trkpt>
      <trkpt lat="-27.580117" lon="-48.979475">
        <ele>539.5</ele>
      </trkpt>
      <trkpt lat="-27.581253" lon="-48.979867">
        <ele>521</ele>
      </trkpt>
      <trkpt lat="-27.581646" lon="-48.97997">
        <ele>515.75</ele>
      </trkpt>
      <trkpt lat="-27.58171" lon="-48.97999">
        <ele>515.75</ele>
      </trkpt>
      <trkpt lat="-27.581814" lon="-48.980046">
        <ele>516.25</ele>
      </trkpt>
      <trkpt lat="-27.581858" lon="-48.980137">
        <ele>514.25</ele>
      </trkpt>
      <trkpt lat="-27.581828" lon="-48.980253">
        <ele>509.5</ele>
      </trkpt>
      <trkpt lat="-27.581773" lon="-48.980355">
        <ele>505</ele>
      </trkpt>
      <trkpt lat="-27.581686" lon="-48.980477">
        <ele>499.25</ele>
      </trkpt>
      <trkpt lat="-27.581626" lon="-48.980557">
        <ele>496</ele>
      </trkpt>
      <trkpt lat="-27.581624" lon="-48.980667">
        <ele>492.5</ele>
      </trkpt>
      <trkpt lat="-27.581656" lon="-48.980744">
        <ele>490.5</ele>
      </trkpt>
      <trkpt lat="-27.581753" lon="-48.980815">
        <ele>489.25</ele>
      </trkpt>
      <trkpt lat="-27.581905" lon="-48.980871">
        <ele>488.75</ele>
      </trkpt>
      <trkpt lat="-27.582057" lon="-48.980865">
        <ele>490.25</ele>
      </trkpt>
      <trkpt lat="-27.582256" lon="-48.9808">
        <ele>495</ele>
      </trkpt>
      <trkpt lat="-27.582367" lon="-48.980772">
        <ele>497.5</ele>
      </trkpt>
      <trkpt lat="-27.582449" lon="-48.980778">
        <ele>498</ele>
      </trkpt>
      <trkpt lat="-27.582502" lon="-48.98086">
        <ele>494.5</ele>
      </trkpt>
      <trkpt lat="-27.582498" lon="-48.980998">
        <ele>487.75</ele>
      </trkpt>
      <trkpt lat="-27.582443" lon="-48.981101">
        <ele>482.5</ele>
      </trkpt>
      <trkpt lat="-27.582334" lon="-48.981177">
        <ele>478.25</ele>
      </trkpt>
      <trkpt lat="-27.581998" lon="-48.981217">
        <ele>475.5</ele>
      </trkpt>
      <trkpt lat="-27.581831" lon="-48.981272">
        <ele>473</ele>
      </trkpt>
      <trkpt lat="-27.581645" lon="-48.981396">
        <ele>468</ele>
      </trkpt>
      <trkpt lat="-27.581461" lon="-48.981532">
        <ele>462</ele>
      </trkpt>
      <trkpt lat="-27.581318" lon="-48.98161">
        <ele>458.5</ele>
      </trkpt>
      <trkpt lat="-27.581239" lon="-48.981605">
        <ele>458.25</ele>
      </trkpt>
      <trkpt lat="-27.58112" lon="-48.981552">
        <ele>459</ele>
      </trkpt>
      <trkpt lat="-27.581034" lon="-48.981444">
        <ele>461.5</ele>
      </trkpt>
      <trkpt lat="-27.580907" lon="-48.981355">
        <ele>463</ele>
      </trkpt>
      <trkpt lat="-27.580788" lon="-48.981322">
        <ele>463.25</ele>
      </trkpt>
      <trkpt lat="-27.58072" lon="-48.98134">
        <ele>462.75</ele>
      </trkpt>
      <trkpt lat="-27.580625" lon="-48.981397">
        <ele>461.25</ele>
      </trkpt>
      <trkpt lat="-27.580515" lon="-48.981499">
        <ele>458.75</ele>
      </trkpt>
      <trkpt lat="-27.580464" lon="-48.98158">
        <ele>456.75</ele>
      </trkpt>
      <trkpt lat="-27.580439" lon="-48.981645">
        <ele>455.25</ele>
      </trkpt>
      <trkpt lat="-27.58042" lon="-48.981783">
        <ele>453</ele>
      </trkpt>
      <trkpt lat="-27.580433" lon="-48.981913">
        <ele>451.25</ele>
      </trkpt>
      <trkpt lat="-27.580459" lon="-48.98203">
        <ele>449.5</ele>
      </trkpt>
      <trkpt lat="-27.580517" lon="-48.982141">
        <ele>447.75</ele>
      </trkpt>
      <trkpt lat="-27.580578" lon="-48.982217">
        <ele>446.5</ele>
      </trkpt>
      <trkpt lat="-27.580663" lon="-48.982249">
        <ele>446.25</ele>
      </trkpt>
      <trkpt lat="-27.581115" lon="-48.982268">
        <ele>446</ele>
      </trkpt>
      <trkpt lat="-27.581369" lon="-48.982291">
        <ele>445.5</ele>
      </trkpt>
      <trkpt lat="-27.581569" lon="-48.982343">
        <ele>444.25</ele>
      </trkpt>
      <trkpt lat="-27.581694" lon="-48.982401">
        <ele>443</ele>
      </trkpt>
      <trkpt lat="-27.581795" lon="-48.982472">
        <ele>441.5</ele>
      </trkpt>
      <trkpt lat="-27.581845" lon="-48.982526">
        <ele>440.75</ele>
      </trkpt>
      <trkpt lat="-27.581886" lon="-48.98257">
        <ele>440.75</ele>
      </trkpt>
      <trkpt lat="-27.581948" lon="-48.98264">
        <ele>440.5</ele>
      </trkpt>
      <trkpt lat="-27.581975" lon="-48.98267">
        <ele>440.25</ele>
      </trkpt>
      <trkpt lat="-27.582074" lon="-48.982774">
        <ele>440.25</ele>
      </trkpt>
      <trkpt lat="-27.582084" lon="-48.982832">
        <ele>440</ele>
      </trkpt>
      <trkpt lat="-27.582093" lon="-48.982904">
        <ele>440</ele>
      </trkpt>
      <trkpt lat="-27.582113" lon="-48.982939">
        <ele>440</ele>
      </trkpt>
      <trkpt lat="-27.582148" lon="-48.982953">
        <ele>440</ele>
      </trkpt>
      <trkpt lat="-27.582167" lon="-48.98295">
        <ele>440</ele>
      </trkpt>
      <trkpt lat="-27.582248" lon="-48.98292">
        <ele>440.25</ele>
      </trkpt>
      <trkpt lat="-27.582328" lon="-48.982893">
        <ele>440.5</ele>
      </trkpt>
      <trkpt lat="-27.58289" lon="-48.982891">
        <ele>442.25</ele>
      </trkpt>
      <trkpt lat="-27.583182" lon="-48.982889">
        <ele>443.25</ele>
      </trkpt>
      <trkpt lat="-27.583825" lon="-48.982882">
        <ele>445</ele>
      </trkpt>
      <trkpt lat="-27.583892" lon="-48.98288">
        <ele>445.25</ele>
      </trkpt>
      <trkpt lat="-27.584086" lon="-48.982877">
        <ele>445.5</ele>
      </trkpt>
      <trkpt lat="-27.58429" lon="-48.982872">
        <ele>446.5</ele>
      </trkpt>
      <trkpt lat="-27.584293" lon="-48.982982">
        <ele>446.5</ele>
      </trkpt>
      <trkpt lat="-27.584296" lon="-48.983092">
        <ele>446.75</ele>
      </trkpt>
      <trkpt lat="-27.584308" lon="-48.983477">
        <ele>451.75</ele>
      </trkpt>
    </trkseg>
  </trk>
</gpx>
