<?xml version="1.0" encoding="UTF-8"?>
<gpx version="1.1" creator="DMD HUB GPX Planner"
     xmlns="http://www.topografix.com/GPX/1/1"
     xmlns:xsi="https://www.w3.org/2001/XMLSchema-instance"
     xmlns:rumo="https://www.rumoadventures.com/xmlschemas/GpxExtensions/v1"
     xmlns:gpxx="https://www.garmin.com/xmlschemas/GpxExtensions/v3"
     xmlns:dmd="https://dmdnavigation.com/ns/gpx/1"
     xsi:schemaLocation="http://www.topografix.com/GPX/1/1 http://www.topografix.com/GPX/1/1/gpx.xsd https://www.rumoadventures.com/xmlschemas/GpxExtensions/v1 https://www.rumoadventures.com/xmlschemas/GpxExtensions/v1.xsd https://www.garmin.com/xmlschemas/GpxExtensions/v3 https://www8.garmin.com/xmlschemas/GpxExtensionsv3.xsd https://dmdnavigation.com/ns/gpx/1 https://dmdnavigation.com/ns/gpx/1/dmd-gpx-1.xsd">
  <metadata>
    <name>Circuito Urubici: Rio do Rastro ao Corvo Branco</name>
    <desc>Rio do Rastro ao Corvo Branco</desc>
    <author>
      <name>victorbrca</name>
      <email id="victorbrca" domain="gmail.com"/>
      <link href="https://linktr.ee/victor_mendonca">
        <text>victorbrca</text>
      </link>
    </author>
    <link href="https://linktr.ee/victor_mendonca"/>
    <keywords>Brazil,RBB</keywords>
    <time>2026-04-23T19:15:36Z</time>
    <bounds minlat="-28.401829" minlon="-49.657160" maxlat="-27.949045" maxlon="-49.212782" />
  </metadata>
  <wpt lat="-28.030796" lon="-49.597711">
    <name>Mirante Urubici</name>
    <sym>Scenic</sym>
  </wpt>
  <wpt lat="-28.162612" lon="-49.612647">
    <name>Cemitério Histórico</name>
    <sym>Scenic Area</sym>
  </wpt>
  <wpt lat="-28.182812" lon="-49.57641">
    <name>Ponte</name>
    <sym>Bridge</sym>
  </wpt>
  <wpt lat="-28.174014" lon="-49.59637">
    <name>Mirante</name>
    <sym>Summit</sym>
  </wpt>
  <wpt lat="-28.15329" lon="-49.589719">
    <name>Mirante</name>
    <sym>Summit</sym>
  </wpt>
  <wpt lat="-28.209352" lon="-49.582751">
    <name>Ponte</name>
    <sym>Bridge</sym>
  </wpt>
  <wpt lat="-28.228525" lon="-49.603041">
    <name>Ponte ?</name>
    <sym>Bridge</sym>
  </wpt>
  <wpt lat="-28.231289" lon="-49.601577">
    <name>Igreja de Santa Bárbara</name>
    <sym>Building</sym>
  </wpt>
  <wpt lat="-28.013379222258" lon="-49.591976992047">
    <name>Posto</name>
    <sym>Fuel</sym>
  </wpt>
  <wpt lat="-28.34103277201" lon="-49.621855084662">
    <name>Posto Ipirella Ipiranga</name>
    <sym>Fuel</sym>
  </wpt>
  <wpt lat="-28.393416311794" lon="-49.549032100379">
    <name>Mirante Serra do Rio do Rastro</name>
    <sym>Scenic Area</sym>
  </wpt>
  <wpt lat="-28.39837711023" lon="-49.550768904136">
    <name>Mirante do Poste 55</name>
    <sym>Scenic</sym>
  </wpt>
  <wpt lat="-28.055612871689" lon="-49.367471163229">
    <name>Rachadura</name>
    <sym>Scenic Area</sym>
  </wpt>
  <wpt lat="-28.056005127789" lon="-49.366842319685">
    <name>Serra do Corvo Branco</name>
    <sym>Scenic Area</sym>
  </wpt>
  <wpt lat="-28.070305169798" lon="-49.564829850447">
    <name>Travessia de Rio</name>
    <sym>Water Crossing</sym>
  </wpt>
  <wpt lat="-28.069638888889" lon="-49.524277777778">
    <name>Mirante 2 - Cascata Véu de Noiva</name>
    <sym>Scenic</sym>
  </wpt>
  <wpt lat="-28.055113" lon="-49.489084">
    <name>Miradouro Morro da Igreja</name>
    <sym>Scenic</sym>
  </wpt>
  <wpt lat="-28.068938" lon="-49.519077">
    <name>Mirante 1 - Cascata Véu de Noiva</name>
    <sym>Scenic</sym>
  </wpt>
  <wpt lat="-28.035944251409" lon="-49.577308210355">
    <name>Ponte</name>
    <sym>default</sym>
  </wpt>
  <wpt lat="-28.069755" lon="-49.565136">
    <name>Rio</name>
    <sym>Swimming</sym>
  </wpt>
  <wpt lat="-28.065362" lon="-49.563769">
    <name>Mirante</name>
    <sym>Scenic</sym>
  </wpt>
  <wpt lat="-28.070346920942" lon="-49.564794839325">
    <name>Propriedade Particular</name>
    <sym>Circle with X</sym>
  </wpt>
  <wpt lat="-28.016259132442" lon="-49.37128045774">
    <name>Travessia de Rio</name>
    <sym>Water Crossing</sym>
  </wpt>
  <wpt lat="-28.016249250139" lon="-49.37126412042">
    <name>Ponte</name>
    <sym>default</sym>
  </wpt>
  <wpt lat="-28.023909501182" lon="-49.372563927595">
    <name>Camping</name>
    <sym>Campground</sym>
  </wpt>
  <wpt lat="-28.024049355334" lon="-49.372433869556">
    <name>Mirante Pedra da Águia</name>
    <sym>Scenic Area</sym>
  </wpt>
  <wpt lat="-27.990753" lon="-49.339846">
    <name>Mirante</name>
    <sym>Scenic</sym>
  </wpt>
  <wpt lat="-27.984100212446" lon="-49.319815992392">
    <name>Montanha do Sol</name>
    <sym>Lodging</sym>
  </wpt>
  <wpt lat="-27.984868218714" lon="-49.321291134611">
    <name>Balanço Infinito</name>
    <sym>Scenic Area</sym>
  </wpt>
  <wpt lat="-27.989950386357" lon="-49.342965813639">
    <name>Placa</name>
    <sym>default</sym>
  </wpt>
  <wpt lat="-27.990399369308" lon="-49.340567867">
    <name>Mirante</name>
    <sym>Scenic</sym>
  </wpt>
  <wpt lat="-27.992588507487" lon="-49.330486698449">
    <name>Camping</name>
    <sym>Campground</sym>
  </wpt>
  <wpt lat="-27.995266141928" lon="-49.333445523019">
    <name>Cachoeira do Adão</name>
    <sym>Scenic Area</sym>
  </wpt>
  <wpt lat="-27.997409337767" lon="-49.336032373164">
    <name>Cânion do Espraiado</name>
    <sym>Scenic Area</sym>
  </wpt>
  <wpt lat="-27.989567" lon="-49.537054">
    <name>Ponte</name>
    <sym>default</sym>
  </wpt>
  <wpt lat="-27.965296" lon="-49.433871">
    <name>Travessia de Rio</name>
    <sym>Water Crossing</sym>
  </wpt>
  <wpt lat="-27.953004" lon="-49.435234">
    <name>Travessia de Rio</name>
    <sym>Water Crossing</sym>
  </wpt>
  <wpt lat="-27.99032758189" lon="-49.582653945559">
    <name>Posto Lorenzetti</name>
    <sym>Fuel</sym>
  </wpt>
  <wpt lat="-28.187528576542" lon="-49.212782452849">
    <name>Posto do Jeca</name>
    <sym>Fuel</sym>
  </wpt>
  <wpt lat="-28.342551326509" lon="-49.627730808562">
    <name>Hospital Municipal Américo Caetano Amaral</name>
    <sym>Hospital</sym>
  </wpt>
  <wpt lat="-28.017197955354" lon="-49.592471953281">
    <name>Hospital São José</name>
    <sym>Hospital</sym>
  </wpt>
  <trk>
    <name>Rota</name>
    <number>1</number>
    <extensions>
      <gpxx:TrackExtension>
        <gpxx:DisplayColor>Red</gpxx:DisplayColor>
      </gpxx:TrackExtension>
      <dmd:PreRendered version="1" hash="sha256:df14316eb74dfb3f" profile="">
        <dmd:Surface>
          <dmd:S s="0" e="0" sf="" hw="" p="1"/>
          <dmd:S s="0" e="0" sf="" hw="" p="1"/>
          <dmd:S s="0" e="0" sf="" hw="" p="1"/>
          <dmd:S s="0" e="0" sf="" hw="" p="1"/>
          <dmd:S s="0" e="0" sf="" hw="" p="1"/>
          <dmd:S s="0" e="0" sf="" hw="" p="1"/>
          <dmd:S s="0" e="0" sf="" hw="" p="1"/>
          <dmd:S s="0" e="0" sf="" hw="" p="1"/>
          <dmd:S s="0" e="0" sf="" hw="" p="1"/>
          <dmd:S s="0" e="0" sf="" hw="" p="1"/>
          <dmd:S s="0" e="0" sf="" hw="" p="1"/>
          <dmd:S s="0" e="0" sf="" hw="" p="1"/>
          <dmd:S s="0" e="0" sf="" hw="" p="1"/>
          <dmd:S s="0" e="0" sf="" hw="" p="1"/>
          <dmd:S s="0" e="0" sf="" hw="" p="1"/>
          <dmd:S s="0" e="0" sf="" hw="" p="1"/>
          <dmd:S s="0" e="0" sf="" hw="" p="1"/>
          <dmd:S s="0" e="0" sf="" hw="" p="1"/>
          <dmd:S s="0" e="0" sf="" hw="" p="1"/>
          <dmd:S s="0" e="0" sf="" hw="" p="1"/>
          <dmd:S s="0" e="0" sf="" hw="" p="1"/>
          <dmd:S s="0" e="0" sf="" hw="" p="1"/>
          <dmd:S s="0" e="0" sf="" hw="" p="1"/>
          <dmd:S s="0" e="0" sf="" hw="" p="1"/>
          <dmd:S s="0" e="0" sf="" hw="" p="1"/>
          <dmd:S s="0" e="0" sf="" hw="" p="1"/>
          <dmd:S s="0" e="0" sf="" hw="" p="1"/>
          <dmd:S s="0" e="0" sf="" hw="" p="1"/>
          <dmd:S s="0" e="0" sf="" hw="" p="1"/>
          <dmd:S s="0" e="0" sf="" hw="" p="1"/>
          <dmd:S s="0" e="0" sf="" hw="" p="1"/>
          <dmd:S s="0" e="0" sf="" hw="" p="1"/>
          <dmd:S s="0" e="0" sf="" hw="" p="1"/>
          <dmd:S s="0" e="0" sf="" hw="" p="1"/>
          <dmd:S s="0" e="0" sf="" hw="" p="1"/>
          <dmd:S s="0" e="0" sf="" hw="" p="1"/>
          <dmd:S s="0" e="0" sf="" hw="" p="1"/>
          <dmd:S s="0" e="0" sf="" hw="" p="1"/>
          <dmd:S s="0" e="0" sf="" hw="" p="1"/>
          <dmd:S s="0" e="0" sf="" hw="" p="1"/>
          <dmd:S s="0" e="0" sf="" hw="" p="1"/>
          <dmd:S s="0" e="0" sf="" hw="" p="1"/>
          <dmd:S s="0" e="0" sf="" hw="" p="1"/>
          <dmd:S s="0" e="0" sf="" hw="" p="1"/>
          <dmd:S s="0" e="0" sf="" hw="" p="1"/>
          <dmd:S s="0" e="0" sf="" hw="" p="1"/>
          <dmd:S s="0" e="0" sf="" hw="" p="1"/>
          <dmd:S s="0" e="0" sf="" hw="" p="1"/>
          <dmd:S s="0" e="0" sf="" hw="" p="1"/>
          <dmd:S s="0" e="0" sf="" hw="" p="1"/>
          <dmd:S s="0" e="0" sf="" hw="" p="1"/>
          <dmd:S s="0" e="0" sf="" hw="" p="1"/>
          <dmd:S s="0" e="0" sf="" hw="" p="1"/>
          <dmd:S s="0" e="0" sf="" hw="" p="1"/>
          <dmd:S s="0" e="0" sf="" hw="" p="1"/>
          <dmd:S s="0" e="0" sf="" hw="" p="1"/>
          <dmd:S s="0" e="0" sf="" hw="" p="1"/>
          <dmd:S s="0" e="0" sf="" hw="" p="1"/>
          <dmd:S s="0" e="0" sf="" hw="" p="1"/>
          <dmd:S s="0" e="0" sf="" hw="" p="1"/>
          <dmd:S s="0" e="0" sf="" hw="" p="1"/>
          <dmd:S s="0" e="0" sf="" hw="" p="1"/>
          <dmd:S s="0" e="0" sf="" hw="" p="1"/>
          <dmd:S s="0" e="0" sf="" hw="" p="1"/>
          <dmd:S s="0" e="0" sf="" hw="" p="1"/>
          <dmd:S s="0" e="0" sf="" hw="" p="1"/>
          <dmd:S s="0" e="0" sf="" hw="" p="1"/>
          <dmd:S s="0" e="0" sf="" hw="" p="1"/>
          <dmd:S s="0" e="0" sf="" hw="" p="1"/>
          <dmd:S s="0" e="0" sf="" hw="" p="1"/>
          <dmd:S s="0" e="0" sf="" hw="" p="1"/>
          <dmd:S s="0" e="0" sf="" hw="" p="1"/>
          <dmd:S s="0" e="0" sf="" hw="" p="1"/>
          <dmd:S s="0" e="0" sf="" hw="" p="1"/>
          <dmd:S s="0" e="0" sf="" hw="" p="1"/>
          <dmd:S s="0" e="0" sf="" hw="" p="1"/>
          <dmd:S s="0" e="0" sf="" hw="" p="1"/>
          <dmd:S s="0" e="0" sf="" hw="" p="1"/>
          <dmd:S s="0" e="0" sf="" hw="" p="1"/>
          <dmd:S s="0" e="0" sf="" hw="" p="1"/>
          <dmd:S s="0" e="0" sf="" hw="" p="1"/>
          <dmd:S s="0" e="0" sf="" hw="" p="1"/>
          <dmd:S s="0" e="0" sf="" hw="" p="1"/>
          <dmd:S s="0" e="0" sf="" hw="" p="1"/>
          <dmd:S s="0" e="0" sf="" hw="" p="1"/>
          <dmd:S s="0" e="0" sf="" hw="" p="1"/>
          <dmd:S s="0" e="0" sf="" hw="" p="1"/>
          <dmd:S s="0" e="0" sf="" hw="" p="1"/>
          <dmd:S s="0" e="0" sf="" hw="" p="1"/>
          <dmd:S s="0" e="0" sf="" hw="" p="1"/>
          <dmd:S s="0" e="0" sf="" hw="" p="1"/>
          <dmd:S s="0" e="0" sf="" hw="" p="1"/>
          <dmd:S s="0" e="0" sf="" hw="" p="1"/>
          <dmd:S s="0" e="0" sf="" hw="" p="1"/>
          <dmd:S s="0" e="0" sf="" hw="" p="1"/>
          <dmd:S s="0" e="0" sf="" hw="" p="1"/>
          <dmd:S s="0" e="0" sf="" hw="" p="1"/>
          <dmd:S s="0" e="0" sf="" hw="" p="1"/>
          <dmd:S s="0" e="0" sf="" hw="" p="1"/>
          <dmd:S s="0" e="0" sf="" hw="" p="1"/>
          <dmd:S s="0" e="0" sf="" hw="" p="1"/>
          <dmd:S s="0" e="0" sf="" hw="" p="1"/>
          <dmd:S s="0" e="0" sf="" hw="" p="1"/>
          <dmd:S s="0" e="0" sf="" hw="" p="1"/>
          <dmd:S s="0" e="0" sf="" hw="" p="1"/>
          <dmd:S s="0" e="0" sf="" hw="" p="1"/>
          <dmd:S s="0" e="0" sf="" hw="" p="1"/>
          <dmd:S s="0" e="0" sf="" hw="" p="1"/>
          <dmd:S s="0" e="0" sf="" hw="" p="1"/>
          <dmd:S s="0" e="0" sf="" hw="" p="1"/>
          <dmd:S s="0" e="0" sf="" hw="" p="1"/>
          <dmd:S s="0" e="0" sf="" hw="" p="1"/>
          <dmd:S s="0" e="0" sf="" hw="" p="1"/>
          <dmd:S s="0" e="0" sf="" hw="" p="1"/>
          <dmd:S s="0" e="0" sf="" hw="" p="1"/>
          <dmd:S s="0" e="0" sf="" hw="" p="1"/>
          <dmd:S s="0" e="0" sf="" hw="" p="1"/>
          <dmd:S s="0" e="0" sf="" hw="" p="1"/>
          <dmd:S s="0" e="0" sf="" hw="" p="1"/>
          <dmd:S s="0" e="0" sf="" hw="" p="1"/>
          <dmd:S s="0" e="0" sf="" hw="" p="1"/>
          <dmd:S s="0" e="0" sf="" hw="" p="1"/>
          <dmd:S s="0" e="0" sf="" hw="" p="1"/>
          <dmd:S s="0" e="0" sf="" hw="" p="1"/>
          <dmd:S s="0" e="0" sf="" hw="" p="1"/>
          <dmd:S s="0" e="0" sf="" hw="" p="1"/>
          <dmd:S s="0" e="0" sf="" hw="" p="1"/>
          <dmd:S s="0" e="0" sf="" hw="" p="1"/>
          <dmd:S s="0" e="0" sf="" hw="" p="1"/>
          <dmd:S s="0" e="0" sf="" hw="" p="1"/>
          <dmd:S s="0" e="0" sf="" hw="" p="1"/>
          <dmd:S s="0" e="0" sf="" hw="" p="1"/>
          <dmd:S s="0" e="0" sf="" hw="" p="1"/>
          <dmd:S s="0" e="0" sf="" hw="" p="1"/>
          <dmd:S s="0" e="0" sf="" hw="" p="1"/>
          <dmd:S s="0" e="0" sf="" hw="" p="1"/>
          <dmd:S s="0" e="0" sf="" hw="" p="1"/>
          <dmd:S s="0" e="0" sf="" hw="" p="1"/>
          <dmd:S s="0" e="0" sf="" hw="" p="1"/>
          <dmd:S s="0" e="0" sf="" hw="" p="1"/>
          <dmd:S s="0" e="0" sf="" hw="" p="1"/>
          <dmd:S s="0" e="0" sf="" hw="" p="1"/>
          <dmd:S s="0" e="0" sf="" hw="" p="1"/>
          <dmd:S s="0" e="0" sf="" hw="" p="1"/>
          <dmd:S s="0" e="0" sf="" hw="" p="1"/>
          <dmd:S s="0" e="0" sf="" hw="" p="1"/>
          <dmd:S s="0" e="0" sf="" hw="" p="1"/>
          <dmd:S s="0" e="0" sf="" hw="" p="1"/>
          <dmd:S s="0" e="0" sf="" hw="" p="1"/>
          <dmd:S s="0" e="0" sf="" hw="" p="1"/>
          <dmd:S s="0" e="0" sf="" hw="" p="1"/>
          <dmd:S s="0" e="0" sf="" hw="" p="1"/>
          <dmd:S s="0" e="0" sf="" hw="" p="1"/>
          <dmd:S s="0" e="0" sf="" hw="" p="1"/>
          <dmd:S s="0" e="0" sf="" hw="" p="1"/>
          <dmd:S s="0" e="0" sf="" hw="" p="1"/>
          <dmd:S s="0" e="0" sf="" hw="" p="1"/>
          <dmd:S s="0" e="0" sf="" hw="" p="1"/>
          <dmd:S s="0" e="0" sf="" hw="" p="1"/>
          <dmd:S s="0" e="0" sf="" hw="" p="1"/>
          <dmd:S s="0" e="0" sf="" hw="" p="1"/>
          <dmd:S s="0" e="0" sf="" hw="" p="1"/>
          <dmd:S s="0" e="0" sf="" hw="" p="1"/>
          <dmd:S s="0" e="0" sf="" hw="" p="1"/>
          <dmd:S s="0" e="0" sf="" hw="" p="1"/>
          <dmd:S s="0" e="0" sf="" hw="" p="1"/>
          <dmd:S s="0" e="0" sf="" hw="" p="1"/>
          <dmd:S s="0" e="0" sf="" hw="" p="1"/>
          <dmd:S s="0" e="0" sf="" hw="" p="1"/>
          <dmd:S s="0" e="0" sf="" hw="" p="1"/>
          <dmd:S s="0" e="0" sf="" hw="" p="1"/>
          <dmd:S s="0" e="0" sf="" hw="" p="1"/>
          <dmd:S s="0" e="0" sf="" hw="" p="1"/>
          <dmd:S s="0" e="0" sf="" hw="" p="1"/>
          <dmd:S s="0" e="0" sf="" hw="" p="1"/>
          <dmd:S s="0" e="0" sf="" hw="" p="1"/>
          <dmd:S s="0" e="0" sf="" hw="" p="1"/>
          <dmd:S s="0" e="0" sf="" hw="" p="1"/>
          <dmd:S s="0" e="0" sf="" hw="" p="1"/>
          <dmd:S s="0" e="0" sf="" hw="" p="1"/>
          <dmd:S s="0" e="0" sf="" hw="" p="1"/>
          <dmd:S s="0" e="0" sf="" hw="" p="1"/>
          <dmd:S s="0" e="0" sf="" hw="" p="1"/>
          <dmd:S s="0" e="0" sf="" hw="" p="1"/>
          <dmd:S s="0" e="0" sf="" hw="" p="1"/>
          <dmd:S s="0" e="0" sf="" hw="" p="1"/>
          <dmd:S s="0" e="0" sf="" hw="" p="1"/>
          <dmd:S s="0" e="0" sf="" hw="" p="1"/>
          <dmd:S s="0" e="0" sf="" hw="" p="1"/>
          <dmd:S s="0" e="0" sf="" hw="" p="1"/>
          <dmd:S s="0" e="0" sf="" hw="" p="1"/>
          <dmd:S s="0" e="0" sf="" hw="" p="1"/>
          <dmd:S s="0" e="0" sf="" hw="" p="1"/>
          <dmd:S s="0" e="0" sf="" hw="" p="1"/>
          <dmd:S s="0" e="0" sf="" hw="" p="1"/>
          <dmd:S s="0" e="0" sf="" hw="" p="1"/>
          <dmd:S s="0" e="0" sf="" hw="" p="1"/>
          <dmd:S s="0" e="0" sf="" hw="" p="1"/>
          <dmd:S s="0" e="0" sf="" hw="" p="1"/>
          <dmd:S s="0" e="0" sf="" hw="" p="1"/>
          <dmd:S s="0" e="0" sf="" hw="" p="1"/>
          <dmd:S s="0" e="0" sf="" hw="" p="1"/>
          <dmd:S s="0" e="0" sf="" hw="" p="1"/>
          <dmd:S s="0" e="0" sf="" hw="" p="1"/>
          <dmd:S s="0" e="0" sf="" hw="" p="1"/>
          <dmd:S s="0" e="0" sf="" hw="" p="1"/>
          <dmd:S s="0" e="0" sf="" hw="" p="1"/>
          <dmd:S s="0" e="0" sf="" hw="" p="1"/>
          <dmd:S s="0" e="0" sf="" hw="" p="1"/>
          <dmd:S s="0" e="0" sf="" hw="" p="1"/>
          <dmd:S s="0" e="0" sf="" hw="" p="1"/>
          <dmd:S s="0" e="0" sf="" hw="" p="1"/>
          <dmd:S s="0" e="0" sf="" hw="" p="1"/>
          <dmd:S s="0" e="0" sf="" hw="" p="1"/>
          <dmd:S s="0" e="0" sf="" hw="" p="1"/>
          <dmd:S s="0" e="0" sf="" hw="" p="1"/>
          <dmd:S s="0" e="0" sf="" hw="" p="1"/>
          <dmd:S s="0" e="0" sf="" hw="" p="1"/>
          <dmd:S s="0" e="0" sf="" hw="" p="1"/>
          <dmd:S s="0" e="0" sf="" hw="" p="1"/>
          <dmd:S s="0" e="0" sf="" hw="" p="1"/>
          <dmd:S s="0" e="0" sf="" hw="" p="1"/>
          <dmd:S s="0" e="0" sf="" hw="" p="1"/>
          <dmd:S s="0" e="0" sf="" hw="" p="1"/>
          <dmd:S s="0" e="0" sf="" hw="" p="1"/>
          <dmd:S s="0" e="0" sf="" hw="" p="1"/>
          <dmd:S s="0" e="0" sf="" hw="" p="1"/>
          <dmd:S s="0" e="0" sf="" hw="" p="1"/>
          <dmd:S s="0" e="0" sf="" hw="" p="1"/>
          <dmd:S s="0" e="0" sf="" hw="" p="1"/>
          <dmd:S s="0" e="0" sf="" hw="" p="1"/>
          <dmd:S s="0" e="0" sf="" hw="" p="1"/>
          <dmd:S s="0" e="0" sf="" hw="" p="1"/>
          <dmd:S s="0" e="0" sf="" hw="" p="1"/>
          <dmd:S s="0" e="0" sf="" hw="" p="1"/>
          <dmd:S s="0" e="0" sf="" hw="" p="1"/>
          <dmd:S s="0" e="0" sf="" hw="" p="1"/>
          <dmd:S s="0" e="0" sf="" hw="" p="1"/>
          <dmd:S s="0" e="0" sf="" hw="" p="1"/>
          <dmd:S s="0" e="0" sf="" hw="" p="1"/>
          <dmd:S s="0" e="0" sf="" hw="" p="1"/>
          <dmd:S s="0" e="0" sf="" hw="" p="1"/>
          <dmd:S s="0" e="0" sf="" hw="" p="1"/>
          <dmd:S s="0" e="0" sf="" hw="" p="1"/>
          <dmd:S s="0" e="0" sf="" hw="" p="1"/>
          <dmd:S s="0" e="0" sf="" hw="" p="1"/>
          <dmd:S s="0" e="0" sf="" hw="" p="1"/>
          <dmd:S s="0" e="0" sf="" hw="" p="1"/>
          <dmd:S s="0" e="0" sf="" hw="" p="1"/>
          <dmd:S s="0" e="0" sf="" hw="" p="1"/>
          <dmd:S s="0" e="0" sf="" hw="" p="1"/>
          <dmd:S s="0" e="0" sf="" hw="" p="1"/>
          <dmd:S s="0" e="0" sf="" hw="" p="1"/>
          <dmd:S s="0" e="0" sf="" hw="" p="1"/>
          <dmd:S s="0" e="0" sf="" hw="" p="1"/>
          <dmd:S s="0" e="0" sf="" hw="" p="1"/>
          <dmd:S s="0" e="0" sf="" hw="" p="1"/>
          <dmd:S s="0" e="0" sf="" hw="" p="1"/>
          <dmd:S s="0" e="0" sf="" hw="" p="1"/>
          <dmd:S s="0" e="0" sf="" hw="" p="1"/>
          <dmd:S s="0" e="0" sf="" hw="" p="1"/>
          <dmd:S s="0" e="0" sf="" hw="" p="1"/>
          <dmd:S s="0" e="0" sf="" hw="" p="1"/>
          <dmd:S s="0" e="0" sf="" hw="" p="1"/>
          <dmd:S s="0" e="0" sf="" hw="" p="1"/>
          <dmd:S s="0" e="0" sf="" hw="" p="1"/>
          <dmd:S s="0" e="0" sf="" hw="" p="1"/>
          <dmd:S s="0" e="0" sf="" hw="" p="1"/>
          <dmd:S s="0" e="0" sf="" hw="" p="1"/>
          <dmd:S s="0" e="0" sf="" hw="" p="1"/>
          <dmd:S s="0" e="0" sf="" hw="" p="1"/>
          <dmd:S s="0" e="0" sf="" hw="" p="1"/>
          <dmd:S s="0" e="0" sf="" hw="" p="1"/>
          <dmd:S s="0" e="0" sf="" hw="" p="1"/>
          <dmd:S s="0" e="0" sf="" hw="" p="1"/>
          <dmd:S s="0" e="0" sf="" hw="" p="1"/>
          <dmd:S s="0" e="0" sf="" hw="" p="1"/>
          <dmd:S s="0" e="0" sf="" hw="" p="1"/>
          <dmd:S s="0" e="0" sf="" hw="" p="1"/>
          <dmd:S s="0" e="0" sf="" hw="" p="1"/>
          <dmd:S s="0" e="0" sf="" hw="" p="1"/>
          <dmd:S s="0" e="0" sf="" hw="" p="1"/>
          <dmd:S s="0" e="0" sf="" hw="" p="1"/>
          <dmd:S s="0" e="0" sf="" hw="" p="1"/>
          <dmd:S s="0" e="0" sf="" hw="" p="1"/>
          <dmd:S s="0" e="0" sf="" hw="" p="1"/>
          <dmd:S s="0" e="0" sf="" hw="" p="1"/>
          <dmd:S s="0" e="0" sf="" hw="" p="1"/>
          <dmd:S s="0" e="0" sf="" hw="" p="1"/>
          <dmd:S s="0" e="0" sf="" hw="" p="1"/>
          <dmd:S s="0" e="0" sf="" hw="" p="1"/>
          <dmd:S s="0" e="0" sf="" hw="" p="1"/>
          <dmd:S s="0" e="0" sf="" hw="" p="1"/>
          <dmd:S s="0" e="0" sf="" hw="" p="1"/>
          <dmd:S s="0" e="0" sf="" hw="" p="1"/>
          <dmd:S s="0" e="0" sf="" hw="" p="1"/>
          <dmd:S s="0" e="0" sf="" hw="" p="1"/>
          <dmd:S s="0" e="0" sf="" hw="" p="1"/>
          <dmd:S s="0" e="0" sf="" hw="" p="1"/>
          <dmd:S s="0" e="0" sf="" hw="" p="1"/>
          <dmd:S s="0" e="0" sf="" hw="" p="1"/>
          <dmd:S s="0" e="0" sf="" hw="" p="1"/>
          <dmd:S s="0" e="0" sf="" hw="" p="1"/>
          <dmd:S s="0" e="0" sf="" hw="" p="1"/>
          <dmd:S s="0" e="0" sf="" hw="" p="1"/>
          <dmd:S s="0" e="0" sf="" hw="" p="1"/>
          <dmd:S s="0" e="0" sf="" hw="" p="1"/>
          <dmd:S s="0" e="0" sf="" hw="" p="1"/>
          <dmd:S s="0" e="0" sf="" hw="" p="1"/>
          <dmd:S s="0" e="0" sf="" hw="" p="1"/>
          <dmd:S s="0" e="0" sf="" hw="" p="1"/>
          <dmd:S s="0" e="0" sf="" hw="" p="1"/>
          <dmd:S s="0" e="0" sf="" hw="" p="1"/>
          <dmd:S s="0" e="0" sf="" hw="" p="1"/>
          <dmd:S s="0" e="0" sf="" hw="" p="1"/>
          <dmd:S s="0" e="0" sf="" hw="" p="1"/>
          <dmd:S s="0" e="0" sf="" hw="" p="1"/>
          <dmd:S s="0" e="0" sf="" hw="" p="1"/>
          <dmd:S s="0" e="0" sf="" hw="" p="1"/>
          <dmd:S s="0" e="0" sf="" hw="" p="1"/>
          <dmd:S s="0" e="0" sf="" hw="" p="1"/>
          <dmd:S s="0" e="0" sf="" hw="" p="1"/>
          <dmd:S s="0" e="0" sf="" hw="" p="1"/>
          <dmd:S s="0" e="0" sf="" hw="" p="1"/>
          <dmd:S s="0" e="0" sf="" hw="" p="1"/>
          <dmd:S s="0" e="0" sf="" hw="" p="1"/>
          <dmd:S s="0" e="0" sf="" hw="" p="1"/>
          <dmd:S s="0" e="0" sf="" hw="" p="1"/>
          <dmd:S s="0" e="0" sf="" hw="" p="1"/>
          <dmd:S s="0" e="0" sf="" hw="" p="1"/>
          <dmd:S s="0" e="0" sf="" hw="" p="1"/>
          <dmd:S s="0" e="0" sf="" hw="" p="1"/>
          <dmd:S s="0" e="0" sf="" hw="" p="1"/>
          <dmd:S s="0" e="0" sf="" hw="" p="1"/>
          <dmd:S s="0" e="0" sf="" hw="" p="1"/>
          <dmd:S s="0" e="0" sf="" hw="" p="1"/>
          <dmd:S s="0" e="0" sf="" hw="" p="1"/>
          <dmd:S s="0" e="0" sf="" hw="" p="1"/>
          <dmd:S s="0" e="0" sf="" hw="" p="1"/>
          <dmd:S s="0" e="0" sf="" hw="" p="1"/>
          <dmd:S s="0" e="0" sf="" hw="" p="1"/>
          <dmd:S s="0" e="0" sf="" hw="" p="1"/>
          <dmd:S s="0" e="0" sf="" hw="" p="1"/>
          <dmd:S s="0" e="0" sf="" hw="" p="1"/>
          <dmd:S s="0" e="0" sf="" hw="" p="1"/>
          <dmd:S s="0" e="0" sf="" hw="" p="1"/>
          <dmd:S s="0" e="0" sf="" hw="" p="1"/>
          <dmd:S s="0" e="0" sf="" hw="" p="1"/>
          <dmd:S s="0" e="0" sf="" hw="" p="1"/>
          <dmd:S s="0" e="0" sf="" hw="" p="1"/>
          <dmd:S s="0" e="0" sf="" hw="" p="1"/>
          <dmd:S s="0" e="0" sf="" hw="" p="1"/>
          <dmd:S s="0" e="0" sf="" hw="" p="1"/>
          <dmd:S s="0" e="0" sf="" hw="" p="1"/>
          <dmd:S s="0" e="0" sf="" hw="" p="1"/>
          <dmd:S s="0" e="0" sf="" hw="" p="1"/>
          <dmd:S s="0" e="0" sf="" hw="" p="1"/>
          <dmd:S s="0" e="0" sf="" hw="" p="1"/>
          <dmd:S s="0" e="0" sf="" hw="" p="1"/>
          <dmd:S s="0" e="0" sf="" hw="" p="1"/>
          <dmd:S s="0" e="0" sf="" hw="" p="1"/>
          <dmd:S s="0" e="0" sf="" hw="" p="1"/>
          <dmd:S s="0" e="0" sf="" hw="" p="1"/>
          <dmd:S s="0" e="0" sf="" hw="" p="1"/>
          <dmd:S s="0" e="0" sf="" hw="" p="1"/>
          <dmd:S s="0" e="0" sf="" hw="" p="1"/>
          <dmd:S s="0" e="0" sf="" hw="" p="1"/>
          <dmd:S s="0" e="0" sf="" hw="" p="1"/>
          <dmd:S s="0" e="0" sf="" hw="" p="1"/>
          <dmd:S s="0" e="0" sf="" hw="" p="1"/>
          <dmd:S s="0" e="0" sf="" hw="" p="1"/>
          <dmd:S s="0" e="0" sf="" hw="" p="1"/>
          <dmd:S s="0" e="0" sf="" hw="" p="1"/>
          <dmd:S s="0" e="0" sf="" hw="" p="1"/>
          <dmd:S s="0" e="0" sf="" hw="" p="1"/>
          <dmd:S s="0" e="0" sf="" hw="" p="1"/>
          <dmd:S s="0" e="0" sf="" hw="" p="1"/>
          <dmd:S s="0" e="0" sf="" hw="" p="1"/>
          <dmd:S s="0" e="0" sf="" hw="" p="1"/>
          <dmd:S s="0" e="0" sf="" hw="" p="1"/>
          <dmd:S s="0" e="0" sf="" hw="" p="1"/>
          <dmd:S s="0" e="0" sf="" hw="" p="1"/>
          <dmd:S s="0" e="0" sf="" hw="" p="1"/>
          <dmd:S s="0" e="0" sf="" hw="" p="1"/>
          <dmd:S s="0" e="0" sf="" hw="" p="1"/>
          <dmd:S s="0" e="0" sf="" hw="" p="1"/>
          <dmd:S s="0" e="0" sf="" hw="" p="1"/>
          <dmd:S s="0" e="0" sf="" hw="" p="1"/>
          <dmd:S s="0" e="0" sf="" hw="" p="1"/>
          <dmd:S s="0" e="0" sf="" hw="" p="1"/>
          <dmd:S s="0" e="0" sf="" hw="" p="1"/>
          <dmd:S s="0" e="0" sf="" hw="" p="1"/>
          <dmd:S s="0" e="0" sf="" hw="" p="1"/>
          <dmd:S s="0" e="0" sf="" hw="" p="1"/>
          <dmd:S s="0" e="0" sf="" hw="" p="1"/>
          <dmd:S s="0" e="0" sf="" hw="" p="1"/>
          <dmd:S s="0" e="0" sf="" hw="" p="1"/>
          <dmd:S s="0" e="0" sf="" hw="" p="1"/>
          <dmd:S s="0" e="0" sf="" hw="" p="1"/>
          <dmd:S s="0" e="0" sf="" hw="" p="1"/>
          <dmd:S s="0" e="0" sf="" hw="" p="1"/>
          <dmd:S s="0" e="0" sf="" hw="" p="1"/>
          <dmd:S s="0" e="0" sf="" hw="" p="1"/>
          <dmd:S s="0" e="0" sf="" hw="" p="1"/>
          <dmd:S s="0" e="0" sf="" hw="" p="1"/>
          <dmd:S s="0" e="0" sf="" hw="" p="1"/>
          <dmd:S s="0" e="0" sf="" hw="" p="1"/>
          <dmd:S s="0" e="0" sf="" hw="" p="1"/>
          <dmd:S s="0" e="0" sf="" hw="" p="1"/>
          <dmd:S s="0" e="0" sf="" hw="" p="1"/>
          <dmd:S s="0" e="0" sf="" hw="" p="1"/>
          <dmd:S s="0" e="0" sf="" hw="" p="1"/>
          <dmd:S s="0" e="0" sf="" hw="" p="1"/>
          <dmd:S s="0" e="0" sf="" hw="" p="1"/>
          <dmd:S s="0" e="0" sf="" hw="" p="1"/>
          <dmd:S s="0" e="0" sf="" hw="" p="1"/>
          <dmd:S s="0" e="0" sf="" hw="" p="1"/>
          <dmd:S s="0" e="0" sf="" hw="" p="1"/>
          <dmd:S s="0" e="0" sf="" hw="" p="1"/>
          <dmd:S s="0" e="0" sf="" hw="" p="1"/>
          <dmd:S s="0" e="0" sf="" hw="" p="1"/>
          <dmd:S s="0" e="0" sf="" hw="" p="1"/>
          <dmd:S s="0" e="0" sf="" hw="" p="1"/>
          <dmd:S s="0" e="0" sf="" hw="" p="1"/>
          <dmd:S s="0" e="0" sf="" hw="" p="1"/>
          <dmd:S s="0" e="0" sf="" hw="" p="1"/>
          <dmd:S s="0" e="0" sf="" hw="" p="1"/>
          <dmd:S s="0" e="0" sf="" hw="" p="1"/>
          <dmd:S s="0" e="0" sf="" hw="" p="1"/>
          <dmd:S s="0" e="0" sf="" hw="" p="1"/>
          <dmd:S s="0" e="0" sf="" hw="" p="1"/>
          <dmd:S s="0" e="0" sf="" hw="" p="1"/>
          <dmd:S s="0" e="0" sf="" hw="" p="1"/>
          <dmd:S s="0" e="0" sf="" hw="" p="1"/>
          <dmd:S s="0" e="0" sf="" hw="" p="1"/>
          <dmd:S s="0" e="0" sf="" hw="" p="1"/>
          <dmd:S s="0" e="0" sf="" hw="" p="1"/>
          <dmd:S s="0" e="0" sf="" hw="" p="1"/>
          <dmd:S s="0" e="0" sf="" hw="" p="1"/>
          <dmd:S s="0" e="0" sf="" hw="" p="1"/>
          <dmd:S s="0" e="0" sf="" hw="" p="1"/>
          <dmd:S s="0" e="0" sf="" hw="" p="1"/>
          <dmd:S s="0" e="0" sf="" hw="" p="1"/>
          <dmd:S s="0" e="0" sf="" hw="" p="1"/>
          <dmd:S s="0" e="0" sf="" hw="" p="1"/>
          <dmd:S s="0" e="0" sf="" hw="" p="1"/>
          <dmd:S s="0" e="0" sf="" hw="" p="1"/>
          <dmd:S s="0" e="0" sf="" hw="" p="1"/>
          <dmd:S s="0" e="0" sf="" hw="" p="1"/>
          <dmd:S s="0" e="0" sf="" hw="" p="1"/>
          <dmd:S s="0" e="0" sf="" hw="" p="1"/>
          <dmd:S s="0" e="0" sf="" hw="" p="1"/>
          <dmd:S s="0" e="0" sf="" hw="" p="1"/>
          <dmd:S s="0" e="0" sf="" hw="" p="1"/>
          <dmd:S s="0" e="0" sf="" hw="" p="1"/>
          <dmd:S s="0" e="0" sf="" hw="" p="1"/>
          <dmd:S s="0" e="0" sf="" hw="" p="1"/>
          <dmd:S s="0" e="0" sf="" hw="" p="1"/>
          <dmd:S s="0" e="0" sf="" hw="" p="1"/>
          <dmd:S s="0" e="0" sf="" hw="" p="1"/>
          <dmd:S s="0" e="0" sf="" hw="" p="1"/>
          <dmd:S s="0" e="0" sf="" hw="" p="1"/>
          <dmd:S s="0" e="0" sf="" hw="" p="1"/>
          <dmd:S s="0" e="0" sf="" hw="" p="1"/>
          <dmd:S s="0" e="0" sf="" hw="" p="1"/>
          <dmd:S s="0" e="0" sf="" hw="" p="1"/>
          <dmd:S s="0" e="0" sf="" hw="" p="1"/>
          <dmd:S s="0" e="0" sf="" hw="" p="1"/>
          <dmd:S s="0" e="0" sf="" hw="" p="1"/>
          <dmd:S s="0" e="0" sf="" hw="" p="1"/>
          <dmd:S s="0" e="0" sf="" hw="" p="1"/>
          <dmd:S s="0" e="0" sf="" hw="" p="1"/>
          <dmd:S s="0" e="0" sf="" hw="" p="1"/>
        </dmd:Surface>
        <dmd:Warnings>
          <dmd:W type="SLOPE" lat="-28.178799" lon="-49.218488" dist="1380" val="16.0"/>
          <dmd:W type="SLOPE" lat="-28.167584" lon="-49.237692" dist="4035" val="17.7"/>
          <dmd:W type="SLOPE" lat="-28.111040" lon="-49.291572" dist="14353" val="16.2"/>
          <dmd:W type="SLOPE" lat="-28.106270" lon="-49.301402" dist="15514" val="19.0"/>
          <dmd:W type="SLOPE" lat="-28.104940" lon="-49.299629" dist="15748" val="18.1"/>
          <dmd:W type="SLOPE" lat="-28.104536" lon="-49.298339" dist="15900" val="18.7"/>
          <dmd:W type="SLOPE" lat="-28.103607" lon="-49.298951" dist="16023" val="22.7"/>
          <dmd:W type="SLOPE" lat="-28.103178" lon="-49.301158" dist="16264" val="17.4"/>
          <dmd:W type="SLOPE" lat="-28.100159" lon="-49.300989" dist="16670" val="15.3"/>
          <dmd:W type="SLOPE" lat="-28.087148" lon="-49.311265" dist="18863" val="15.1"/>
          <dmd:W type="SLOPE" lat="-28.078119" lon="-49.316625" dist="20110" val="18.0"/>
          <dmd:W type="SLOPE" lat="-28.075921" lon="-49.318191" dist="20440" val="17.1"/>
          <dmd:W type="SLOPE" lat="-28.059433" lon="-49.353592" dist="24982" val="1332.2"/>
          <dmd:W type="SLOPE" lat="-28.056064" lon="-49.366833" dist="27465" val="3394.4"/>
          <dmd:W type="SLOPE" lat="-28.054625" lon="-49.368325" dist="27682" val="27.7"/>
          <dmd:W type="SLOPE" lat="-28.055133" lon="-49.369535" dist="27827" val="20.9"/>
          <dmd:W type="SLOPE" lat="-28.055567" lon="-49.372796" dist="28166" val="44.9"/>
          <dmd:W type="SLOPE" lat="-28.054984" lon="-49.371621" dist="28301" val="32.8"/>
          <dmd:W type="SLOPE" lat="-28.054774" lon="-49.372929" dist="28435" val="18.3"/>
          <dmd:W type="SLOPE" lat="-28.054598" lon="-49.374285" dist="28586" val="18.5"/>
          <dmd:W type="SLOPE" lat="-28.055251" lon="-49.375832" dist="28763" val="22.9"/>
          <dmd:W type="SLOPE" lat="-28.026526" lon="-49.374659" dist="33849" val="19.8"/>
          <dmd:W type="SLOPE" lat="-28.025792" lon="-49.373685" dist="33976" val="15.4"/>
          <dmd:W type="SLOPE" lat="-28.013925" lon="-49.373297" dist="35763" val="16.4"/>
          <dmd:W type="SLOPE" lat="-27.999169" lon="-49.368297" dist="37756" val="19.7"/>
          <dmd:W type="SLOPE" lat="-27.998179" lon="-49.368133" dist="37870" val="16.3"/>
          <dmd:W type="SLOPE" lat="-27.998593" lon="-49.367508" dist="38023" val="41.6"/>
          <dmd:W type="SLOPE" lat="-27.998667" lon="-49.366929" dist="38187" val="56.9"/>
          <dmd:W type="SLOPE" lat="-27.997800" lon="-49.366161" dist="38315" val="24.4"/>
          <dmd:W type="SLOPE" lat="-27.998671" lon="-49.365885" dist="38425" val="29.2"/>
          <dmd:W type="SLOPE" lat="-27.997483" lon="-49.363978" dist="38704" val="15.4"/>
          <dmd:W type="SLOPE" lat="-27.997115" lon="-49.361527" dist="38956" val="20.7"/>
          <dmd:W type="SLOPE" lat="-27.996786" lon="-49.359612" dist="39178" val="16.8"/>
          <dmd:W type="SLOPE" lat="-27.996593" lon="-49.358306" dist="39312" val="17.3"/>
          <dmd:W type="SLOPE" lat="-27.996095" lon="-49.355688" dist="39605" val="15.7"/>
          <dmd:W type="SLOPE" lat="-27.995230" lon="-49.354933" dist="39757" val="26.8"/>
          <dmd:W type="SLOPE" lat="-27.991223" lon="-49.339103" dist="41690" val="16.8"/>
          <dmd:W type="SLOPE" lat="-27.991385" lon="-49.338890" dist="43857" val="15.8"/>
          <dmd:W type="SLOPE" lat="-27.990522" lon="-49.339227" dist="43963" val="16.8"/>
          <dmd:W type="SLOPE" lat="-27.985136" lon="-49.341120" dist="45136" val="17.4"/>
          <dmd:W type="SLOPE" lat="-27.981862" lon="-49.341075" dist="45657" val="17.0"/>
          <dmd:W type="SLOPE" lat="-27.984503" lon="-49.336075" dist="46290" val="23.8"/>
          <dmd:W type="SLOPE" lat="-27.984503" lon="-49.336075" dist="49736" val="24.2"/>
          <dmd:W type="SLOPE" lat="-27.982322" lon="-49.341823" dist="50459" val="17.0"/>
          <dmd:W type="SLOPE" lat="-27.985619" lon="-49.340812" dist="50952" val="17.4"/>
          <dmd:W type="SLOPE" lat="-27.990261" lon="-49.348011" dist="52197" val="15.1"/>
          <dmd:W type="SLOPE" lat="-27.995230" lon="-49.354933" dist="53118" val="18.1"/>
          <dmd:W type="SLOPE" lat="-27.995756" lon="-49.356401" dist="53350" val="15.7"/>
          <dmd:W type="SLOPE" lat="-27.996553" lon="-49.358863" dist="53618" val="17.3"/>
          <dmd:W type="SLOPE" lat="-27.996434" lon="-49.360344" dist="53779" val="16.8"/>
          <dmd:W type="SLOPE" lat="-27.997097" lon="-49.362757" dist="54041" val="20.7"/>
          <dmd:W type="SLOPE" lat="-27.997483" lon="-49.363978" dist="54172" val="15.8"/>
          <dmd:W type="SLOPE" lat="-27.998356" lon="-49.365118" dist="54320" val="15.4"/>
          <dmd:W type="SLOPE" lat="-27.998671" lon="-49.365885" dist="54450" val="35.7"/>
          <dmd:W type="SLOPE" lat="-27.997776" lon="-49.366070" dist="54551" val="29.2"/>
          <dmd:W type="SLOPE" lat="-27.998667" lon="-49.366929" dist="54689" val="23.4"/>
          <dmd:W type="SLOPE" lat="-27.998295" lon="-49.367320" dist="54814" val="37.0"/>
          <dmd:W type="SLOPE" lat="-27.997989" lon="-49.368082" dist="54984" val="44.8"/>
          <dmd:W type="SLOPE" lat="-27.999576" lon="-49.368871" dist="55192" val="19.7"/>
          <dmd:W type="SLOPE" lat="-28.014358" lon="-49.372736" dist="57187" val="16.4"/>
          <dmd:W type="SLOPE" lat="-28.026223" lon="-49.374130" dist="58965" val="15.4"/>
          <dmd:W type="SLOPE" lat="-28.026643" lon="-49.375121" dist="59074" val="24.4"/>
          <dmd:W type="SLOPE" lat="-28.040390" lon="-49.470729" dist="71967" val="15.8"/>
          <dmd:W type="SLOPE" lat="-27.984249" lon="-49.518592" dist="86576" val="16.1"/>
          <dmd:W type="SLOPE" lat="-27.980886" lon="-49.513707" dist="87440" val="19.7"/>
          <dmd:W type="SLOPE" lat="-27.980549" lon="-49.512440" dist="87592" val="20.8"/>
          <dmd:W type="SLOPE" lat="-27.979213" lon="-49.511702" dist="87767" val="24.8"/>
          <dmd:W type="SLOPE" lat="-27.978038" lon="-49.509074" dist="88209" val="16.3"/>
          <dmd:W type="SLOPE" lat="-27.979040" lon="-49.506819" dist="88468" val="19.1"/>
          <dmd:W type="SLOPE" lat="-27.980220" lon="-49.505189" dist="88721" val="18.6"/>
          <dmd:W type="SLOPE" lat="-27.981633" lon="-49.500317" dist="89362" val="27.8"/>
          <dmd:W type="SLOPE" lat="-27.980571" lon="-49.499629" dist="89500" val="18.7"/>
          <dmd:W type="SLOPE" lat="-27.973355" lon="-49.498246" dist="90648" val="15.4"/>
          <dmd:W type="SLOPE" lat="-27.968206" lon="-49.497997" dist="91234" val="19.3"/>
          <dmd:W type="SLOPE" lat="-27.970213" lon="-49.491991" dist="92249" val="22.4"/>
          <dmd:W type="SLOPE" lat="-27.972072" lon="-49.490524" dist="92504" val="21.9"/>
          <dmd:W type="SLOPE" lat="-27.973306" lon="-49.489580" dist="92670" val="22.8"/>
          <dmd:W type="SLOPE" lat="-27.974609" lon="-49.488999" dist="92826" val="16.5"/>
          <dmd:W type="SLOPE" lat="-27.978806" lon="-49.481639" dist="93974" val="16.8"/>
          <dmd:W type="SLOPE" lat="-27.979104" lon="-49.479126" dist="94230" val="25.3"/>
          <dmd:W type="SLOPE" lat="-27.988607" lon="-49.464722" dist="96336" val="23.0"/>
          <dmd:W type="SLOPE" lat="-27.974948" lon="-49.440273" dist="99695" val="16.6"/>
          <dmd:W type="SLOPE" lat="-27.971956" lon="-49.438348" dist="100210" val="17.7"/>
          <dmd:W type="SLOPE" lat="-27.957554" lon="-49.431384" dist="102299" val="18.1"/>
          <dmd:W type="SLOPE" lat="-27.954962" lon="-49.435168" dist="103173" val="15.8"/>
          <dmd:W type="SLOPE" lat="-27.953323" lon="-49.434621" dist="103374" val="16.1"/>
          <dmd:W type="SLOPE" lat="-27.950027" lon="-49.441683" dist="104266" val="15.6"/>
          <dmd:W type="SLOPE" lat="-27.950251" lon="-49.440873" dist="105213" val="15.6"/>
          <dmd:W type="SLOPE" lat="-27.953474" lon="-49.434507" dist="106042" val="16.1"/>
          <dmd:W type="SLOPE" lat="-27.955330" lon="-49.435196" dist="106264" val="15.8"/>
          <dmd:W type="SLOPE" lat="-27.957631" lon="-49.431256" dist="107112" val="18.1"/>
          <dmd:W type="SLOPE" lat="-27.972051" lon="-49.438112" dist="109185" val="17.7"/>
          <dmd:W type="SLOPE" lat="-27.974638" lon="-49.440425" dist="109713" val="16.6"/>
          <dmd:W type="SLOPE" lat="-27.988303" lon="-49.465224" dist="113094" val="23.0"/>
          <dmd:W type="SLOPE" lat="-27.978820" lon="-49.479685" dist="115203" val="25.3"/>
          <dmd:W type="SLOPE" lat="-27.978945" lon="-49.482271" dist="115460" val="16.8"/>
          <dmd:W type="SLOPE" lat="-27.973306" lon="-49.489580" dist="116700" val="16.5"/>
          <dmd:W type="SLOPE" lat="-27.971765" lon="-49.490711" dist="116905" val="21.9"/>
          <dmd:W type="SLOPE" lat="-27.969882" lon="-49.491967" dist="117158" val="22.4"/>
          <dmd:W type="SLOPE" lat="-27.968206" lon="-49.497997" dist="118136" val="25.0"/>
          <dmd:W type="SLOPE" lat="-27.974271" lon="-49.498299" dist="118824" val="15.4"/>
          <dmd:W type="SLOPE" lat="-27.980887" lon="-49.499921" dist="119916" val="18.7"/>
          <dmd:W type="SLOPE" lat="-27.981890" lon="-49.500705" dist="120056" val="27.8"/>
          <dmd:W type="SLOPE" lat="-27.980545" lon="-49.505324" dist="120611" val="18.4"/>
          <dmd:W type="SLOPE" lat="-27.979040" lon="-49.506819" dist="120903" val="20.0"/>
          <dmd:W type="SLOPE" lat="-27.978038" lon="-49.509074" dist="121161" val="16.8"/>
          <dmd:W type="SLOPE" lat="-27.979213" lon="-49.511702" dist="121603" val="20.0"/>
          <dmd:W type="SLOPE" lat="-27.980549" lon="-49.512440" dist="121778" val="31.3"/>
          <dmd:W type="SLOPE" lat="-27.980920" lon="-49.514002" dist="121959" val="19.7"/>
          <dmd:W type="SLOPE" lat="-27.984627" lon="-49.518893" dist="122845" val="16.1"/>
          <dmd:W type="SLOPE" lat="-27.965796" lon="-49.590792" dist="134344" val="27.4"/>
          <dmd:W type="SLOPE" lat="-27.952500" lon="-49.587179" dist="137992" val="18.6"/>
          <dmd:W type="SLOPE" lat="-27.951686" lon="-49.591234" dist="138515" val="15.1"/>
          <dmd:W type="SLOPE" lat="-27.955597" lon="-49.606284" dist="140188" val="24.9"/>
          <dmd:W type="SLOPE" lat="-28.047884" lon="-49.491750" dist="163535" val="18.3"/>
          <dmd:W type="SLOPE" lat="-28.051642" lon="-49.485124" dist="164455" val="20.3"/>
          <dmd:W type="SLOPE" lat="-28.056540" lon="-49.489160" dist="165178" val="24.4"/>
          <dmd:W type="SLOPE" lat="-28.055032" lon="-49.489284" dist="165356" val="33.0"/>
          <dmd:W type="SLOPE" lat="-28.069128" lon="-49.517603" dist="169187" val="15.5"/>
          <dmd:W type="SLOPE" lat="-28.066757" lon="-49.549226" dist="172568" val="19.5"/>
          <dmd:W type="SLOPE" lat="-28.066906" lon="-49.550248" dist="172671" val="17.4"/>
          <dmd:W type="SLOPE" lat="-28.063334" lon="-49.558672" dist="173643" val="17.2"/>
          <dmd:W type="SLOPE" lat="-28.066669" lon="-49.562025" dist="174425" val="22.0"/>
          <dmd:W type="SLOPE" lat="-28.065289" lon="-49.563683" dist="174655" val="20.0"/>
          <dmd:W type="SLOPE" lat="-28.064811" lon="-49.564563" dist="174764" val="16.0"/>
          <dmd:W type="SLOPE" lat="-28.063836" lon="-49.564321" dist="174881" val="31.6"/>
          <dmd:W type="SLOPE" lat="-28.061273" lon="-49.563627" dist="175178" val="27.8"/>
          <dmd:W type="SLOPE" lat="-28.062099" lon="-49.564667" dist="175335" val="20.4"/>
          <dmd:W type="SLOPE" lat="-28.059389" lon="-49.562572" dist="175771" val="19.7"/>
          <dmd:W type="SLOPE" lat="-28.062806" lon="-49.566598" dist="176452" val="22.1"/>
          <dmd:W type="SLOPE" lat="-28.062372" lon="-49.566120" dist="178623" val="17.1"/>
          <dmd:W type="SLOPE" lat="-28.060051" lon="-49.569200" dist="179204" val="16.5"/>
          <dmd:W type="SLOPE" lat="-28.044193" lon="-49.576179" dist="181246" val="22.2"/>
          <dmd:W type="SLOPE" lat="-28.019175" lon="-49.602872" dist="187047" val="16.5"/>
          <dmd:W type="SLOPE" lat="-28.027690" lon="-49.612359" dist="188509" val="26.7"/>
          <dmd:W type="SLOPE" lat="-28.024722" lon="-49.606119" dist="189293" val="23.5"/>
          <dmd:W type="SLOPE" lat="-28.075320" lon="-49.617189" dist="195728" val="15.1"/>
          <dmd:W type="SLOPE" lat="-28.139501" lon="-49.646750" dist="206180" val="17.5"/>
          <dmd:W type="SLOPE" lat="-28.141448" lon="-49.633428" dist="207613" val="21.0"/>
          <dmd:W type="SLOPE" lat="-28.143319" lon="-49.633006" dist="207840" val="28.4"/>
          <dmd:W type="SLOPE" lat="-28.144790" lon="-49.632434" dist="208015" val="15.7"/>
          <dmd:W type="SLOPE" lat="-28.147137" lon="-49.631500" dist="208301" val="18.9"/>
          <dmd:W type="SLOPE" lat="-28.148191" lon="-49.631388" dist="208421" val="19.9"/>
          <dmd:W type="SLOPE" lat="-28.151575" lon="-49.634983" dist="209415" val="24.3"/>
          <dmd:W type="SLOPE" lat="-28.151740" lon="-49.636767" dist="209608" val="20.7"/>
          <dmd:W type="SLOPE" lat="-28.159761" lon="-49.631303" dist="210933" val="18.7"/>
          <dmd:W type="SLOPE" lat="-28.169032" lon="-49.594663" dist="215217" val="18.4"/>
          <dmd:W type="SLOPE" lat="-28.169230" lon="-49.592047" dist="215477" val="22.3"/>
          <dmd:W type="SLOPE" lat="-28.170062" lon="-49.587546" dist="215933" val="17.1"/>
          <dmd:W type="SLOPE" lat="-28.170399" lon="-49.581596" dist="216583" val="27.0"/>
          <dmd:W type="SLOPE" lat="-28.170424" lon="-49.579803" dist="216767" val="17.0"/>
          <dmd:W type="SLOPE" lat="-28.171980" lon="-49.576664" dist="217184" val="20.6"/>
          <dmd:W type="SLOPE" lat="-28.174368" lon="-49.574161" dist="217646" val="15.7"/>
          <dmd:W type="SLOPE" lat="-28.180263" lon="-49.576226" dist="218384" val="18.3"/>
          <dmd:W type="SLOPE" lat="-28.181448" lon="-49.576160" dist="218517" val="17.3"/>
          <dmd:W type="SLOPE" lat="-28.182016" lon="-49.577160" dist="218656" val="21.5"/>
          <dmd:W type="SLOPE" lat="-28.200547" lon="-49.580485" dist="221079" val="19.4"/>
          <dmd:W type="SLOPE" lat="-28.207913" lon="-49.573545" dist="222385" val="23.6"/>
          <dmd:W type="SLOPE" lat="-28.214687" lon="-49.585808" dist="224879" val="15.7"/>
          <dmd:W type="SLOPE" lat="-28.228620" lon="-49.603209" dist="227846" val="19.6"/>
          <dmd:W type="SLOPE" lat="-28.266894" lon="-49.626313" dist="233458" val="17.8"/>
          <dmd:W type="SLOPE" lat="-28.265725" lon="-49.626112" dist="233602" val="18.0"/>
          <dmd:W type="SLOPE" lat="-28.275254" lon="-49.614714" dist="235680" val="15.7"/>
          <dmd:W type="SLOPE" lat="-28.290450" lon="-49.621002" dist="237758" val="15.8"/>
          <dmd:W type="SLOPE" lat="-28.329580" lon="-49.621803" dist="243573" val="16.9"/>
          <dmd:W type="SLOPE" lat="-28.400160" lon="-49.550105" dist="257558" val="19.2"/>
          <dmd:W type="SLOPE" lat="-28.398503" lon="-49.550676" dist="257867" val="61.1"/>
          <dmd:W type="SLOPE" lat="-28.399419" lon="-49.550806" dist="257972" val="15.6"/>
          <dmd:W type="SLOPE" lat="-28.398291" lon="-49.550367" dist="258108" val="20.5"/>
          <dmd:W type="SLOPE" lat="-28.399173" lon="-49.549642" dist="258274" val="31.8"/>
          <dmd:W type="SLOPE" lat="-28.398467" lon="-49.550118" dist="258381" val="20.7"/>
          <dmd:W type="SLOPE" lat="-28.398682" lon="-49.549330" dist="258508" val="59.5"/>
          <dmd:W type="SLOPE" lat="-28.399200" lon="-49.548232" dist="258635" val="48.4"/>
          <dmd:W type="SLOPE" lat="-28.398683" lon="-49.548710" dist="258738" val="60.3"/>
          <dmd:W type="SLOPE" lat="-28.395967" lon="-49.548271" dist="259118" val="31.8"/>
          <dmd:W type="SLOPE" lat="-28.395668" lon="-49.548221" dist="259227" val="92.6"/>
          <dmd:W type="SLOPE" lat="-28.397646" lon="-49.547287" dist="259579" val="32.4"/>
          <dmd:W type="SLOPE" lat="-28.397313" lon="-49.546541" dist="259679" val="28.1"/>
          <dmd:W type="SLOPE" lat="-28.397341" lon="-49.545657" dist="259793" val="99.3"/>
          <dmd:W type="SLOPE" lat="-28.397317" lon="-49.546942" dist="259924" val="30.9"/>
          <dmd:W type="SLOPE" lat="-28.396679" lon="-49.547282" dist="260042" val="45.0"/>
          <dmd:W type="SLOPE" lat="-28.396269" lon="-49.544874" dist="260421" val="18.1"/>
          <dmd:W type="SLOPE" lat="-28.395854" lon="-49.543564" dist="260562" val="75.5"/>
          <dmd:W type="SLOPE" lat="-28.395617" lon="-49.541953" dist="260734" val="81.8"/>
          <dmd:W type="SLOPE" lat="-28.395596" lon="-49.543720" dist="260909" val="17.6"/>
          <dmd:W type="SLOPE" lat="-28.395416" lon="-49.544685" dist="261026" val="40.8"/>
          <dmd:W type="SLOPE" lat="-28.395110" lon="-49.541599" dist="261331" val="20.8"/>
          <dmd:W type="SLOPE" lat="-28.394891" lon="-49.540530" dist="261511" val="53.6"/>
          <dmd:W type="SLOPE" lat="-28.394592" lon="-49.539403" dist="261648" val="45.5"/>
          <dmd:W type="SLOPE" lat="-28.393946" lon="-49.538432" dist="261782" val="58.7"/>
          <dmd:W type="SLOPE" lat="-28.393645" lon="-49.537171" dist="261917" val="25.5"/>
          <dmd:W type="SLOPE" lat="-28.393087" lon="-49.535057" dist="262195" val="17.4"/>
          <dmd:W type="SLOPE" lat="-28.391883" lon="-49.532914" dist="262456" val="70.0"/>
          <dmd:W type="SLOPE" lat="-28.391645" lon="-49.531519" dist="262603" val="18.0"/>
          <dmd:W type="SLOPE" lat="-28.392211" lon="-49.529481" dist="262819" val="32.7"/>
          <dmd:W type="SLOPE" lat="-28.392262" lon="-49.528234" dist="262946" val="25.1"/>
          <dmd:W type="SLOPE" lat="-28.393405" lon="-49.528915" dist="263091" val="15.8"/>
          <dmd:W type="SLOPE" lat="-28.395013" lon="-49.529089" dist="263320" val="24.5"/>
          <dmd:W type="SLOPE" lat="-28.394189" lon="-49.526907" dist="263587" val="32.9"/>
          <dmd:W type="SLOPE" lat="-28.392293" lon="-49.521534" dist="264169" val="27.2"/>
          <dmd:W type="SLOPE" lat="-28.390308" lon="-49.516723" dist="264703" val="17.4"/>
          <dmd:W type="SLOPE" lat="-28.390134" lon="-49.515162" dist="264868" val="21.2"/>
          <dmd:W type="SLOPE" lat="-28.389486" lon="-49.514177" dist="265015" val="23.7"/>
          <dmd:W type="SLOPE" lat="-28.388425" lon="-49.512589" dist="265240" val="24.8"/>
          <dmd:W type="SLOPE" lat="-28.388962" lon="-49.511325" dist="265390" val="18.6"/>
          <dmd:W type="SLOPE" lat="-28.388806" lon="-49.509898" dist="265544" val="20.1"/>
          <dmd:W type="SLOPE" lat="-28.388167" lon="-49.508424" dist="265766" val="20.1"/>
          <dmd:W type="SLOPE" lat="-28.388772" lon="-49.507326" dist="265905" val="17.6"/>
          <dmd:W type="SLOPE" lat="-28.389333" lon="-49.506286" dist="266058" val="47.8"/>
          <dmd:W type="SLOPE" lat="-28.387056" lon="-49.500635" dist="266784" val="15.9"/>
          <dmd:W type="SLOPE" lat="-28.386706" lon="-49.499730" dist="267020" val="16.1"/>
          <dmd:W type="SLOPE" lat="-28.386741" lon="-49.497672" dist="267319" val="24.0"/>
          <dmd:W type="SLOPE" lat="-28.386938" lon="-49.496605" dist="267444" val="19.9"/>
          <dmd:W type="SLOPE" lat="-28.385430" lon="-49.495539" dist="267698" val="38.6"/>
          <dmd:W type="SLOPE" lat="-28.386360" lon="-49.492598" dist="268108" val="16.2"/>
          <dmd:W type="SLOPE" lat="-28.386210" lon="-49.483757" dist="269110" val="16.5"/>
          <dmd:W type="SLOPE" lat="-28.385419" lon="-49.482343" dist="269302" val="16.7"/>
          <dmd:W type="SLOPE" lat="-28.381602" lon="-49.458955" dist="272277" val="16.8"/>
          <dmd:W type="SLOPE" lat="-28.390286" lon="-49.411781" dist="277941" val="19.9"/>
          <dmd:W type="SLOPE" lat="-28.389931" lon="-49.408784" dist="278279" val="17.5"/>
        </dmd:Warnings>
        <dmd:Stats dist="279484" gain="9274" loss="9172" eleMin="0.0" eleMax="1689.8" time="0" paved="100" maxSlope="3394.4" minSlope="-1801.7"/>
      </dmd:PreRendered>
    </extensions>
    <trkseg>
      <trkpt lat="-28.187487" lon="-49.212915"><ele>104</ele></trkpt>
      <trkpt lat="-28.185575" lon="-49.212953"><ele>108.75</ele></trkpt>
      <trkpt lat="-28.185565" lon="-49.214058"><ele>114.25</ele></trkpt>
      <trkpt lat="-28.182606" lon="-49.214087"><ele>111.75</ele></trkpt>
      <trkpt lat="-28.182332" lon="-49.213863"><ele>111.75</ele></trkpt>
      <trkpt lat="-28.182177" lon="-49.213828"><ele>112</ele></trkpt>
      <trkpt lat="-28.181948" lon="-49.213898"><ele>112.5</ele></trkpt>
      <trkpt lat="-28.18166" lon="-49.214215"><ele>114</ele></trkpt>
      <trkpt lat="-28.181481" lon="-49.214246"><ele>113.75</ele></trkpt>
      <trkpt lat="-28.181135" lon="-49.214643"><ele>113.75</ele></trkpt>
      <trkpt lat="-28.180335" lon="-49.215172"><ele>112.5</ele></trkpt>
      <trkpt lat="-28.180244" lon="-49.216821"><ele>113.5</ele></trkpt>
      <trkpt lat="-28.179643" lon="-49.217267"><ele>119.75</ele></trkpt>
      <trkpt lat="-28.179626" lon="-49.21741"><ele>121.5</ele></trkpt>
      <trkpt lat="-28.179222" lon="-49.217357"><ele>123.75</ele></trkpt>
      <trkpt lat="-28.179008" lon="-49.217545"><ele>127.5</ele></trkpt>
      <trkpt lat="-28.178799" lon="-49.218488"><ele>142.75</ele></trkpt>
      <trkpt lat="-28.178035" lon="-49.219434"><ele>160.75</ele></trkpt>
      <trkpt lat="-28.177878" lon="-49.220236"><ele>159</ele></trkpt>
      <trkpt lat="-28.177748" lon="-49.220452"><ele>157.25</ele></trkpt>
      <trkpt lat="-28.177507" lon="-49.220633"><ele>158</ele></trkpt>
      <trkpt lat="-28.177023" lon="-49.220676"><ele>161.5</ele></trkpt>
      <trkpt lat="-28.174923" lon="-49.221741"><ele>173</ele></trkpt>
      <trkpt lat="-28.1732" lon="-49.223618"><ele>192.75</ele></trkpt>
      <trkpt lat="-28.172985" lon="-49.224098"><ele>186.75</ele></trkpt>
      <trkpt lat="-28.172571" lon="-49.224463"><ele>180.25</ele></trkpt>
      <trkpt lat="-28.17079" lon="-49.22545"><ele>202.5</ele></trkpt>
      <trkpt lat="-28.17018" lon="-49.225581"><ele>210.5</ele></trkpt>
      <trkpt lat="-28.169305" lon="-49.226256"><ele>221.5</ele></trkpt>
      <trkpt lat="-28.168937" lon="-49.227269"><ele>229</ele></trkpt>
      <trkpt lat="-28.168781" lon="-49.227397"><ele>230.75</ele></trkpt>
      <trkpt lat="-28.167589" lon="-49.22773"><ele>234</ele></trkpt>
      <trkpt lat="-28.16713" lon="-49.228095"><ele>237.75</ele></trkpt>
      <trkpt lat="-28.166837" lon="-49.228588"><ele>241</ele></trkpt>
      <trkpt lat="-28.166823" lon="-49.228835"><ele>241.25</ele></trkpt>
      <trkpt lat="-28.167031" lon="-49.229532"><ele>244.5</ele></trkpt>
      <trkpt lat="-28.167144" lon="-49.231914"><ele>269.75</ele></trkpt>
      <trkpt lat="-28.167026" lon="-49.233883"><ele>259.5</ele></trkpt>
      <trkpt lat="-28.167225" lon="-49.234199"><ele>260.25</ele></trkpt>
      <trkpt lat="-28.167419" lon="-49.234956"><ele>256.5</ele></trkpt>
      <trkpt lat="-28.167423" lon="-49.237252"><ele>243.25</ele></trkpt>
      <trkpt lat="-28.167584" lon="-49.237692"><ele>235</ele></trkpt>
      <trkpt lat="-28.167577" lon="-49.238446"><ele>217.25</ele></trkpt>
      <trkpt lat="-28.167731" lon="-49.239298"><ele>208.5</ele></trkpt>
      <trkpt lat="-28.167622" lon="-49.239572"><ele>207.25</ele></trkpt>
      <trkpt lat="-28.166939" lon="-49.240028"><ele>196.75</ele></trkpt>
      <trkpt lat="-28.166818" lon="-49.240414"><ele>194.5</ele></trkpt>
      <trkpt lat="-28.166307" lon="-49.241374"><ele>194.25</ele></trkpt>
      <trkpt lat="-28.16608" lon="-49.242192"><ele>191.75</ele></trkpt>
      <trkpt lat="-28.165979" lon="-49.24238"><ele>190</ele></trkpt>
      <trkpt lat="-28.165499" lon="-49.242721"><ele>183</ele></trkpt>
      <trkpt lat="-28.165503" lon="-49.243448"><ele>178.75</ele></trkpt>
      <trkpt lat="-28.165021" lon="-49.244193"><ele>173.5</ele></trkpt>
      <trkpt lat="-28.164884" lon="-49.244706"><ele>166.5</ele></trkpt>
      <trkpt lat="-28.164671" lon="-49.244963"><ele>163</ele></trkpt>
      <trkpt lat="-28.163971" lon="-49.24528"><ele>159.25</ele></trkpt>
      <trkpt lat="-28.163602" lon="-49.245347"><ele>158.75</ele></trkpt>
      <trkpt lat="-28.162902" lon="-49.246001"><ele>157.25</ele></trkpt>
      <trkpt lat="-28.161852" lon="-49.246047"><ele>153.25</ele></trkpt>
      <trkpt lat="-28.160922" lon="-49.246607"><ele>151.25</ele></trkpt>
      <trkpt lat="-28.160348" lon="-49.247379"><ele>146.75</ele></trkpt>
      <trkpt lat="-28.159902" lon="-49.247383"><ele>145.5</ele></trkpt>
      <trkpt lat="-28.15937" lon="-49.247536"><ele>146.75</ele></trkpt>
      <trkpt lat="-28.158964" lon="-49.247413"><ele>147.5</ele></trkpt>
      <trkpt lat="-28.158697" lon="-49.247204"><ele>147.5</ele></trkpt>
      <trkpt lat="-28.158198" lon="-49.246125"><ele>144.5</ele></trkpt>
      <trkpt lat="-28.158065" lon="-49.245659"><ele>143.5</ele></trkpt>
      <trkpt lat="-28.157596" lon="-49.244977"><ele>140</ele></trkpt>
      <trkpt lat="-28.157109" lon="-49.245669"><ele>142.5</ele></trkpt>
      <trkpt lat="-28.156229" lon="-49.248093"><ele>155.25</ele></trkpt>
      <trkpt lat="-28.155482" lon="-49.249166"><ele>152.5</ele></trkpt>
      <trkpt lat="-28.154796" lon="-49.249687"><ele>150.25</ele></trkpt>
      <trkpt lat="-28.153159" lon="-49.250545"><ele>141.75</ele></trkpt>
      <trkpt lat="-28.152459" lon="-49.251237"><ele>145.25</ele></trkpt>
      <trkpt lat="-28.152054" lon="-49.251984"><ele>152.75</ele></trkpt>
      <trkpt lat="-28.151343" lon="-49.252746"><ele>163</ele></trkpt>
      <trkpt lat="-28.150671" lon="-49.253217"><ele>162</ele></trkpt>
      <trkpt lat="-28.150346" lon="-49.253328"><ele>157</ele></trkpt>
      <trkpt lat="-28.149817" lon="-49.253385"><ele>151</ele></trkpt>
      <trkpt lat="-28.149251" lon="-49.253271"><ele>150.25</ele></trkpt>
      <trkpt lat="-28.147394" lon="-49.252101"><ele>149.75</ele></trkpt>
      <trkpt lat="-28.146239" lon="-49.251776"><ele>153</ele></trkpt>
      <trkpt lat="-28.145133" lon="-49.251301"><ele>162.5</ele></trkpt>
      <trkpt lat="-28.144451" lon="-49.25128"><ele>165.25</ele></trkpt>
      <trkpt lat="-28.143804" lon="-49.251414"><ele>167.5</ele></trkpt>
      <trkpt lat="-28.143023" lon="-49.251291"><ele>161.5</ele></trkpt>
      <trkpt lat="-28.140134" lon="-49.25181"><ele>166.25</ele></trkpt>
      <trkpt lat="-28.139527" lon="-49.251545"><ele>162.25</ele></trkpt>
      <trkpt lat="-28.138697" lon="-49.251006"><ele>163</ele></trkpt>
      <trkpt lat="-28.138179" lon="-49.250978"><ele>167.5</ele></trkpt>
      <trkpt lat="-28.137856" lon="-49.251198"><ele>171.25</ele></trkpt>
      <trkpt lat="-28.137716" lon="-49.251405"><ele>174.75</ele></trkpt>
      <trkpt lat="-28.137212" lon="-49.252833"><ele>188.5</ele></trkpt>
      <trkpt lat="-28.136729" lon="-49.253409"><ele>182</ele></trkpt>
      <trkpt lat="-28.13592" lon="-49.253656"><ele>180</ele></trkpt>
      <trkpt lat="-28.134444" lon="-49.253262"><ele>160.75</ele></trkpt>
      <trkpt lat="-28.132938" lon="-49.253785"><ele>164.5</ele></trkpt>
      <trkpt lat="-28.131388" lon="-49.254524"><ele>179.5</ele></trkpt>
      <trkpt lat="-28.13043" lon="-49.255341"><ele>193.25</ele></trkpt>
      <trkpt lat="-28.129635" lon="-49.255554"><ele>196.5</ele></trkpt>
      <trkpt lat="-28.12923" lon="-49.255749"><ele>196.75</ele></trkpt>
      <trkpt lat="-28.128674" lon="-49.256534"><ele>204</ele></trkpt>
      <trkpt lat="-28.12846" lon="-49.256709"><ele>203.25</ele></trkpt>
      <trkpt lat="-28.12826" lon="-49.256768"><ele>203.5</ele></trkpt>
      <trkpt lat="-28.127785" lon="-49.256733"><ele>202.5</ele></trkpt>
      <trkpt lat="-28.127395" lon="-49.256829"><ele>203</ele></trkpt>
      <trkpt lat="-28.126824" lon="-49.257344"><ele>204</ele></trkpt>
      <trkpt lat="-28.126064" lon="-49.257653"><ele>200.5</ele></trkpt>
      <trkpt lat="-28.125427" lon="-49.25843"><ele>207</ele></trkpt>
      <trkpt lat="-28.124852" lon="-49.258939"><ele>195.25</ele></trkpt>
      <trkpt lat="-28.124205" lon="-49.260126"><ele>199</ele></trkpt>
      <trkpt lat="-28.123987" lon="-49.260356"><ele>201.25</ele></trkpt>
      <trkpt lat="-28.122454" lon="-49.261488"><ele>177</ele></trkpt>
      <trkpt lat="-28.120526" lon="-49.262763"><ele>178.75</ele></trkpt>
      <trkpt lat="-28.11899" lon="-49.263551"><ele>181.75</ele></trkpt>
      <trkpt lat="-28.118264" lon="-49.264021"><ele>183.5</ele></trkpt>
      <trkpt lat="-28.117496" lon="-49.265062"><ele>193.75</ele></trkpt>
      <trkpt lat="-28.116824" lon="-49.266912"><ele>206.25</ele></trkpt>
      <trkpt lat="-28.116288" lon="-49.267608"><ele>207</ele></trkpt>
      <trkpt lat="-28.115666" lon="-49.268082"><ele>203.5</ele></trkpt>
      <trkpt lat="-28.113935" lon="-49.268535"><ele>194.5</ele></trkpt>
      <trkpt lat="-28.113243" lon="-49.268968"><ele>191.5</ele></trkpt>
      <trkpt lat="-28.112916" lon="-49.269402"><ele>194</ele></trkpt>
      <trkpt lat="-28.112337" lon="-49.270795"><ele>206.25</ele></trkpt>
      <trkpt lat="-28.111289" lon="-49.272324"><ele>213.5</ele></trkpt>
      <trkpt lat="-28.111107" lon="-49.272959"><ele>216.25</ele></trkpt>
      <trkpt lat="-28.111151" lon="-49.273634"><ele>221.25</ele></trkpt>
      <trkpt lat="-28.11143" lon="-49.274722"><ele>230.75</ele></trkpt>
      <trkpt lat="-28.111438" lon="-49.275159"><ele>226.75</ele></trkpt>
      <trkpt lat="-28.111338" lon="-49.275829"><ele>217.75</ele></trkpt>
      <trkpt lat="-28.110888" lon="-49.277388"><ele>201</ele></trkpt>
      <trkpt lat="-28.110784" lon="-49.278322"><ele>202</ele></trkpt>
      <trkpt lat="-28.11083" lon="-49.278974"><ele>202.75</ele></trkpt>
      <trkpt lat="-28.111624" lon="-49.28183"><ele>214.25</ele></trkpt>
      <trkpt lat="-28.11226" lon="-49.283304"><ele>213</ele></trkpt>
      <trkpt lat="-28.11246" lon="-49.284341"><ele>214.5</ele></trkpt>
      <trkpt lat="-28.112391" lon="-49.284984"><ele>216.75</ele></trkpt>
      <trkpt lat="-28.111875" lon="-49.287011"><ele>224.25</ele></trkpt>
      <trkpt lat="-28.111648" lon="-49.288424"><ele>236.75</ele></trkpt>
      <trkpt lat="-28.111602" lon="-49.290571"><ele>240.75</ele></trkpt>
      <trkpt lat="-28.111415" lon="-49.291107"><ele>238.75</ele></trkpt>
      <trkpt lat="-28.11104" lon="-49.291572"><ele>228.75</ele></trkpt>
      <trkpt lat="-28.11016" lon="-49.292009"><ele>223</ele></trkpt>
      <trkpt lat="-28.109662" lon="-49.292562"><ele>225</ele></trkpt>
      <trkpt lat="-28.109489" lon="-49.293008"><ele>225.75</ele></trkpt>
      <trkpt lat="-28.10943" lon="-49.293457"><ele>227.25</ele></trkpt>
      <trkpt lat="-28.10933" lon="-49.2958"><ele>228.75</ele></trkpt>
      <trkpt lat="-28.108676" lon="-49.296824"><ele>226.5</ele></trkpt>
      <trkpt lat="-28.107508" lon="-49.299502"><ele>233</ele></trkpt>
      <trkpt lat="-28.106875" lon="-49.300734"><ele>234.75</ele></trkpt>
      <trkpt lat="-28.106471" lon="-49.301324"><ele>241.5</ele></trkpt>
      <trkpt lat="-28.10627" lon="-49.301402"><ele>246</ele></trkpt>
      <trkpt lat="-28.106055" lon="-49.301346"><ele>249.5</ele></trkpt>
      <trkpt lat="-28.105041" lon="-49.299887"><ele>268.25</ele></trkpt>
      <trkpt lat="-28.10494" lon="-49.299629"><ele>273.25</ele></trkpt>
      <trkpt lat="-28.104947" lon="-49.298673"><ele>276.5</ele></trkpt>
      <trkpt lat="-28.104815" lon="-49.298468"><ele>279.75</ele></trkpt>
      <trkpt lat="-28.104536" lon="-49.298339"><ele>286</ele></trkpt>
      <trkpt lat="-28.103944" lon="-49.298572"><ele>298.75</ele></trkpt>
      <trkpt lat="-28.103607" lon="-49.298951"><ele>310.75</ele></trkpt>
      <trkpt lat="-28.103478" lon="-49.299462"><ele>320.5</ele></trkpt>
      <trkpt lat="-28.103626" lon="-49.300523"><ele>319.25</ele></trkpt>
      <trkpt lat="-28.103426" lon="-49.300999"><ele>323.25</ele></trkpt>
      <trkpt lat="-28.103178" lon="-49.301158"><ele>328.75</ele></trkpt>
      <trkpt lat="-28.102925" lon="-49.301162"><ele>335.75</ele></trkpt>
      <trkpt lat="-28.10268" lon="-49.301058"><ele>342</ele></trkpt>
      <trkpt lat="-28.102002" lon="-49.300317"><ele>353</ele></trkpt>
      <trkpt lat="-28.101409" lon="-49.300085"><ele>353.75</ele></trkpt>
      <trkpt lat="-28.100861" lon="-49.300188"><ele>357</ele></trkpt>
      <trkpt lat="-28.100421" lon="-49.300527"><ele>359.5</ele></trkpt>
      <trkpt lat="-28.100159" lon="-49.300989"><ele>367.75</ele></trkpt>
      <trkpt lat="-28.100023" lon="-49.302725"><ele>377.5</ele></trkpt>
      <trkpt lat="-28.098572" lon="-49.308372"><ele>396</ele></trkpt>
      <trkpt lat="-28.098108" lon="-49.309221"><ele>398</ele></trkpt>
      <trkpt lat="-28.097354" lon="-49.309918"><ele>393.25</ele></trkpt>
      <trkpt lat="-28.096504" lon="-49.310218"><ele>397</ele></trkpt>
      <trkpt lat="-28.095313" lon="-49.310191"><ele>412.25</ele></trkpt>
      <trkpt lat="-28.094191" lon="-49.310447"><ele>411.5</ele></trkpt>
      <trkpt lat="-28.093829" lon="-49.310454"><ele>413.25</ele></trkpt>
      <trkpt lat="-28.093336" lon="-49.310276"><ele>416.5</ele></trkpt>
      <trkpt lat="-28.092592" lon="-49.309434"><ele>422.25</ele></trkpt>
      <trkpt lat="-28.092102" lon="-49.309252"><ele>424.25</ele></trkpt>
      <trkpt lat="-28.091589" lon="-49.309422"><ele>425.75</ele></trkpt>
      <trkpt lat="-28.090865" lon="-49.310017"><ele>433.5</ele></trkpt>
      <trkpt lat="-28.089919" lon="-49.310359"><ele>429.25</ele></trkpt>
      <trkpt lat="-28.088834" lon="-49.311212"><ele>432.5</ele></trkpt>
      <trkpt lat="-28.088566" lon="-49.311337"><ele>433.75</ele></trkpt>
      <trkpt lat="-28.08806" lon="-49.311432"><ele>438.25</ele></trkpt>
      <trkpt lat="-28.087148" lon="-49.311265"><ele>453.75</ele></trkpt>
      <trkpt lat="-28.086965" lon="-49.311308"><ele>456</ele></trkpt>
      <trkpt lat="-28.085933" lon="-49.311976"><ele>452.25</ele></trkpt>
      <trkpt lat="-28.085497" lon="-49.312085"><ele>453.5</ele></trkpt>
      <trkpt lat="-28.084695" lon="-49.311611"><ele>454.5</ele></trkpt>
      <trkpt lat="-28.084092" lon="-49.311742"><ele>450.25</ele></trkpt>
      <trkpt lat="-28.083374" lon="-49.312088"><ele>448</ele></trkpt>
      <trkpt lat="-28.083141" lon="-49.312365"><ele>450.75</ele></trkpt>
      <trkpt lat="-28.082714" lon="-49.312645"><ele>443.5</ele></trkpt>
      <trkpt lat="-28.080995" lon="-49.312915"><ele>429.75</ele></trkpt>
      <trkpt lat="-28.08055" lon="-49.313113"><ele>430.25</ele></trkpt>
      <trkpt lat="-28.079662" lon="-49.314383"><ele>448.5</ele></trkpt>
      <trkpt lat="-28.078912" lon="-49.314949"><ele>459</ele></trkpt>
      <trkpt lat="-28.078689" lon="-49.315212"><ele>463.5</ele></trkpt>
      <trkpt lat="-28.078413" lon="-49.31615"><ele>475.75</ele></trkpt>
      <trkpt lat="-28.078286" lon="-49.316454"><ele>479.75</ele></trkpt>
      <trkpt lat="-28.078119" lon="-49.316625"><ele>484.25</ele></trkpt>
      <trkpt lat="-28.07794" lon="-49.316717"><ele>490</ele></trkpt>
      <trkpt lat="-28.076795" lon="-49.316732"><ele>505.25</ele></trkpt>
      <trkpt lat="-28.076445" lon="-49.316944"><ele>509.5</ele></trkpt>
      <trkpt lat="-28.076275" lon="-49.317181"><ele>513.5</ele></trkpt>
      <trkpt lat="-28.075921" lon="-49.318191"><ele>531.75</ele></trkpt>
      <trkpt lat="-28.075339" lon="-49.318551"><ele>535.5</ele></trkpt>
      <trkpt lat="-28.074984" lon="-49.318958"><ele>540.25</ele></trkpt>
      <trkpt lat="-28.074932" lon="-49.319296"><ele>544.25</ele></trkpt>
      <trkpt lat="-28.075265" lon="-49.320029"><ele>555</ele></trkpt>
      <trkpt lat="-28.075353" lon="-49.320534"><ele>559.75</ele></trkpt>
      <trkpt lat="-28.074794" lon="-49.321747"><ele>569.25</ele></trkpt>
      <trkpt lat="-28.074437" lon="-49.321949"><ele>568.25</ele></trkpt>
      <trkpt lat="-28.073947" lon="-49.321929"><ele>561.75</ele></trkpt>
      <trkpt lat="-28.073566" lon="-49.322099"><ele>559.25</ele></trkpt>
      <trkpt lat="-28.073424" lon="-49.322234"><ele>558.5</ele></trkpt>
      <trkpt lat="-28.073351" lon="-49.322522"><ele>559.25</ele></trkpt>
      <trkpt lat="-28.073389" lon="-49.323074"><ele>559.75</ele></trkpt>
      <trkpt lat="-28.073997" lon="-49.324585"><ele>565</ele></trkpt>
      <trkpt lat="-28.073984" lon="-49.325647"><ele>571.5</ele></trkpt>
      <trkpt lat="-28.074241" lon="-49.326064"><ele>578.25</ele></trkpt>
      <trkpt lat="-28.074274" lon="-49.326429"><ele>582.5</ele></trkpt>
      <trkpt lat="-28.074134" lon="-49.32687"><ele>587.75</ele></trkpt>
      <trkpt lat="-28.073554" lon="-49.327455"><ele>594</ele></trkpt>
      <trkpt lat="-28.073154" lon="-49.328389"><ele>596.25</ele></trkpt>
      <trkpt lat="-28.072922" lon="-49.328659"><ele>596</ele></trkpt>
      <trkpt lat="-28.072195" lon="-49.329112"><ele>597.5</ele></trkpt>
      <trkpt lat="-28.071964" lon="-49.329408"><ele>598.5</ele></trkpt>
      <trkpt lat="-28.071555" lon="-49.330501"><ele>601.75</ele></trkpt>
      <trkpt lat="-28.070759" lon="-49.331522"><ele>611</ele></trkpt>
      <trkpt lat="-28.070402" lon="-49.332546"><ele>614.75</ele></trkpt>
      <trkpt lat="-28.069513" lon="-49.333497"><ele>622.75</ele></trkpt>
      <trkpt lat="-28.069401" lon="-49.333751"><ele>624.5</ele></trkpt>
      <trkpt lat="-28.069264" lon="-49.334788"><ele>631.25</ele></trkpt>
      <trkpt lat="-28.06888" lon="-49.335487"><ele>638.5</ele></trkpt>
      <trkpt lat="-28.068329" lon="-49.336022"><ele>649.25</ele></trkpt>
      <trkpt lat="-28.06711" lon="-49.336912"><ele>661.25</ele></trkpt>
      <trkpt lat="-28.066359" lon="-49.338093"><ele>678</ele></trkpt>
      <trkpt lat="-28.065801" lon="-49.338712"><ele>686.75</ele></trkpt>
      <trkpt lat="-28.065278" lon="-49.338941"><ele>691.5</ele></trkpt>
      <trkpt lat="-28.064019" lon="-49.339144"><ele>697.75</ele></trkpt>
      <trkpt lat="-28.063545" lon="-49.339405"><ele>699</ele></trkpt>
      <trkpt lat="-28.062949" lon="-49.340649"><ele>699.75</ele></trkpt>
      <trkpt lat="-28.062384" lon="-49.341147"><ele>698</ele></trkpt>
      <trkpt lat="-28.062254" lon="-49.341383"><ele>696.75</ele></trkpt>
      <trkpt lat="-28.062122" lon="-49.342222"><ele>705</ele></trkpt>
      <trkpt lat="-28.061768" lon="-49.342983"><ele>704.5</ele></trkpt>
      <trkpt lat="-28.061741" lon="-49.343282"><ele>707.25</ele></trkpt>
      <trkpt lat="-28.061865" lon="-49.343954"><ele>710.75</ele></trkpt>
      <trkpt lat="-28.061715" lon="-49.344483"><ele>712.5</ele></trkpt>
      <trkpt lat="-28.059005" lon="-49.346848"><ele>733.25</ele></trkpt>
      <trkpt lat="-28.05861" lon="-49.347323"><ele>739.5</ele></trkpt>
      <trkpt lat="-28.058281" lon="-49.349596"><ele>752.5</ele></trkpt>
      <trkpt lat="-28.058383" lon="-49.351366"><ele>768.5</ele></trkpt>
      <trkpt lat="-28.058525" lon="-49.351723"><ele>771.75</ele></trkpt>
      <trkpt lat="-28.059427" lon="-49.352976"><ele>780.25</ele></trkpt>
      <trkpt lat="-28.059502" lon="-49.353247"><ele>781.5</ele></trkpt>
      <trkpt lat="-28.059432699049" lon="-49.35359217329"><ele>1244.25</ele></trkpt>
      <trkpt lat="-28.059169326749" lon="-49.354229545318"></trkpt>
      <trkpt lat="-28.058705075702" lon="-49.354922560936"></trkpt>
      <trkpt lat="-28.058653533515" lon="-49.355334431665"></trkpt>
      <trkpt lat="-28.058341158529" lon="-49.355334431665"></trkpt>
      <trkpt lat="-28.05819586753" lon="-49.355424984407"></trkpt>
      <trkpt lat="-28.058123221956" lon="-49.356371672158"></trkpt>
      <trkpt lat="-28.057593121747" lon="-49.356233383322"></trkpt>
      <trkpt lat="-28.057086013111" lon="-49.356363983804"></trkpt>
      <trkpt lat="-28.056837067995" lon="-49.356588616632"></trkpt>
      <trkpt lat="-28.056641241536" lon="-49.356931452741"></trkpt>
      <trkpt lat="-28.056910829572" lon="-49.357523716079"></trkpt>
      <trkpt lat="-28.056993811283" lon="-49.3579364136"></trkpt>
      <trkpt lat="-28.057360440468" lon="-49.358668418964"></trkpt>
      <trkpt lat="-28.057819014824" lon="-49.358970769413"></trkpt>
      <trkpt lat="-28.058457391188" lon="-49.359145878873"></trkpt>
      <trkpt lat="-28.058152280191" lon="-49.360051406288"></trkpt>
      <trkpt lat="-28.05832762172" lon="-49.360247244437"></trkpt>
      <trkpt lat="-28.058700040305" lon="-49.360338841943"></trkpt>
      <trkpt lat="-28.058948849856" lon="-49.360873926324"></trkpt>
      <trkpt lat="-28.058785398391" lon="-49.361166164717"></trkpt>
      <trkpt lat="-28.05883679994" lon="-49.361431758788"></trkpt>
      <trkpt lat="-28.059432488241" lon="-49.362164412786"></trkpt>
      <trkpt lat="-28.059701273344" lon="-49.362222037258"></trkpt>
      <trkpt lat="-28.060137139651" lon="-49.362658336831"></trkpt>
      <trkpt lat="-28.060376865367" lon="-49.363168725009"></trkpt>
      <trkpt lat="-28.060611214905" lon="-49.363418550446"></trkpt>
      <trkpt lat="-28.06063117678" lon="-49.363775072386"></trkpt>
      <trkpt lat="-28.060493095821" lon="-49.364066020356"></trkpt>
      <trkpt lat="-28.060056385467" lon="-49.364047286031"></trkpt>
      <trkpt lat="-28.059580014471" lon="-49.363882163554"></trkpt>
      <trkpt lat="-28.059301727674" lon="-49.363934307278"></trkpt>
      <trkpt lat="-28.059243751321" lon="-49.364714126803"></trkpt>
      <trkpt lat="-28.059141908992" lon="-49.364905691232"></trkpt>
      <trkpt lat="-28.05898594886" lon="-49.364866547554"></trkpt>
      <trkpt lat="-28.058588035152" lon="-49.364434688768"></trkpt>
      <trkpt lat="-28.057949128371" lon="-49.363983777388"></trkpt>
      <trkpt lat="-28.057831434603" lon="-49.364072689491"></trkpt>
      <trkpt lat="-28.05812006433" lon="-49.365298406339"></trkpt>
      <trkpt lat="-28.058010777436" lon="-49.365387318442"></trkpt>
      <trkpt lat="-28.057712836443" lon="-49.365228430864"></trkpt>
      <trkpt lat="-28.05757186266" lon="-49.365251252038"></trkpt>
      <trkpt lat="-28.057289914537" lon="-49.365468053193"></trkpt>
      <trkpt lat="-28.056927408723" lon="-49.365570748477"></trkpt>
      <trkpt lat="-28.05664545891" lon="-49.365844602568"></trkpt>
      <trkpt lat="-28.056642895046" lon="-49.366453319904"></trkpt>
      <trkpt lat="-28.056539572689" lon="-49.366493280278"></trkpt>
      <trkpt lat="-28.056315867755" lon="-49.366261184779"></trkpt>
      <trkpt lat="-28.056247594079" lon="-49.366320443205"></trkpt>
      <trkpt lat="-28.056472751783" lon="-49.366624965667"></trkpt>
      <trkpt lat="-28.056414646615" lon="-49.366680931958"></trkpt>
      <trkpt lat="-28.056305699338" lon="-49.366573937579"></trkpt>
      <trkpt lat="-28.056252741868" lon="-49.366643343665"></trkpt>
      <trkpt lat="-28.056343369005" lon="-49.367031303627"></trkpt>
      <trkpt lat="-28.056064" lon="-49.366833"><ele>1244.25</ele></trkpt>
      <trkpt lat="-28.054625" lon="-49.368325"><ele>1184.25</ele></trkpt>
      <trkpt lat="-28.05454" lon="-49.368509"><ele>1174.5</ele></trkpt>
      <trkpt lat="-28.054593" lon="-49.368674"><ele>1169</ele></trkpt>
      <trkpt lat="-28.055054" lon="-49.369181"><ele>1167.5</ele></trkpt>
      <trkpt lat="-28.055133" lon="-49.369535"><ele>1160</ele></trkpt>
      <trkpt lat="-28.055386" lon="-49.369917"><ele>1161</ele></trkpt>
      <trkpt lat="-28.055693" lon="-49.37157"><ele>1142.75</ele></trkpt>
      <trkpt lat="-28.055654" lon="-49.37274"><ele>1128.5</ele></trkpt>
      <trkpt lat="-28.055567" lon="-49.372796"><ele>1123.5</ele></trkpt>
      <trkpt lat="-28.055086" lon="-49.371667"><ele>1111</ele></trkpt>
      <trkpt lat="-28.054984" lon="-49.371621"><ele>1107</ele></trkpt>
      <trkpt lat="-28.054939" lon="-49.371689"><ele>1104.75</ele></trkpt>
      <trkpt lat="-28.055004" lon="-49.37212"><ele>1103.25</ele></trkpt>
      <trkpt lat="-28.054774" lon="-49.372929"><ele>1088</ele></trkpt>
      <trkpt lat="-28.054964" lon="-49.373249"><ele>1090</ele></trkpt>
      <trkpt lat="-28.054983" lon="-49.373506"><ele>1088.5</ele></trkpt>
      <trkpt lat="-28.054598" lon="-49.374285"><ele>1072.25</ele></trkpt>
      <trkpt lat="-28.054645" lon="-49.374935"><ele>1065.5</ele></trkpt>
      <trkpt lat="-28.055251" lon="-49.375732"><ele>1062.5</ele></trkpt>
      <trkpt lat="-28.055251" lon="-49.375832"><ele>1060.25</ele></trkpt>
      <trkpt lat="-28.055158" lon="-49.375893"><ele>1057.25</ele></trkpt>
      <trkpt lat="-28.054946" lon="-49.375779"><ele>1055.25</ele></trkpt>
      <trkpt lat="-28.054827" lon="-49.375825"><ele>1052.5</ele></trkpt>
      <trkpt lat="-28.053772" lon="-49.377711"><ele>1029.5</ele></trkpt>
      <trkpt lat="-28.053021" lon="-49.378341"><ele>1028.25</ele></trkpt>
      <trkpt lat="-28.052262" lon="-49.378831"><ele>1028.25</ele></trkpt>
      <trkpt lat="-28.051449" lon="-49.37986"><ele>1028</ele></trkpt>
      <trkpt lat="-28.049954" lon="-49.381521"><ele>1025.75</ele></trkpt>
      <trkpt lat="-28.048888" lon="-49.383101"><ele>1025.25</ele></trkpt>
      <trkpt lat="-28.047985" lon="-49.384145"><ele>1025</ele></trkpt>
      <trkpt lat="-28.047849" lon="-49.384484"><ele>1023.5</ele></trkpt>
      <trkpt lat="-28.047854" lon="-49.385731"><ele>1019.75</ele></trkpt>
      <trkpt lat="-28.047318" lon="-49.388048"><ele>1007</ele></trkpt>
      <trkpt lat="-28.046865" lon="-49.391256"><ele>993.25</ele></trkpt>
      <trkpt lat="-28.046768" lon="-49.39078"><ele>992.25</ele></trkpt>
      <trkpt lat="-28.046795" lon="-49.389334"><ele>989.75</ele></trkpt>
      <trkpt lat="-28.046525" lon="-49.388623"><ele>986.25</ele></trkpt>
      <trkpt lat="-28.04622" lon="-49.388311"><ele>984.75</ele></trkpt>
      <trkpt lat="-28.045979" lon="-49.387893"><ele>986.5</ele></trkpt>
      <trkpt lat="-28.04557" lon="-49.387683"><ele>985.25</ele></trkpt>
      <trkpt lat="-28.044874" lon="-49.386815"><ele>991.75</ele></trkpt>
      <trkpt lat="-28.044622" lon="-49.386063"><ele>994</ele></trkpt>
      <trkpt lat="-28.044248" lon="-49.385653"><ele>988.5</ele></trkpt>
      <trkpt lat="-28.043964" lon="-49.385921"><ele>986.5</ele></trkpt>
      <trkpt lat="-28.043589" lon="-49.386131"><ele>985.5</ele></trkpt>
      <trkpt lat="-28.042556" lon="-49.386206"><ele>985.75</ele></trkpt>
      <trkpt lat="-28.042311" lon="-49.386412"><ele>985.5</ele></trkpt>
      <trkpt lat="-28.041798" lon="-49.386588"><ele>984.25</ele></trkpt>
      <trkpt lat="-28.040531" lon="-49.3866"><ele>986.25</ele></trkpt>
      <trkpt lat="-28.039886" lon="-49.386871"><ele>987</ele></trkpt>
      <trkpt lat="-28.039577" lon="-49.386916"><ele>987.5</ele></trkpt>
      <trkpt lat="-28.038944" lon="-49.386522"><ele>987.75</ele></trkpt>
      <trkpt lat="-28.038372" lon="-49.386356"><ele>989.5</ele></trkpt>
      <trkpt lat="-28.036748" lon="-49.385101"><ele>995</ele></trkpt>
      <trkpt lat="-28.036097" lon="-49.384865"><ele>995.5</ele></trkpt>
      <trkpt lat="-28.03555" lon="-49.384234"><ele>1001</ele></trkpt>
      <trkpt lat="-28.035002" lon="-49.384"><ele>998</ele></trkpt>
      <trkpt lat="-28.034291" lon="-49.383311"><ele>1000</ele></trkpt>
      <trkpt lat="-28.032712" lon="-49.382274"><ele>1001</ele></trkpt>
      <trkpt lat="-28.032059" lon="-49.382126"><ele>1000.25</ele></trkpt>
      <trkpt lat="-28.031266" lon="-49.381726"><ele>1001.5</ele></trkpt>
      <trkpt lat="-28.030462" lon="-49.380609"><ele>1005</ele></trkpt>
      <trkpt lat="-28.02955" lon="-49.379914"><ele>1004.5</ele></trkpt>
      <trkpt lat="-28.02891" lon="-49.379044"><ele>1007.25</ele></trkpt>
      <trkpt lat="-28.028825" lon="-49.37874"><ele>1007.75</ele></trkpt>
      <trkpt lat="-28.02878" lon="-49.377794"><ele>1011.5</ele></trkpt>
      <trkpt lat="-28.028579" lon="-49.377442"><ele>1010.5</ele></trkpt>
      <trkpt lat="-28.028354" lon="-49.376719"><ele>1009</ele></trkpt>
      <trkpt lat="-28.026838" lon="-49.375522"><ele>1014.5</ele></trkpt>
      <trkpt lat="-28.02667" lon="-49.375227"><ele>1014.5</ele></trkpt>
      <trkpt lat="-28.026526" lon="-49.374659"><ele>1026</ele></trkpt>
      <trkpt lat="-28.026223" lon="-49.37413"><ele>1029.75</ele></trkpt>
      <trkpt lat="-28.025792" lon="-49.373685"><ele>1019.75</ele></trkpt>
      <trkpt lat="-28.025001" lon="-49.373653"><ele>1010.25</ele></trkpt>
      <trkpt lat="-28.024554" lon="-49.37354"><ele>1012.25</ele></trkpt>
      <trkpt lat="-28.024331" lon="-49.373401"><ele>1013</ele></trkpt>
      <trkpt lat="-28.024161" lon="-49.373154"><ele>1013.25</ele></trkpt>
      <trkpt lat="-28.023893" lon="-49.371966"><ele>1012.25</ele></trkpt>
      <trkpt lat="-28.024015" lon="-49.370873"><ele>1014.25</ele></trkpt>
      <trkpt lat="-28.023933" lon="-49.369857"><ele>1017.75</ele></trkpt>
      <trkpt lat="-28.023787" lon="-49.369535"><ele>1019</ele></trkpt>
      <trkpt lat="-28.023169" lon="-49.369107"><ele>1018.75</ele></trkpt>
      <trkpt lat="-28.022873" lon="-49.369093"><ele>1019</ele></trkpt>
      <trkpt lat="-28.022477" lon="-49.369235"><ele>1019</ele></trkpt>
      <trkpt lat="-28.021326" lon="-49.369377"><ele>1020.5</ele></trkpt>
      <trkpt lat="-28.020293" lon="-49.36937"><ele>1019.5</ele></trkpt>
      <trkpt lat="-28.019496" lon="-49.369597"><ele>1021.5</ele></trkpt>
      <trkpt lat="-28.018165" lon="-49.37044"><ele>1024.5</ele></trkpt>
      <trkpt lat="-28.016783" lon="-49.370944"><ele>1031</ele></trkpt>
      <trkpt lat="-28.016253" lon="-49.371282"><ele>1035.25</ele></trkpt>
      <trkpt lat="-28.016008" lon="-49.371354"><ele>1037</ele></trkpt>
      <trkpt lat="-28.015606" lon="-49.371856"><ele>1042</ele></trkpt>
      <trkpt lat="-28.014358" lon="-49.372736"><ele>1050.75</ele></trkpt>
      <trkpt lat="-28.013925" lon="-49.373297"><ele>1038.75</ele></trkpt>
      <trkpt lat="-28.012956" lon="-49.373988"><ele>1045</ele></trkpt>
      <trkpt lat="-28.012466" lon="-49.374514"><ele>1049</ele></trkpt>
      <trkpt lat="-28.011618" lon="-49.374951"><ele>1045.25</ele></trkpt>
      <trkpt lat="-28.010983" lon="-49.375023"><ele>1044.25</ele></trkpt>
      <trkpt lat="-28.009132" lon="-49.37574"><ele>1046.5</ele></trkpt>
      <trkpt lat="-28.00885" lon="-49.375772"><ele>1044.75</ele></trkpt>
      <trkpt lat="-28.007685" lon="-49.375565"><ele>1050.5</ele></trkpt>
      <trkpt lat="-28.007425" lon="-49.375414"><ele>1053</ele></trkpt>
      <trkpt lat="-28.006425" lon="-49.374326"><ele>1063.25</ele></trkpt>
      <trkpt lat="-28.005537" lon="-49.373505"><ele>1070.5</ele></trkpt>
      <trkpt lat="-28.005208" lon="-49.373425"><ele>1067</ele></trkpt>
      <trkpt lat="-28.004616" lon="-49.373524"><ele>1062.5</ele></trkpt>
      <trkpt lat="-28.003702" lon="-49.373409"><ele>1061.5</ele></trkpt>
      <trkpt lat="-28.001814" lon="-49.371236"><ele>1068</ele></trkpt>
      <trkpt lat="-28.001435" lon="-49.370909"><ele>1067.25</ele></trkpt>
      <trkpt lat="-28.000798" lon="-49.369884"><ele>1074.75</ele></trkpt>
      <trkpt lat="-27.999576" lon="-49.368871"><ele>1082.5</ele></trkpt>
      <trkpt lat="-27.999169" lon="-49.368297"><ele>1096.75</ele></trkpt>
      <trkpt lat="-27.998465" lon="-49.368082"><ele>1103</ele></trkpt>
      <trkpt lat="-27.998179" lon="-49.368133"><ele>1097.75</ele></trkpt>
      <trkpt lat="-27.997989" lon="-49.368082"><ele>1097.75</ele></trkpt>
      <trkpt lat="-27.997973" lon="-49.367486"><ele>1124</ele></trkpt>
      <trkpt lat="-27.998513" lon="-49.367599"><ele>1127.25</ele></trkpt>
      <trkpt lat="-27.998593" lon="-49.367508"><ele>1132.5</ele></trkpt>
      <trkpt lat="-27.998295" lon="-49.36732"><ele>1139</ele></trkpt>
      <trkpt lat="-27.998068" lon="-49.36688"><ele>1157.5</ele></trkpt>
      <trkpt lat="-27.998153" lon="-49.366832"><ele>1162</ele></trkpt>
      <trkpt lat="-27.998617" lon="-49.367015"><ele>1161.5</ele></trkpt>
      <trkpt lat="-27.998667" lon="-49.366929"><ele>1167.25</ele></trkpt>
      <trkpt lat="-27.99815" lon="-49.366272"><ele>1187.5</ele></trkpt>
      <trkpt lat="-27.99803" lon="-49.36618"><ele>1188</ele></trkpt>
      <trkpt lat="-27.9978" lon="-49.366161"><ele>1181.75</ele></trkpt>
      <trkpt lat="-27.997776" lon="-49.36607"><ele>1184.75</ele></trkpt>
      <trkpt lat="-27.998671" lon="-49.365885"><ele>1214.25</ele></trkpt>
      <trkpt lat="-27.998906" lon="-49.365681"><ele>1226</ele></trkpt>
      <trkpt lat="-27.998949" lon="-49.365464"><ele>1236</ele></trkpt>
      <trkpt lat="-27.998842" lon="-49.365335"><ele>1239.5</ele></trkpt>
      <trkpt lat="-27.998356" lon="-49.365118"><ele>1238</ele></trkpt>
      <trkpt lat="-27.997483" lon="-49.363978"><ele>1260.75</ele></trkpt>
      <trkpt lat="-27.997402" lon="-49.363257"><ele>1272</ele></trkpt>
      <trkpt lat="-27.997097" lon="-49.362757"><ele>1277.5</ele></trkpt>
      <trkpt lat="-27.997115" lon="-49.361527"><ele>1302.5</ele></trkpt>
      <trkpt lat="-27.996718" lon="-49.36099"><ele>1306</ele></trkpt>
      <trkpt lat="-27.996669" lon="-49.360719"><ele>1310</ele></trkpt>
      <trkpt lat="-27.996434" lon="-49.360344"><ele>1309.25</ele></trkpt>
      <trkpt lat="-27.996786" lon="-49.359612"><ele>1323</ele></trkpt>
      <trkpt lat="-27.996779" lon="-49.359417"><ele>1324.25</ele></trkpt>
      <trkpt lat="-27.996553" lon="-49.358863"><ele>1325.5</ele></trkpt>
      <trkpt lat="-27.996593" lon="-49.358306"><ele>1335</ele></trkpt>
      <trkpt lat="-27.996298" lon="-49.357447"><ele>1341</ele></trkpt>
      <trkpt lat="-27.995749" lon="-49.356618"><ele>1327.75</ele></trkpt>
      <trkpt lat="-27.995756" lon="-49.356401"><ele>1327.75</ele></trkpt>
      <trkpt lat="-27.996095" lon="-49.355688"><ele>1340.25</ele></trkpt>
      <trkpt lat="-27.99597" lon="-49.355584"><ele>1338.5</ele></trkpt>
      <trkpt lat="-27.995283" lon="-49.355519"><ele>1332.5</ele></trkpt>
      <trkpt lat="-27.99523" lon="-49.354933"><ele>1348</ele></trkpt>
      <trkpt lat="-27.994988" lon="-49.354691"><ele>1354.5</ele></trkpt>
      <trkpt lat="-27.99448" lon="-49.354521"><ele>1355.25</ele></trkpt>
      <trkpt lat="-27.994058" lon="-49.354475"><ele>1352</ele></trkpt>
      <trkpt lat="-27.993883" lon="-49.354354"><ele>1352</ele></trkpt>
      <trkpt lat="-27.993419" lon="-49.353311"><ele>1361.5</ele></trkpt>
      <trkpt lat="-27.993267" lon="-49.352536"><ele>1372.5</ele></trkpt>
      <trkpt lat="-27.992895" lon="-49.35164"><ele>1381.5</ele></trkpt>
      <trkpt lat="-27.992578" lon="-49.351224"><ele>1384.75</ele></trkpt>
      <trkpt lat="-27.992106" lon="-49.350806"><ele>1386.5</ele></trkpt>
      <trkpt lat="-27.991321" lon="-49.349245"><ele>1389.5</ele></trkpt>
      <trkpt lat="-27.990846" lon="-49.348816"><ele>1388.25</ele></trkpt>
      <trkpt lat="-27.990316" lon="-49.348124"><ele>1388.5</ele></trkpt>
      <trkpt lat="-27.989847" lon="-49.346619"><ele>1402.25</ele></trkpt>
      <trkpt lat="-27.989901" lon="-49.34597"><ele>1410.75</ele></trkpt>
      <trkpt lat="-27.989707" lon="-49.345369"><ele>1413.25</ele></trkpt>
      <trkpt lat="-27.9897" lon="-49.345036"><ele>1417</ele></trkpt>
      <trkpt lat="-27.989776" lon="-49.344712"><ele>1418.5</ele></trkpt>
      <trkpt lat="-27.99013" lon="-49.343974"><ele>1425.5</ele></trkpt>
      <trkpt lat="-27.990108" lon="-49.343701"><ele>1424</ele></trkpt>
      <trkpt lat="-27.989933" lon="-49.343448"><ele>1420.5</ele></trkpt>
      <trkpt lat="-27.989878" lon="-49.343213"><ele>1420.75</ele></trkpt>
      <trkpt lat="-27.990028" lon="-49.3428"><ele>1424.5</ele></trkpt>
      <trkpt lat="-27.990103" lon="-49.342268"><ele>1431.5</ele></trkpt>
      <trkpt lat="-27.989998" lon="-49.341456"><ele>1442.75</ele></trkpt>
      <trkpt lat="-27.990086" lon="-49.340857"><ele>1450</ele></trkpt>
      <trkpt lat="-27.990238" lon="-49.340632"><ele>1448.75</ele></trkpt>
      <trkpt lat="-27.990529" lon="-49.340444"><ele>1445.25</ele></trkpt>
      <trkpt lat="-27.990676" lon="-49.340198"><ele>1442.25</ele></trkpt>
      <trkpt lat="-27.990726" lon="-49.339857"><ele>1438.25</ele></trkpt>
      <trkpt lat="-27.990522" lon="-49.339227"><ele>1432</ele></trkpt>
      <trkpt lat="-27.991223" lon="-49.339103"><ele>1418.75</ele></trkpt>
      <trkpt lat="-27.991385" lon="-49.33889"><ele>1412.5</ele></trkpt>
      <trkpt lat="-27.99133" lon="-49.338476"><ele>1406</ele></trkpt>
      <trkpt lat="-27.99016" lon="-49.338199"><ele>1413.5</ele></trkpt>
      <trkpt lat="-27.990096" lon="-49.337939"><ele>1416.75</ele></trkpt>
      <trkpt lat="-27.990579" lon="-49.337564"><ele>1411.5</ele></trkpt>
      <trkpt lat="-27.990756" lon="-49.33717"><ele>1416.75</ele></trkpt>
      <trkpt lat="-27.991339" lon="-49.336668"><ele>1415.75</ele></trkpt>
      <trkpt lat="-27.991611" lon="-49.336059"><ele>1416.75</ele></trkpt>
      <trkpt lat="-27.991571" lon="-49.335665"><ele>1420</ele></trkpt>
      <trkpt lat="-27.991119" lon="-49.334825"><ele>1428.5</ele></trkpt>
      <trkpt lat="-27.991206" lon="-49.334359"><ele>1423.75</ele></trkpt>
      <trkpt lat="-27.991166" lon="-49.333723"><ele>1424</ele></trkpt>
      <trkpt lat="-27.99123" lon="-49.333278"><ele>1422.25</ele></trkpt>
      <trkpt lat="-27.991529" lon="-49.332467"><ele>1417.25</ele></trkpt>
      <trkpt lat="-27.991867" lon="-49.332382"><ele>1412.25</ele></trkpt>
      <trkpt lat="-27.992047" lon="-49.332204"><ele>1410.5</ele></trkpt>
      <trkpt lat="-27.99214" lon="-49.331338"><ele>1412</ele></trkpt>
      <trkpt lat="-27.992081" lon="-49.331021"><ele>1413.25</ele></trkpt>
      <trkpt lat="-27.992161" lon="-49.330874"><ele>1413.5</ele></trkpt>
      <trkpt lat="-27.992478" lon="-49.330759"><ele>1413</ele></trkpt>
      <trkpt lat="-27.992161" lon="-49.330874"><ele>1413.5</ele></trkpt>
      <trkpt lat="-27.992081" lon="-49.331021"><ele>1413.25</ele></trkpt>
      <trkpt lat="-27.99214" lon="-49.331338"><ele>1412</ele></trkpt>
      <trkpt lat="-27.992047" lon="-49.332204"><ele>1410.5</ele></trkpt>
      <trkpt lat="-27.991867" lon="-49.332382"><ele>1412.25</ele></trkpt>
      <trkpt lat="-27.991529" lon="-49.332467"><ele>1417.25</ele></trkpt>
      <trkpt lat="-27.99123" lon="-49.333278"><ele>1422.25</ele></trkpt>
      <trkpt lat="-27.991166" lon="-49.333723"><ele>1424</ele></trkpt>
      <trkpt lat="-27.991206" lon="-49.334359"><ele>1423.75</ele></trkpt>
      <trkpt lat="-27.991119" lon="-49.334825"><ele>1428.5</ele></trkpt>
      <trkpt lat="-27.991571" lon="-49.335665"><ele>1420</ele></trkpt>
      <trkpt lat="-27.991611" lon="-49.336059"><ele>1416.75</ele></trkpt>
      <trkpt lat="-27.991339" lon="-49.336668"><ele>1415.75</ele></trkpt>
      <trkpt lat="-27.990756" lon="-49.33717"><ele>1416.75</ele></trkpt>
      <trkpt lat="-27.990579" lon="-49.337564"><ele>1411.5</ele></trkpt>
      <trkpt lat="-27.990096" lon="-49.337939"><ele>1416.75</ele></trkpt>
      <trkpt lat="-27.99016" lon="-49.338199"><ele>1413.5</ele></trkpt>
      <trkpt lat="-27.99133" lon="-49.338476"><ele>1406</ele></trkpt>
      <trkpt lat="-27.991385" lon="-49.33889"><ele>1412.5</ele></trkpt>
      <trkpt lat="-27.991223" lon="-49.339103"><ele>1418.75</ele></trkpt>
      <trkpt lat="-27.990522" lon="-49.339227"><ele>1432</ele></trkpt>
      <trkpt lat="-27.990726" lon="-49.339857"><ele>1438.25</ele></trkpt>
      <trkpt lat="-27.990711" lon="-49.340045"><ele>1441</ele></trkpt>
      <trkpt lat="-27.990529" lon="-49.340444"><ele>1445.25</ele></trkpt>
      <trkpt lat="-27.990238" lon="-49.340632"><ele>1448.75</ele></trkpt>
      <trkpt lat="-27.990086" lon="-49.340857"><ele>1450</ele></trkpt>
      <trkpt lat="-27.989998" lon="-49.341456"><ele>1442.75</ele></trkpt>
      <trkpt lat="-27.990103" lon="-49.342268"><ele>1431.5</ele></trkpt>
      <trkpt lat="-27.989982" lon="-49.342895"><ele>1423.5</ele></trkpt>
      <trkpt lat="-27.989961" lon="-49.342389"><ele>1427.5</ele></trkpt>
      <trkpt lat="-27.989679" lon="-49.34182"><ele>1434</ele></trkpt>
      <trkpt lat="-27.989129" lon="-49.341719"><ele>1430</ele></trkpt>
      <trkpt lat="-27.988329" lon="-49.34133"><ele>1431.75</ele></trkpt>
      <trkpt lat="-27.988061" lon="-49.340753"><ele>1440</ele></trkpt>
      <trkpt lat="-27.987258" lon="-49.340415"><ele>1438</ele></trkpt>
      <trkpt lat="-27.986657" lon="-49.339549"><ele>1441.25</ele></trkpt>
      <trkpt lat="-27.986446" lon="-49.339624"><ele>1443.25</ele></trkpt>
      <trkpt lat="-27.98597" lon="-49.340152"><ele>1444.25</ele></trkpt>
      <trkpt lat="-27.985619" lon="-49.340812"><ele>1446.75</ele></trkpt>
      <trkpt lat="-27.985136" lon="-49.34112"><ele>1457.5</ele></trkpt>
      <trkpt lat="-27.984878" lon="-49.3417"><ele>1461.75</ele></trkpt>
      <trkpt lat="-27.984686" lon="-49.34244"><ele>1462</ele></trkpt>
      <trkpt lat="-27.984325" lon="-49.342719"><ele>1466.25</ele></trkpt>
      <trkpt lat="-27.983918" lon="-49.3427"><ele>1469</ele></trkpt>
      <trkpt lat="-27.9829" lon="-49.342051"><ele>1487.5</ele></trkpt>
      <trkpt lat="-27.982322" lon="-49.341823"><ele>1495.75</ele></trkpt>
      <trkpt lat="-27.981862" lon="-49.341075"><ele>1511</ele></trkpt>
      <trkpt lat="-27.981784" lon="-49.340243"><ele>1506.25</ele></trkpt>
      <trkpt lat="-27.983094" lon="-49.338414"><ele>1513</ele></trkpt>
      <trkpt lat="-27.982997" lon="-49.337676"><ele>1509</ele></trkpt>
      <trkpt lat="-27.983142" lon="-49.337279"><ele>1511.75</ele></trkpt>
      <trkpt lat="-27.983329" lon="-49.33706"><ele>1515.5</ele></trkpt>
      <trkpt lat="-27.9842" lon="-49.336703"><ele>1526.75</ele></trkpt>
      <trkpt lat="-27.984442" lon="-49.336333"><ele>1532.75</ele></trkpt>
      <trkpt lat="-27.984503" lon="-49.336075"><ele>1539</ele></trkpt>
      <trkpt lat="-27.984499" lon="-49.335949"><ele>1542</ele></trkpt>
      <trkpt lat="-27.9842" lon="-49.335566"><ele>1548.5</ele></trkpt>
      <trkpt lat="-27.984075" lon="-49.335212"><ele>1553.75</ele></trkpt>
      <trkpt lat="-27.983757" lon="-49.335008"><ele>1551.25</ele></trkpt>
      <trkpt lat="-27.983369" lon="-49.334466"><ele>1549.5</ele></trkpt>
      <trkpt lat="-27.982571" lon="-49.331907"><ele>1556</ele></trkpt>
      <trkpt lat="-27.982526" lon="-49.331282"><ele>1557.5</ele></trkpt>
      <trkpt lat="-27.983205" lon="-49.329332"><ele>1563.5</ele></trkpt>
      <trkpt lat="-27.983729" lon="-49.328584"><ele>1559.25</ele></trkpt>
      <trkpt lat="-27.983653" lon="-49.327524"><ele>1559.25</ele></trkpt>
      <trkpt lat="-27.983283" lon="-49.326494"><ele>1567.75</ele></trkpt>
      <trkpt lat="-27.983042" lon="-49.325282"><ele>1586</ele></trkpt>
      <trkpt lat="-27.982815" lon="-49.324823"><ele>1592</ele></trkpt>
      <trkpt lat="-27.983471" lon="-49.323984"><ele>1596.5</ele></trkpt>
      <trkpt lat="-27.983438" lon="-49.32234"><ele>1601.5</ele></trkpt>
      <trkpt lat="-27.983658" lon="-49.321725"><ele>1606.75</ele></trkpt>
      <trkpt lat="-27.983923" lon="-49.3201"><ele>1607.25</ele></trkpt>
      <trkpt lat="-27.983658" lon="-49.321725"><ele>1606.75</ele></trkpt>
      <trkpt lat="-27.983438" lon="-49.32234"><ele>1601.5</ele></trkpt>
      <trkpt lat="-27.983471" lon="-49.323984"><ele>1596.5</ele></trkpt>
      <trkpt lat="-27.982815" lon="-49.324823"><ele>1592</ele></trkpt>
      <trkpt lat="-27.983042" lon="-49.325282"><ele>1586</ele></trkpt>
      <trkpt lat="-27.983283" lon="-49.326494"><ele>1567.75</ele></trkpt>
      <trkpt lat="-27.983653" lon="-49.327524"><ele>1559.25</ele></trkpt>
      <trkpt lat="-27.983729" lon="-49.328584"><ele>1559.25</ele></trkpt>
      <trkpt lat="-27.983205" lon="-49.329332"><ele>1563.5</ele></trkpt>
      <trkpt lat="-27.982526" lon="-49.331282"><ele>1557.5</ele></trkpt>
      <trkpt lat="-27.982571" lon="-49.331907"><ele>1556</ele></trkpt>
      <trkpt lat="-27.983369" lon="-49.334466"><ele>1549.5</ele></trkpt>
      <trkpt lat="-27.983757" lon="-49.335008"><ele>1551.25</ele></trkpt>
      <trkpt lat="-27.984075" lon="-49.335212"><ele>1553.75</ele></trkpt>
      <trkpt lat="-27.9842" lon="-49.335566"><ele>1548.5</ele></trkpt>
      <trkpt lat="-27.984499" lon="-49.335949"><ele>1542</ele></trkpt>
      <trkpt lat="-27.984503" lon="-49.336075"><ele>1539</ele></trkpt>
      <trkpt lat="-27.984442" lon="-49.336333"><ele>1532.75</ele></trkpt>
      <trkpt lat="-27.9842" lon="-49.336703"><ele>1526.75</ele></trkpt>
      <trkpt lat="-27.983329" lon="-49.33706"><ele>1515.5</ele></trkpt>
      <trkpt lat="-27.983142" lon="-49.337279"><ele>1511.75</ele></trkpt>
      <trkpt lat="-27.982997" lon="-49.337676"><ele>1509</ele></trkpt>
      <trkpt lat="-27.983094" lon="-49.338414"><ele>1513</ele></trkpt>
      <trkpt lat="-27.981784" lon="-49.340243"><ele>1506.25</ele></trkpt>
      <trkpt lat="-27.981862" lon="-49.341075"><ele>1511</ele></trkpt>
      <trkpt lat="-27.982322" lon="-49.341823"><ele>1495.75</ele></trkpt>
      <trkpt lat="-27.9829" lon="-49.342051"><ele>1487.5</ele></trkpt>
      <trkpt lat="-27.983918" lon="-49.3427"><ele>1469</ele></trkpt>
      <trkpt lat="-27.984325" lon="-49.342719"><ele>1466.25</ele></trkpt>
      <trkpt lat="-27.984686" lon="-49.34244"><ele>1462</ele></trkpt>
      <trkpt lat="-27.984878" lon="-49.3417"><ele>1461.75</ele></trkpt>
      <trkpt lat="-27.985136" lon="-49.34112"><ele>1457.5</ele></trkpt>
      <trkpt lat="-27.985619" lon="-49.340812"><ele>1446.75</ele></trkpt>
      <trkpt lat="-27.98597" lon="-49.340152"><ele>1444.25</ele></trkpt>
      <trkpt lat="-27.986446" lon="-49.339624"><ele>1443.25</ele></trkpt>
      <trkpt lat="-27.986657" lon="-49.339549"><ele>1441.25</ele></trkpt>
      <trkpt lat="-27.987258" lon="-49.340415"><ele>1438</ele></trkpt>
      <trkpt lat="-27.988061" lon="-49.340753"><ele>1440</ele></trkpt>
      <trkpt lat="-27.988329" lon="-49.34133"><ele>1431.75</ele></trkpt>
      <trkpt lat="-27.989129" lon="-49.341719"><ele>1430</ele></trkpt>
      <trkpt lat="-27.989575" lon="-49.341767"><ele>1433.75</ele></trkpt>
      <trkpt lat="-27.989823" lon="-49.342022"><ele>1432.25</ele></trkpt>
      <trkpt lat="-27.98997" lon="-49.34252"><ele>1425.5</ele></trkpt>
      <trkpt lat="-27.989892" lon="-49.343343"><ele>1420.25</ele></trkpt>
      <trkpt lat="-27.990136" lon="-49.343835"><ele>1425.25</ele></trkpt>
      <trkpt lat="-27.989776" lon="-49.344712"><ele>1418.5</ele></trkpt>
      <trkpt lat="-27.989707" lon="-49.345369"><ele>1413.25</ele></trkpt>
      <trkpt lat="-27.989901" lon="-49.34597"><ele>1410.75</ele></trkpt>
      <trkpt lat="-27.989847" lon="-49.346619"><ele>1402.25</ele></trkpt>
      <trkpt lat="-27.99019" lon="-49.347563"><ele>1395.75</ele></trkpt>
      <trkpt lat="-27.990261" lon="-49.348011"><ele>1389</ele></trkpt>
      <trkpt lat="-27.990713" lon="-49.348658"><ele>1388.5</ele></trkpt>
      <trkpt lat="-27.991467" lon="-49.349462"><ele>1391</ele></trkpt>
      <trkpt lat="-27.992106" lon="-49.350806"><ele>1386.5</ele></trkpt>
      <trkpt lat="-27.992578" lon="-49.351224"><ele>1384.75</ele></trkpt>
      <trkpt lat="-27.992895" lon="-49.35164"><ele>1381.5</ele></trkpt>
      <trkpt lat="-27.993267" lon="-49.352536"><ele>1372.5</ele></trkpt>
      <trkpt lat="-27.993419" lon="-49.353311"><ele>1361.5</ele></trkpt>
      <trkpt lat="-27.993883" lon="-49.354354"><ele>1352</ele></trkpt>
      <trkpt lat="-27.994058" lon="-49.354475"><ele>1352</ele></trkpt>
      <trkpt lat="-27.99448" lon="-49.354521"><ele>1355.25</ele></trkpt>
      <trkpt lat="-27.994988" lon="-49.354691"><ele>1354.5</ele></trkpt>
      <trkpt lat="-27.99523" lon="-49.354933"><ele>1348</ele></trkpt>
      <trkpt lat="-27.995283" lon="-49.355519"><ele>1332.5</ele></trkpt>
      <trkpt lat="-27.99597" lon="-49.355584"><ele>1338.5</ele></trkpt>
      <trkpt lat="-27.996095" lon="-49.355688"><ele>1340.25</ele></trkpt>
      <trkpt lat="-27.995756" lon="-49.356401"><ele>1327.75</ele></trkpt>
      <trkpt lat="-27.995749" lon="-49.356618"><ele>1327.75</ele></trkpt>
      <trkpt lat="-27.996298" lon="-49.357447"><ele>1341</ele></trkpt>
      <trkpt lat="-27.996593" lon="-49.358306"><ele>1335</ele></trkpt>
      <trkpt lat="-27.996553" lon="-49.358863"><ele>1325.5</ele></trkpt>
      <trkpt lat="-27.996779" lon="-49.359417"><ele>1324.25</ele></trkpt>
      <trkpt lat="-27.996786" lon="-49.359612"><ele>1323</ele></trkpt>
      <trkpt lat="-27.996434" lon="-49.360344"><ele>1309.25</ele></trkpt>
      <trkpt lat="-27.996669" lon="-49.360719"><ele>1310</ele></trkpt>
      <trkpt lat="-27.996718" lon="-49.36099"><ele>1306</ele></trkpt>
      <trkpt lat="-27.997115" lon="-49.361527"><ele>1302.5</ele></trkpt>
      <trkpt lat="-27.997097" lon="-49.362757"><ele>1277.5</ele></trkpt>
      <trkpt lat="-27.997402" lon="-49.363257"><ele>1272</ele></trkpt>
      <trkpt lat="-27.997483" lon="-49.363978"><ele>1260.75</ele></trkpt>
      <trkpt lat="-27.998356" lon="-49.365118"><ele>1238</ele></trkpt>
      <trkpt lat="-27.998842" lon="-49.365335"><ele>1239.5</ele></trkpt>
      <trkpt lat="-27.998949" lon="-49.365464"><ele>1236</ele></trkpt>
      <trkpt lat="-27.998906" lon="-49.365681"><ele>1226</ele></trkpt>
      <trkpt lat="-27.998671" lon="-49.365885"><ele>1214.25</ele></trkpt>
      <trkpt lat="-27.997776" lon="-49.36607"><ele>1184.75</ele></trkpt>
      <trkpt lat="-27.9978" lon="-49.366161"><ele>1181.75</ele></trkpt>
      <trkpt lat="-27.99803" lon="-49.36618"><ele>1188</ele></trkpt>
      <trkpt lat="-27.99815" lon="-49.366272"><ele>1187.5</ele></trkpt>
      <trkpt lat="-27.998667" lon="-49.366929"><ele>1167.25</ele></trkpt>
      <trkpt lat="-27.998617" lon="-49.367015"><ele>1161.5</ele></trkpt>
      <trkpt lat="-27.998153" lon="-49.366832"><ele>1162</ele></trkpt>
      <trkpt lat="-27.998068" lon="-49.36688"><ele>1157.5</ele></trkpt>
      <trkpt lat="-27.998295" lon="-49.36732"><ele>1139</ele></trkpt>
      <trkpt lat="-27.998593" lon="-49.367508"><ele>1132.5</ele></trkpt>
      <trkpt lat="-27.998513" lon="-49.367599"><ele>1127.25</ele></trkpt>
      <trkpt lat="-27.997973" lon="-49.367486"><ele>1124</ele></trkpt>
      <trkpt lat="-27.997989" lon="-49.368082"><ele>1097.75</ele></trkpt>
      <trkpt lat="-27.998065" lon="-49.368133"><ele>1096.25</ele></trkpt>
      <trkpt lat="-27.998465" lon="-49.368082"><ele>1103</ele></trkpt>
      <trkpt lat="-27.999169" lon="-49.368297"><ele>1096.75</ele></trkpt>
      <trkpt lat="-27.999576" lon="-49.368871"><ele>1082.5</ele></trkpt>
      <trkpt lat="-28.000798" lon="-49.369884"><ele>1074.75</ele></trkpt>
      <trkpt lat="-28.001435" lon="-49.370909"><ele>1067.25</ele></trkpt>
      <trkpt lat="-28.001814" lon="-49.371236"><ele>1068</ele></trkpt>
      <trkpt lat="-28.003702" lon="-49.373409"><ele>1061.5</ele></trkpt>
      <trkpt lat="-28.004616" lon="-49.373524"><ele>1062.5</ele></trkpt>
      <trkpt lat="-28.005208" lon="-49.373425"><ele>1067</ele></trkpt>
      <trkpt lat="-28.005537" lon="-49.373505"><ele>1070.5</ele></trkpt>
      <trkpt lat="-28.006425" lon="-49.374326"><ele>1063.25</ele></trkpt>
      <trkpt lat="-28.007425" lon="-49.375414"><ele>1053</ele></trkpt>
      <trkpt lat="-28.007685" lon="-49.375565"><ele>1050.5</ele></trkpt>
      <trkpt lat="-28.00885" lon="-49.375772"><ele>1044.75</ele></trkpt>
      <trkpt lat="-28.009442" lon="-49.375651"><ele>1046.75</ele></trkpt>
      <trkpt lat="-28.010983" lon="-49.375023"><ele>1044.25</ele></trkpt>
      <trkpt lat="-28.011618" lon="-49.374951"><ele>1045.25</ele></trkpt>
      <trkpt lat="-28.012466" lon="-49.374514"><ele>1049</ele></trkpt>
      <trkpt lat="-28.012956" lon="-49.373988"><ele>1045</ele></trkpt>
      <trkpt lat="-28.013925" lon="-49.373297"><ele>1038.75</ele></trkpt>
      <trkpt lat="-28.014358" lon="-49.372736"><ele>1050.75</ele></trkpt>
      <trkpt lat="-28.015606" lon="-49.371856"><ele>1042</ele></trkpt>
      <trkpt lat="-28.016008" lon="-49.371354"><ele>1037</ele></trkpt>
      <trkpt lat="-28.016253" lon="-49.371282"><ele>1035.25</ele></trkpt>
      <trkpt lat="-28.016783" lon="-49.370944"><ele>1031</ele></trkpt>
      <trkpt lat="-28.018165" lon="-49.37044"><ele>1024.5</ele></trkpt>
      <trkpt lat="-28.019496" lon="-49.369597"><ele>1021.5</ele></trkpt>
      <trkpt lat="-28.020293" lon="-49.36937"><ele>1019.5</ele></trkpt>
      <trkpt lat="-28.021326" lon="-49.369377"><ele>1020.5</ele></trkpt>
      <trkpt lat="-28.022477" lon="-49.369235"><ele>1019</ele></trkpt>
      <trkpt lat="-28.022873" lon="-49.369093"><ele>1019</ele></trkpt>
      <trkpt lat="-28.023169" lon="-49.369107"><ele>1018.75</ele></trkpt>
      <trkpt lat="-28.023787" lon="-49.369535"><ele>1019</ele></trkpt>
      <trkpt lat="-28.023933" lon="-49.369857"><ele>1017.75</ele></trkpt>
      <trkpt lat="-28.024015" lon="-49.370873"><ele>1014.25</ele></trkpt>
      <trkpt lat="-28.023893" lon="-49.371966"><ele>1012.25</ele></trkpt>
      <trkpt lat="-28.024161" lon="-49.373154"><ele>1013.25</ele></trkpt>
      <trkpt lat="-28.024331" lon="-49.373401"><ele>1013</ele></trkpt>
      <trkpt lat="-28.024554" lon="-49.37354"><ele>1012.25</ele></trkpt>
      <trkpt lat="-28.025001" lon="-49.373653"><ele>1010.25</ele></trkpt>
      <trkpt lat="-28.025792" lon="-49.373685"><ele>1019.75</ele></trkpt>
      <trkpt lat="-28.026223" lon="-49.37413"><ele>1029.75</ele></trkpt>
      <trkpt lat="-28.026526" lon="-49.374659"><ele>1026</ele></trkpt>
      <trkpt lat="-28.026643" lon="-49.375121"><ele>1014.5</ele></trkpt>
      <trkpt lat="-28.027844" lon="-49.376351"><ele>1011.75</ele></trkpt>
      <trkpt lat="-28.028193" lon="-49.376536"><ele>1010.25</ele></trkpt>
      <trkpt lat="-28.028354" lon="-49.376719"><ele>1009</ele></trkpt>
      <trkpt lat="-28.028579" lon="-49.377442"><ele>1010.5</ele></trkpt>
      <trkpt lat="-28.02878" lon="-49.377794"><ele>1011.5</ele></trkpt>
      <trkpt lat="-28.028825" lon="-49.37874"><ele>1007.75</ele></trkpt>
      <trkpt lat="-28.02891" lon="-49.379044"><ele>1007.25</ele></trkpt>
      <trkpt lat="-28.02955" lon="-49.379914"><ele>1004.5</ele></trkpt>
      <trkpt lat="-28.030462" lon="-49.380609"><ele>1005</ele></trkpt>
      <trkpt lat="-28.031266" lon="-49.381726"><ele>1001.5</ele></trkpt>
      <trkpt lat="-28.032059" lon="-49.382126"><ele>1000.25</ele></trkpt>
      <trkpt lat="-28.032712" lon="-49.382274"><ele>1001</ele></trkpt>
      <trkpt lat="-28.034291" lon="-49.383311"><ele>1000</ele></trkpt>
      <trkpt lat="-28.035002" lon="-49.384"><ele>998</ele></trkpt>
      <trkpt lat="-28.03555" lon="-49.384234"><ele>1001</ele></trkpt>
      <trkpt lat="-28.036097" lon="-49.384865"><ele>995.5</ele></trkpt>
      <trkpt lat="-28.036748" lon="-49.385101"><ele>995</ele></trkpt>
      <trkpt lat="-28.038372" lon="-49.386356"><ele>989.5</ele></trkpt>
      <trkpt lat="-28.038944" lon="-49.386522"><ele>987.75</ele></trkpt>
      <trkpt lat="-28.039577" lon="-49.386916"><ele>987.5</ele></trkpt>
      <trkpt lat="-28.039886" lon="-49.386871"><ele>987</ele></trkpt>
      <trkpt lat="-28.040531" lon="-49.3866"><ele>986.25</ele></trkpt>
      <trkpt lat="-28.041798" lon="-49.386588"><ele>984.25</ele></trkpt>
      <trkpt lat="-28.042311" lon="-49.386412"><ele>985.5</ele></trkpt>
      <trkpt lat="-28.042556" lon="-49.386206"><ele>985.75</ele></trkpt>
      <trkpt lat="-28.043589" lon="-49.386131"><ele>985.5</ele></trkpt>
      <trkpt lat="-28.043964" lon="-49.385921"><ele>986.5</ele></trkpt>
      <trkpt lat="-28.044176" lon="-49.385669"><ele>987.5</ele></trkpt>
      <trkpt lat="-28.044295" lon="-49.38569"><ele>989.25</ele></trkpt>
      <trkpt lat="-28.044622" lon="-49.386063"><ele>994</ele></trkpt>
      <trkpt lat="-28.044874" lon="-49.386815"><ele>991.75</ele></trkpt>
      <trkpt lat="-28.04557" lon="-49.387683"><ele>985.25</ele></trkpt>
      <trkpt lat="-28.045979" lon="-49.387893"><ele>986.5</ele></trkpt>
      <trkpt lat="-28.04622" lon="-49.388311"><ele>984.75</ele></trkpt>
      <trkpt lat="-28.046525" lon="-49.388623"><ele>986.25</ele></trkpt>
      <trkpt lat="-28.046776" lon="-49.389215"><ele>988.5</ele></trkpt>
      <trkpt lat="-28.046768" lon="-49.39078"><ele>992.25</ele></trkpt>
      <trkpt lat="-28.046865" lon="-49.391256"><ele>993.25</ele></trkpt>
      <trkpt lat="-28.046695" lon="-49.39218"><ele>989.75</ele></trkpt>
      <trkpt lat="-28.046747" lon="-49.394665"><ele>980.25</ele></trkpt>
      <trkpt lat="-28.046614" lon="-49.394976"><ele>979.75</ele></trkpt>
      <trkpt lat="-28.045944" lon="-49.39583"><ele>978</ele></trkpt>
      <trkpt lat="-28.04567" lon="-49.396789"><ele>976.5</ele></trkpt>
      <trkpt lat="-28.044523" lon="-49.399091"><ele>980.75</ele></trkpt>
      <trkpt lat="-28.042388" lon="-49.402487"><ele>971.25</ele></trkpt>
      <trkpt lat="-28.042014" lon="-49.403222"><ele>972.25</ele></trkpt>
      <trkpt lat="-28.041955" lon="-49.403607"><ele>973.25</ele></trkpt>
      <trkpt lat="-28.042142" lon="-49.404863"><ele>981.5</ele></trkpt>
      <trkpt lat="-28.042151" lon="-49.405721"><ele>976</ele></trkpt>
      <trkpt lat="-28.042477" lon="-49.407407"><ele>968.5</ele></trkpt>
      <trkpt lat="-28.04288" lon="-49.408065"><ele>973</ele></trkpt>
      <trkpt lat="-28.043139" lon="-49.408957"><ele>973.25</ele></trkpt>
      <trkpt lat="-28.043577" lon="-49.409883"><ele>972.75</ele></trkpt>
      <trkpt lat="-28.043994" lon="-49.411796"><ele>966</ele></trkpt>
      <trkpt lat="-28.044656" lon="-49.412681"><ele>965.75</ele></trkpt>
      <trkpt lat="-28.044723" lon="-49.413161"><ele>966.75</ele></trkpt>
      <trkpt lat="-28.045078" lon="-49.414054"><ele>964.5</ele></trkpt>
      <trkpt lat="-28.045342" lon="-49.414455"><ele>964.5</ele></trkpt>
      <trkpt lat="-28.046361" lon="-49.415445"><ele>967.25</ele></trkpt>
      <trkpt lat="-28.048355" lon="-49.419877"><ele>962.5</ele></trkpt>
      <trkpt lat="-28.048915" lon="-49.420786"><ele>964.5</ele></trkpt>
      <trkpt lat="-28.049473" lon="-49.421353"><ele>970</ele></trkpt>
      <trkpt lat="-28.050412" lon="-49.421896"><ele>973.75</ele></trkpt>
      <trkpt lat="-28.051202" lon="-49.422118"><ele>980.5</ele></trkpt>
      <trkpt lat="-28.052991" lon="-49.422401"><ele>1004.25</ele></trkpt>
      <trkpt lat="-28.053335" lon="-49.422546"><ele>1007.25</ele></trkpt>
      <trkpt lat="-28.053808" lon="-49.422919"><ele>1011</ele></trkpt>
      <trkpt lat="-28.055049" lon="-49.424388"><ele>982.75</ele></trkpt>
      <trkpt lat="-28.055546" lon="-49.424708"><ele>973.75</ele></trkpt>
      <trkpt lat="-28.057141" lon="-49.424848"><ele>960.75</ele></trkpt>
      <trkpt lat="-28.057589" lon="-49.425089"><ele>958.75</ele></trkpt>
      <trkpt lat="-28.057998" lon="-49.425506"><ele>959</ele></trkpt>
      <trkpt lat="-28.058694" lon="-49.426586"><ele>959.25</ele></trkpt>
      <trkpt lat="-28.058817" lon="-49.427215"><ele>960.25</ele></trkpt>
      <trkpt lat="-28.058785" lon="-49.427787"><ele>961.5</ele></trkpt>
      <trkpt lat="-28.058615" lon="-49.428312"><ele>961.5</ele></trkpt>
      <trkpt lat="-28.058072" lon="-49.428994"><ele>972</ele></trkpt>
      <trkpt lat="-28.057658" lon="-49.42918"><ele>967.25</ele></trkpt>
      <trkpt lat="-28.056434" lon="-49.429452"><ele>963</ele></trkpt>
      <trkpt lat="-28.055636" lon="-49.429856"><ele>964</ele></trkpt>
      <trkpt lat="-28.053719" lon="-49.431909"><ele>960</ele></trkpt>
      <trkpt lat="-28.053378" lon="-49.432509"><ele>959</ele></trkpt>
      <trkpt lat="-28.053242" lon="-49.432926"><ele>958.75</ele></trkpt>
      <trkpt lat="-28.053113" lon="-49.434278"><ele>958.5</ele></trkpt>
      <trkpt lat="-28.052877" lon="-49.435084"><ele>957.5</ele></trkpt>
      <trkpt lat="-28.0518" lon="-49.436634"><ele>953.5</ele></trkpt>
      <trkpt lat="-28.051456" lon="-49.437329"><ele>952</ele></trkpt>
      <trkpt lat="-28.051522" lon="-49.44047"><ele>951.5</ele></trkpt>
      <trkpt lat="-28.051251" lon="-49.441098"><ele>951.75</ele></trkpt>
      <trkpt lat="-28.049957" lon="-49.443211"><ele>943.75</ele></trkpt>
      <trkpt lat="-28.049742" lon="-49.44397"><ele>947</ele></trkpt>
      <trkpt lat="-28.049542" lon="-49.446706"><ele>953.5</ele></trkpt>
      <trkpt lat="-28.049002" lon="-49.450718"><ele>946.25</ele></trkpt>
      <trkpt lat="-28.049338" lon="-49.455985"><ele>943.25</ele></trkpt>
      <trkpt lat="-28.04918" lon="-49.458086"><ele>941</ele></trkpt>
      <trkpt lat="-28.048995" lon="-49.458678"><ele>940.25</ele></trkpt>
      <trkpt lat="-28.048293" lon="-49.459896"><ele>937.75</ele></trkpt>
      <trkpt lat="-28.047775" lon="-49.460464"><ele>941.25</ele></trkpt>
      <trkpt lat="-28.047409" lon="-49.460688"><ele>939.75</ele></trkpt>
      <trkpt lat="-28.046443" lon="-49.4609"><ele>939</ele></trkpt>
      <trkpt lat="-28.045888" lon="-49.461121"><ele>939</ele></trkpt>
      <trkpt lat="-28.043812" lon="-49.463254"><ele>946.5</ele></trkpt>
      <trkpt lat="-28.043428" lon="-49.463964"><ele>949.25</ele></trkpt>
      <trkpt lat="-28.042855" lon="-49.46569"><ele>968.25</ele></trkpt>
      <trkpt lat="-28.040595" lon="-49.470144"><ele>967.5</ele></trkpt>
      <trkpt lat="-28.04039" lon="-49.470729"><ele>957.75</ele></trkpt>
      <trkpt lat="-28.040213" lon="-49.471652"><ele>946</ele></trkpt>
      <trkpt lat="-28.04034" lon="-49.472527"><ele>940</ele></trkpt>
      <trkpt lat="-28.040609" lon="-49.473163"><ele>935.25</ele></trkpt>
      <trkpt lat="-28.04236" lon="-49.47645"><ele>936.75</ele></trkpt>
      <trkpt lat="-28.042639" lon="-49.477372"><ele>939.75</ele></trkpt>
      <trkpt lat="-28.042592" lon="-49.478116"><ele>938.5</ele></trkpt>
      <trkpt lat="-28.041823" lon="-49.482512"><ele>929.5</ele></trkpt>
      <trkpt lat="-28.041054" lon="-49.484279"><ele>926.25</ele></trkpt>
      <trkpt lat="-28.039956" lon="-49.48644"><ele>926.5</ele></trkpt>
      <trkpt lat="-28.039469" lon="-49.486935"><ele>925.75</ele></trkpt>
      <trkpt lat="-28.038641" lon="-49.487414"><ele>924.25</ele></trkpt>
      <trkpt lat="-28.03829" lon="-49.48773"><ele>924.5</ele></trkpt>
      <trkpt lat="-28.036397" lon="-49.490411"><ele>928.25</ele></trkpt>
      <trkpt lat="-28.035848" lon="-49.491034"><ele>940</ele></trkpt>
      <trkpt lat="-28.034616" lon="-49.49177"><ele>937</ele></trkpt>
      <trkpt lat="-28.033827" lon="-49.492708"><ele>936.25</ele></trkpt>
      <trkpt lat="-28.032084" lon="-49.494205"><ele>935.75</ele></trkpt>
      <trkpt lat="-28.030216" lon="-49.494955"><ele>927.5</ele></trkpt>
      <trkpt lat="-28.02587" lon="-49.497397"><ele>936.5</ele></trkpt>
      <trkpt lat="-28.024896" lon="-49.498367"><ele>932.25</ele></trkpt>
      <trkpt lat="-28.022134" lon="-49.50046"><ele>925.75</ele></trkpt>
      <trkpt lat="-28.021576" lon="-49.501122"><ele>924</ele></trkpt>
      <trkpt lat="-28.019481" lon="-49.50501"><ele>920.75</ele></trkpt>
      <trkpt lat="-28.018875" lon="-49.507264"><ele>921</ele></trkpt>
      <trkpt lat="-28.018637" lon="-49.509674"><ele>925.25</ele></trkpt>
      <trkpt lat="-28.018647" lon="-49.5102"><ele>926.5</ele></trkpt>
      <trkpt lat="-28.019489" lon="-49.512735"><ele>924.5</ele></trkpt>
      <trkpt lat="-28.019547" lon="-49.513733"><ele>929.75</ele></trkpt>
      <trkpt lat="-28.018951" lon="-49.518256"><ele>934.5</ele></trkpt>
      <trkpt lat="-28.017058" lon="-49.522645"><ele>919.5</ele></trkpt>
      <trkpt lat="-28.016849" lon="-49.523402"><ele>921</ele></trkpt>
      <trkpt lat="-28.016876" lon="-49.524351"><ele>924.25</ele></trkpt>
      <trkpt lat="-28.017657" lon="-49.527582"><ele>930</ele></trkpt>
      <trkpt lat="-28.017593" lon="-49.528164"><ele>934.25</ele></trkpt>
      <trkpt lat="-28.017423" lon="-49.528655"><ele>937.75</ele></trkpt>
      <trkpt lat="-28.017035" lon="-49.5292"><ele>939.75</ele></trkpt>
      <trkpt lat="-28.015023" lon="-49.530901"><ele>930.5</ele></trkpt>
      <trkpt lat="-28.014498" lon="-49.531145"><ele>928</ele></trkpt>
      <trkpt lat="-28.013245" lon="-49.531486"><ele>922.75</ele></trkpt>
      <trkpt lat="-28.012707" lon="-49.531892"><ele>924.75</ele></trkpt>
      <trkpt lat="-28.01073" lon="-49.534272"><ele>927.75</ele></trkpt>
      <trkpt lat="-28.010093" lon="-49.535575"><ele>919.75</ele></trkpt>
      <trkpt lat="-28.009733" lon="-49.536076"><ele>922.5</ele></trkpt>
      <trkpt lat="-28.009226" lon="-49.536349"><ele>925.25</ele></trkpt>
      <trkpt lat="-28.008183" lon="-49.536525"><ele>919</ele></trkpt>
      <trkpt lat="-28.007675" lon="-49.536912"><ele>916.25</ele></trkpt>
      <trkpt lat="-28.006863" lon="-49.538583"><ele>918.75</ele></trkpt>
      <trkpt lat="-28.005765" lon="-49.539445"><ele>931</ele></trkpt>
      <trkpt lat="-28.004756" lon="-49.540589"><ele>931.75</ele></trkpt>
      <trkpt lat="-28.004574" lon="-49.540892"><ele>932.75</ele></trkpt>
      <trkpt lat="-28.004245" lon="-49.541991"><ele>933.75</ele></trkpt>
      <trkpt lat="-28.003769" lon="-49.542758"><ele>937.25</ele></trkpt>
      <trkpt lat="-28.0036" lon="-49.54321"><ele>939</ele></trkpt>
      <trkpt lat="-28.003578" lon="-49.543756"><ele>937</ele></trkpt>
      <trkpt lat="-28.003733" lon="-49.544696"><ele>931.75</ele></trkpt>
      <trkpt lat="-28.003721" lon="-49.545134"><ele>928.25</ele></trkpt>
      <trkpt lat="-28.003564" lon="-49.54576"><ele>922</ele></trkpt>
      <trkpt lat="-28.003339" lon="-49.546191"><ele>915.25</ele></trkpt>
      <trkpt lat="-28.002965" lon="-49.546636"><ele>911.75</ele></trkpt>
      <trkpt lat="-28.001542" lon="-49.547493"><ele>904.5</ele></trkpt>
      <trkpt lat="-28.000975" lon="-49.54804"><ele>907</ele></trkpt>
      <trkpt lat="-28.000667" lon="-49.547409"><ele>904</ele></trkpt>
      <trkpt lat="-28.000143" lon="-49.54705"><ele>909.25</ele></trkpt>
      <trkpt lat="-27.999191" lon="-49.546912"><ele>906.25</ele></trkpt>
      <trkpt lat="-27.998835" lon="-49.546519"><ele>907.5</ele></trkpt>
      <trkpt lat="-27.998361" lon="-49.546719"><ele>904.75</ele></trkpt>
      <trkpt lat="-27.997874" lon="-49.546727"><ele>903</ele></trkpt>
      <trkpt lat="-27.997084" lon="-49.546351"><ele>901.5</ele></trkpt>
      <trkpt lat="-27.99689" lon="-49.546389"><ele>900.75</ele></trkpt>
      <trkpt lat="-27.996106" lon="-49.54702"><ele>897.5</ele></trkpt>
      <trkpt lat="-27.995745" lon="-49.547489"><ele>897</ele></trkpt>
      <trkpt lat="-27.994375" lon="-49.547915"><ele>897.75</ele></trkpt>
      <trkpt lat="-27.994115" lon="-49.547865"><ele>897.75</ele></trkpt>
      <trkpt lat="-27.993303" lon="-49.546856"><ele>898</ele></trkpt>
      <trkpt lat="-27.990921" lon="-49.544745"><ele>898.75</ele></trkpt>
      <trkpt lat="-27.989985" lon="-49.543848"><ele>900</ele></trkpt>
      <trkpt lat="-27.989734" lon="-49.543496"><ele>901</ele></trkpt>
      <trkpt lat="-27.989248" lon="-49.541632"><ele>900</ele></trkpt>
      <trkpt lat="-27.989159" lon="-49.540668"><ele>901</ele></trkpt>
      <trkpt lat="-27.989158" lon="-49.538928"><ele>902.5</ele></trkpt>
      <trkpt lat="-27.98936" lon="-49.537785"><ele>903.25</ele></trkpt>
      <trkpt lat="-27.989569" lon="-49.53729"><ele>902.5</ele></trkpt>
      <trkpt lat="-27.98954" lon="-49.536707"><ele>901</ele></trkpt>
      <trkpt lat="-27.989351" lon="-49.536623"><ele>901</ele></trkpt>
      <trkpt lat="-27.989155" lon="-49.536758"><ele>901.25</ele></trkpt>
      <trkpt lat="-27.988436" lon="-49.53764"><ele>902.5</ele></trkpt>
      <trkpt lat="-27.988296" lon="-49.538066"><ele>903.25</ele></trkpt>
      <trkpt lat="-27.988106" lon="-49.538305"><ele>903.75</ele></trkpt>
      <trkpt lat="-27.987487" lon="-49.538599"><ele>904</ele></trkpt>
      <trkpt lat="-27.98717" lon="-49.538623"><ele>904.5</ele></trkpt>
      <trkpt lat="-27.986367" lon="-49.536755"><ele>917.75</ele></trkpt>
      <trkpt lat="-27.986175" lon="-49.535472"><ele>928.75</ele></trkpt>
      <trkpt lat="-27.985512" lon="-49.534862"><ele>915.5</ele></trkpt>
      <trkpt lat="-27.984819" lon="-49.533762"><ele>919.75</ele></trkpt>
      <trkpt lat="-27.984256" lon="-49.532561"><ele>920</ele></trkpt>
      <trkpt lat="-27.984187" lon="-49.532273"><ele>917.5</ele></trkpt>
      <trkpt lat="-27.984237" lon="-49.531566"><ele>923.25</ele></trkpt>
      <trkpt lat="-27.984049" lon="-49.529688"><ele>924.75</ele></trkpt>
      <trkpt lat="-27.984015" lon="-49.528508"><ele>929.5</ele></trkpt>
      <trkpt lat="-27.983813" lon="-49.527988"><ele>931.25</ele></trkpt>
      <trkpt lat="-27.98341" lon="-49.52734"><ele>926</ele></trkpt>
      <trkpt lat="-27.983348" lon="-49.526992"><ele>925</ele></trkpt>
      <trkpt lat="-27.983475" lon="-49.525904"><ele>927.5</ele></trkpt>
      <trkpt lat="-27.984094" lon="-49.52461"><ele>940.75</ele></trkpt>
      <trkpt lat="-27.984132" lon="-49.52358"><ele>937.25</ele></trkpt>
      <trkpt lat="-27.984343" lon="-49.522754"><ele>949.75</ele></trkpt>
      <trkpt lat="-27.984335" lon="-49.522061"><ele>943.75</ele></trkpt>
      <trkpt lat="-27.984611" lon="-49.521363"><ele>953.75</ele></trkpt>
      <trkpt lat="-27.984878" lon="-49.519845"><ele>950.25</ele></trkpt>
      <trkpt lat="-27.984748" lon="-49.519129"><ele>946.75</ele></trkpt>
      <trkpt lat="-27.984627" lon="-49.518893"><ele>945.25</ele></trkpt>
      <trkpt lat="-27.984249" lon="-49.518592"><ele>937</ele></trkpt>
      <trkpt lat="-27.984161" lon="-49.518113"><ele>938</ele></trkpt>
      <trkpt lat="-27.984172" lon="-49.517528"><ele>943.75</ele></trkpt>
      <trkpt lat="-27.984006" lon="-49.517323"><ele>943.5</ele></trkpt>
      <trkpt lat="-27.982946" lon="-49.516679"><ele>934.5</ele></trkpt>
      <trkpt lat="-27.981327" lon="-49.516047"><ele>935.25</ele></trkpt>
      <trkpt lat="-27.980501" lon="-49.515465"><ele>938.75</ele></trkpt>
      <trkpt lat="-27.979767" lon="-49.514714"><ele>943.75</ele></trkpt>
      <trkpt lat="-27.979917" lon="-49.514345"><ele>948.75</ele></trkpt>
      <trkpt lat="-27.980704" lon="-49.514198"><ele>953.75</ele></trkpt>
      <trkpt lat="-27.98092" lon="-49.514002"><ele>956.75</ele></trkpt>
      <trkpt lat="-27.980886" lon="-49.513707"><ele>962.5</ele></trkpt>
      <trkpt lat="-27.980487" lon="-49.513337"><ele>970.5</ele></trkpt>
      <trkpt lat="-27.980415" lon="-49.51318"><ele>974</ele></trkpt>
      <trkpt lat="-27.980594" lon="-49.512692"><ele>981</ele></trkpt>
      <trkpt lat="-27.980549" lon="-49.51244"><ele>986.25</ele></trkpt>
      <trkpt lat="-27.980268" lon="-49.512125"><ele>1000</ele></trkpt>
      <trkpt lat="-27.979573" lon="-49.512062"><ele>1010.25</ele></trkpt>
      <trkpt lat="-27.979213" lon="-49.511702"><ele>1023.5</ele></trkpt>
      <trkpt lat="-27.979133" lon="-49.511451"><ele>1028.75</ele></trkpt>
      <trkpt lat="-27.979201" lon="-49.510894"><ele>1036.75</ele></trkpt>
      <trkpt lat="-27.978883" lon="-49.510515"><ele>1041.25</ele></trkpt>
      <trkpt lat="-27.978099" lon="-49.510359"><ele>1046.25</ele></trkpt>
      <trkpt lat="-27.977561" lon="-49.510392"><ele>1047.5</ele></trkpt>
      <trkpt lat="-27.977463" lon="-49.51027"><ele>1048</ele></trkpt>
      <trkpt lat="-27.977494" lon="-49.50988"><ele>1050.5</ele></trkpt>
      <trkpt lat="-27.977975" lon="-49.509474"><ele>1056.5</ele></trkpt>
      <trkpt lat="-27.978038" lon="-49.509074"><ele>1063</ele></trkpt>
      <trkpt lat="-27.978418" lon="-49.508713"><ele>1072.25</ele></trkpt>
      <trkpt lat="-27.978551" lon="-49.507667"><ele>1087.25</ele></trkpt>
      <trkpt lat="-27.97904" lon="-49.506819"><ele>1106.25</ele></trkpt>
      <trkpt lat="-27.97941" lon="-49.506553"><ele>1116</ele></trkpt>
      <trkpt lat="-27.979327" lon="-49.505802"><ele>1121.25</ele></trkpt>
      <trkpt lat="-27.979431" lon="-49.505729"><ele>1122.25</ele></trkpt>
      <trkpt lat="-27.979806" lon="-49.50571"><ele>1128.25</ele></trkpt>
      <trkpt lat="-27.979938" lon="-49.505353"><ele>1129</ele></trkpt>
      <trkpt lat="-27.980076" lon="-49.505206"><ele>1131.25</ele></trkpt>
      <trkpt lat="-27.98022" lon="-49.505189"><ele>1134.25</ele></trkpt>
      <trkpt lat="-27.980545" lon="-49.505324"><ele>1141</ele></trkpt>
      <trkpt lat="-27.980689" lon="-49.505294"><ele>1144</ele></trkpt>
      <trkpt lat="-27.980797" lon="-49.50501"><ele>1147</ele></trkpt>
      <trkpt lat="-27.980764" lon="-49.504602"><ele>1144.5</ele></trkpt>
      <trkpt lat="-27.980907" lon="-49.504316"><ele>1146</ele></trkpt>
      <trkpt lat="-27.98158" lon="-49.50399"><ele>1155.75</ele></trkpt>
      <trkpt lat="-27.981961" lon="-49.503573"><ele>1156.25</ele></trkpt>
      <trkpt lat="-27.982275" lon="-49.502668"><ele>1151.25</ele></trkpt>
      <trkpt lat="-27.982289" lon="-49.5022"><ele>1150.5</ele></trkpt>
      <trkpt lat="-27.98189" lon="-49.500705"><ele>1170</ele></trkpt>
      <trkpt lat="-27.981633" lon="-49.500317"><ele>1183.25</ele></trkpt>
      <trkpt lat="-27.981368" lon="-49.500084"><ele>1188.25</ele></trkpt>
      <trkpt lat="-27.980887" lon="-49.499921"><ele>1194.25</ele></trkpt>
      <trkpt lat="-27.980571" lon="-49.499629"><ele>1202.75</ele></trkpt>
      <trkpt lat="-27.98026" lon="-49.499513"><ele>1200.75</ele></trkpt>
      <trkpt lat="-27.979796" lon="-49.499133"><ele>1202</ele></trkpt>
      <trkpt lat="-27.97899" lon="-49.498681"><ele>1192.75</ele></trkpt>
      <trkpt lat="-27.978828" lon="-49.498384"><ele>1192.25</ele></trkpt>
      <trkpt lat="-27.978821" lon="-49.497769"><ele>1196</ele></trkpt>
      <trkpt lat="-27.978514" lon="-49.496918"><ele>1189</ele></trkpt>
      <trkpt lat="-27.978538" lon="-49.495861"><ele>1198</ele></trkpt>
      <trkpt lat="-27.978424" lon="-49.495676"><ele>1197.75</ele></trkpt>
      <trkpt lat="-27.977973" lon="-49.495766"><ele>1196.25</ele></trkpt>
      <trkpt lat="-27.977052" lon="-49.496429"><ele>1191</ele></trkpt>
      <trkpt lat="-27.976185" lon="-49.496816"><ele>1199.5</ele></trkpt>
      <trkpt lat="-27.975492" lon="-49.497497"><ele>1188</ele></trkpt>
      <trkpt lat="-27.974271" lon="-49.498299"><ele>1190</ele></trkpt>
      <trkpt lat="-27.973355" lon="-49.498246"><ele>1205.75</ele></trkpt>
      <trkpt lat="-27.972825" lon="-49.498374"><ele>1204.75</ele></trkpt>
      <trkpt lat="-27.971886" lon="-49.498111"><ele>1213</ele></trkpt>
      <trkpt lat="-27.971526" lon="-49.498082"><ele>1214.75</ele></trkpt>
      <trkpt lat="-27.969586" lon="-49.498281"><ele>1217.25</ele></trkpt>
      <trkpt lat="-27.969079" lon="-49.498147"><ele>1224.5</ele></trkpt>
      <trkpt lat="-27.96844" lon="-49.498192"><ele>1228.25</ele></trkpt>
      <trkpt lat="-27.968206" lon="-49.497997"><ele>1234.5</ele></trkpt>
      <trkpt lat="-27.968058" lon="-49.49773"><ele>1242.25</ele></trkpt>
      <trkpt lat="-27.967783" lon="-49.497746"><ele>1241</ele></trkpt>
      <trkpt lat="-27.967113" lon="-49.497338"><ele>1249.5</ele></trkpt>
      <trkpt lat="-27.966651" lon="-49.497205"><ele>1249.25</ele></trkpt>
      <trkpt lat="-27.965929" lon="-49.49669"><ele>1249.25</ele></trkpt>
      <trkpt lat="-27.965772" lon="-49.496447"><ele>1246</ele></trkpt>
      <trkpt lat="-27.965844" lon="-49.496148"><ele>1246.25</ele></trkpt>
      <trkpt lat="-27.966366" lon="-49.495638"><ele>1255.75</ele></trkpt>
      <trkpt lat="-27.966988" lon="-49.494424"><ele>1254.25</ele></trkpt>
      <trkpt lat="-27.967486" lon="-49.493968"><ele>1258.25</ele></trkpt>
      <trkpt lat="-27.967965" lon="-49.493277"><ele>1260.25</ele></trkpt>
      <trkpt lat="-27.968778" lon="-49.492821"><ele>1273.5</ele></trkpt>
      <trkpt lat="-27.969125" lon="-49.492395"><ele>1273</ele></trkpt>
      <trkpt lat="-27.969613" lon="-49.492074"><ele>1278</ele></trkpt>
      <trkpt lat="-27.969882" lon="-49.491967"><ele>1280.5</ele></trkpt>
      <trkpt lat="-27.970213" lon="-49.491991"><ele>1288.75</ele></trkpt>
      <trkpt lat="-27.970706" lon="-49.491765"><ele>1296.5</ele></trkpt>
      <trkpt lat="-27.971765" lon="-49.490711"><ele>1316.75</ele></trkpt>
      <trkpt lat="-27.972072" lon="-49.490524"><ele>1325.25</ele></trkpt>
      <trkpt lat="-27.972684" lon="-49.489943"><ele>1333.5</ele></trkpt>
      <trkpt lat="-27.973306" lon="-49.48958"><ele>1351.25</ele></trkpt>
      <trkpt lat="-27.974609" lon="-49.488999"><ele>1377</ele></trkpt>
      <trkpt lat="-27.974895" lon="-49.488429"><ele>1378.75</ele></trkpt>
      <trkpt lat="-27.975006" lon="-49.48791"><ele>1379</ele></trkpt>
      <trkpt lat="-27.975357" lon="-49.487036"><ele>1381.75</ele></trkpt>
      <trkpt lat="-27.975969" lon="-49.486329"><ele>1389</ele></trkpt>
      <trkpt lat="-27.977201" lon="-49.48592"><ele>1395</ele></trkpt>
      <trkpt lat="-27.977995" lon="-49.486227"><ele>1397.25</ele></trkpt>
      <trkpt lat="-27.978447" lon="-49.486622"><ele>1399.5</ele></trkpt>
      <trkpt lat="-27.978784" lon="-49.486555"><ele>1401.75</ele></trkpt>
      <trkpt lat="-27.97912" lon="-49.485567"><ele>1399.75</ele></trkpt>
      <trkpt lat="-27.979191" lon="-49.48422"><ele>1410</ele></trkpt>
      <trkpt lat="-27.978783" lon="-49.482911"><ele>1420.5</ele></trkpt>
      <trkpt lat="-27.978945" lon="-49.482271"><ele>1429.75</ele></trkpt>
      <trkpt lat="-27.978806" lon="-49.481639"><ele>1440.5</ele></trkpt>
      <trkpt lat="-27.978738" lon="-49.480456"><ele>1453.75</ele></trkpt>
      <trkpt lat="-27.97882" lon="-49.479685"><ele>1465</ele></trkpt>
      <trkpt lat="-27.979104" lon="-49.479126"><ele>1481</ele></trkpt>
      <trkpt lat="-27.979177" lon="-49.478653"><ele>1487</ele></trkpt>
      <trkpt lat="-27.979632" lon="-49.47786"><ele>1485</ele></trkpt>
      <trkpt lat="-27.97971" lon="-49.477307"><ele>1489.5</ele></trkpt>
      <trkpt lat="-27.980557" lon="-49.47536"><ele>1482.5</ele></trkpt>
      <trkpt lat="-27.980816" lon="-49.474023"><ele>1486.5</ele></trkpt>
      <trkpt lat="-27.981824" lon="-49.472958"><ele>1486</ele></trkpt>
      <trkpt lat="-27.98216" lon="-49.472402"><ele>1484.25</ele></trkpt>
      <trkpt lat="-27.982295" lon="-49.471934"><ele>1482.75</ele></trkpt>
      <trkpt lat="-27.982115" lon="-49.471359"><ele>1480.75</ele></trkpt>
      <trkpt lat="-27.982143" lon="-49.471113"><ele>1480.5</ele></trkpt>
      <trkpt lat="-27.982672" lon="-49.470292"><ele>1485</ele></trkpt>
      <trkpt lat="-27.983331" lon="-49.469765"><ele>1483</ele></trkpt>
      <trkpt lat="-27.984475" lon="-49.469723"><ele>1486.75</ele></trkpt>
      <trkpt lat="-27.985192" lon="-49.469211"><ele>1485</ele></trkpt>
      <trkpt lat="-27.985439" lon="-49.469122"><ele>1485.5</ele></trkpt>
      <trkpt lat="-27.986072" lon="-49.469233"><ele>1485.5</ele></trkpt>
      <trkpt lat="-27.986756" lon="-49.469516"><ele>1485</ele></trkpt>
      <trkpt lat="-27.986958" lon="-49.469521"><ele>1485.25</ele></trkpt>
      <trkpt lat="-27.988093" lon="-49.469156"><ele>1484.5</ele></trkpt>
      <trkpt lat="-27.988295" lon="-49.468982"><ele>1482.75</ele></trkpt>
      <trkpt lat="-27.988494" lon="-49.467866"><ele>1471.75</ele></trkpt>
      <trkpt lat="-27.988446" lon="-49.467299"><ele>1473.5</ele></trkpt>
      <trkpt lat="-27.988575" lon="-49.466262"><ele>1469.5</ele></trkpt>
      <trkpt lat="-27.98855" lon="-49.465941"><ele>1469.5</ele></trkpt>
      <trkpt lat="-27.988303" lon="-49.465224"><ele>1479.75</ele></trkpt>
      <trkpt lat="-27.988607" lon="-49.464722"><ele>1466</ele></trkpt>
      <trkpt lat="-27.988632" lon="-49.464494"><ele>1464.75</ele></trkpt>
      <trkpt lat="-27.988391" lon="-49.463305"><ele>1474</ele></trkpt>
      <trkpt lat="-27.988442" lon="-49.462875"><ele>1470.25</ele></trkpt>
      <trkpt lat="-27.988277" lon="-49.462553"><ele>1475.5</ele></trkpt>
      <trkpt lat="-27.988266" lon="-49.46175"><ele>1477</ele></trkpt>
      <trkpt lat="-27.987906" lon="-49.46095"><ele>1481.25</ele></trkpt>
      <trkpt lat="-27.987923" lon="-49.460655"><ele>1480.75</ele></trkpt>
      <trkpt lat="-27.988078" lon="-49.460335"><ele>1477.75</ele></trkpt>
      <trkpt lat="-27.988028" lon="-49.459869"><ele>1476.25</ele></trkpt>
      <trkpt lat="-27.98795" lon="-49.459679"><ele>1476.25</ele></trkpt>
      <trkpt lat="-27.987311" lon="-49.4589"><ele>1483.5</ele></trkpt>
      <trkpt lat="-27.986762" lon="-49.457773"><ele>1480.25</ele></trkpt>
      <trkpt lat="-27.986677" lon="-49.45735"><ele>1480</ele></trkpt>
      <trkpt lat="-27.986152" lon="-49.457015"><ele>1479</ele></trkpt>
      <trkpt lat="-27.985668" lon="-49.455024"><ele>1490.5</ele></trkpt>
      <trkpt lat="-27.985617" lon="-49.454007"><ele>1489</ele></trkpt>
      <trkpt lat="-27.985718" lon="-49.453542"><ele>1486.75</ele></trkpt>
      <trkpt lat="-27.985819" lon="-49.45342"><ele>1486.5</ele></trkpt>
      <trkpt lat="-27.986244" lon="-49.453287"><ele>1485</ele></trkpt>
      <trkpt lat="-27.986606" lon="-49.453051"><ele>1483</ele></trkpt>
      <trkpt lat="-27.986754" lon="-49.452892"><ele>1481.5</ele></trkpt>
      <trkpt lat="-27.986814" lon="-49.452662"><ele>1479.75</ele></trkpt>
      <trkpt lat="-27.986458" lon="-49.452336"><ele>1478.5</ele></trkpt>
      <trkpt lat="-27.985837" lon="-49.452074"><ele>1478.75</ele></trkpt>
      <trkpt lat="-27.985177" lon="-49.451557"><ele>1479</ele></trkpt>
      <trkpt lat="-27.984994" lon="-49.451007"><ele>1485.75</ele></trkpt>
      <trkpt lat="-27.984522" lon="-49.450397"><ele>1491.75</ele></trkpt>
      <trkpt lat="-27.983803" lon="-49.450236"><ele>1490.5</ele></trkpt>
      <trkpt lat="-27.982842" lon="-49.449654"><ele>1493</ele></trkpt>
      <trkpt lat="-27.982762" lon="-49.449446"><ele>1495</ele></trkpt>
      <trkpt lat="-27.982701" lon="-49.448387"><ele>1499.25</ele></trkpt>
      <trkpt lat="-27.982029" lon="-49.448077"><ele>1490.75</ele></trkpt>
      <trkpt lat="-27.981438" lon="-49.447477"><ele>1491</ele></trkpt>
      <trkpt lat="-27.980965" lon="-49.446888"><ele>1485.25</ele></trkpt>
      <trkpt lat="-27.980757" lon="-49.446263"><ele>1481</ele></trkpt>
      <trkpt lat="-27.980562" lon="-49.445992"><ele>1480</ele></trkpt>
      <trkpt lat="-27.979848" lon="-49.445837"><ele>1483.5</ele></trkpt>
      <trkpt lat="-27.979442" lon="-49.445473"><ele>1488</ele></trkpt>
      <trkpt lat="-27.979103" lon="-49.445336"><ele>1492.75</ele></trkpt>
      <trkpt lat="-27.978953" lon="-49.445201"><ele>1495.75</ele></trkpt>
      <trkpt lat="-27.978626" lon="-49.444481"><ele>1498</ele></trkpt>
      <trkpt lat="-27.978038" lon="-49.444045"><ele>1502.75</ele></trkpt>
      <trkpt lat="-27.97761" lon="-49.443603"><ele>1503.25</ele></trkpt>
      <trkpt lat="-27.977143" lon="-49.443311"><ele>1500</ele></trkpt>
      <trkpt lat="-27.976671" lon="-49.443235"><ele>1498.25</ele></trkpt>
      <trkpt lat="-27.976282" lon="-49.443073"><ele>1499</ele></trkpt>
      <trkpt lat="-27.975763" lon="-49.442594"><ele>1497.5</ele></trkpt>
      <trkpt lat="-27.975373" lon="-49.44236"><ele>1501.75</ele></trkpt>
      <trkpt lat="-27.9751" lon="-49.442054"><ele>1501.75</ele></trkpt>
      <trkpt lat="-27.974972" lon="-49.441839"><ele>1500.25</ele></trkpt>
      <trkpt lat="-27.974966" lon="-49.441297"><ele>1493.5</ele></trkpt>
      <trkpt lat="-27.97457" lon="-49.440564"><ele>1495.25</ele></trkpt>
      <trkpt lat="-27.974638" lon="-49.440425"><ele>1493</ele></trkpt>
      <trkpt lat="-27.974948" lon="-49.440273"><ele>1486.75</ele></trkpt>
      <trkpt lat="-27.975119" lon="-49.440063"><ele>1484</ele></trkpt>
      <trkpt lat="-27.975064" lon="-49.439438"><ele>1478</ele></trkpt>
      <trkpt lat="-27.97485" lon="-49.439028"><ele>1476.25</ele></trkpt>
      <trkpt lat="-27.974383" lon="-49.438696"><ele>1477.5</ele></trkpt>
      <trkpt lat="-27.973792" lon="-49.438542"><ele>1480.25</ele></trkpt>
      <trkpt lat="-27.973531" lon="-49.438333"><ele>1478.25</ele></trkpt>
      <trkpt lat="-27.973475" lon="-49.438088"><ele>1476.5</ele></trkpt>
      <trkpt lat="-27.973245" lon="-49.437983"><ele>1476</ele></trkpt>
      <trkpt lat="-27.972506" lon="-49.438144"><ele>1478.75</ele></trkpt>
      <trkpt lat="-27.972184" lon="-49.438047"><ele>1477.75</ele></trkpt>
      <trkpt lat="-27.972051" lon="-49.438112"><ele>1479</ele></trkpt>
      <trkpt lat="-27.971956" lon="-49.438348"><ele>1483.5</ele></trkpt>
      <trkpt lat="-27.971682" lon="-49.438348"><ele>1484.25</ele></trkpt>
      <trkpt lat="-27.970668" lon="-49.437768"><ele>1476.25</ele></trkpt>
      <trkpt lat="-27.970201" lon="-49.437727"><ele>1474.75</ele></trkpt>
      <trkpt lat="-27.969674" lon="-49.436456"><ele>1465</ele></trkpt>
      <trkpt lat="-27.969148" lon="-49.435879"><ele>1462</ele></trkpt>
      <trkpt lat="-27.968777" lon="-49.435698"><ele>1461</ele></trkpt>
      <trkpt lat="-27.967757" lon="-49.43553"><ele>1460</ele></trkpt>
      <trkpt lat="-27.966795" lon="-49.434826"><ele>1459.25</ele></trkpt>
      <trkpt lat="-27.96685" lon="-49.434714"><ele>1459.25</ele></trkpt>
      <trkpt lat="-27.966795" lon="-49.434825"><ele>1459.25</ele></trkpt>
      <trkpt lat="-27.965982" lon="-49.434269"><ele>1458</ele></trkpt>
      <trkpt lat="-27.965661" lon="-49.434154"><ele>1457.75</ele></trkpt>
      <trkpt lat="-27.965229" lon="-49.433766"><ele>1458</ele></trkpt>
      <trkpt lat="-27.964847" lon="-49.4331"><ele>1459</ele></trkpt>
      <trkpt lat="-27.964359" lon="-49.432627"><ele>1459.75</ele></trkpt>
      <trkpt lat="-27.96274" lon="-49.431873"><ele>1461.25</ele></trkpt>
      <trkpt lat="-27.961115" lon="-49.429902"><ele>1459.75</ele></trkpt>
      <trkpt lat="-27.960453" lon="-49.429206"><ele>1459</ele></trkpt>
      <trkpt lat="-27.960097" lon="-49.42897"><ele>1459</ele></trkpt>
      <trkpt lat="-27.959995" lon="-49.428935"><ele>1459</ele></trkpt>
      <trkpt lat="-27.959706" lon="-49.429183"><ele>1460.25</ele></trkpt>
      <trkpt lat="-27.959474" lon="-49.429857"><ele>1461.75</ele></trkpt>
      <trkpt lat="-27.9591" lon="-49.430345"><ele>1462.5</ele></trkpt>
      <trkpt lat="-27.958465" lon="-49.430668"><ele>1467.75</ele></trkpt>
      <trkpt lat="-27.957631" lon="-49.431256"><ele>1483.25</ele></trkpt>
      <trkpt lat="-27.957554" lon="-49.431384"><ele>1486</ele></trkpt>
      <trkpt lat="-27.957641" lon="-49.431743"><ele>1488.5</ele></trkpt>
      <trkpt lat="-27.958064" lon="-49.432152"><ele>1484.75</ele></trkpt>
      <trkpt lat="-27.958195" lon="-49.432399"><ele>1483.75</ele></trkpt>
      <trkpt lat="-27.9582" lon="-49.432876"><ele>1486.75</ele></trkpt>
      <trkpt lat="-27.958575" lon="-49.434565"><ele>1485.5</ele></trkpt>
      <trkpt lat="-27.958583" lon="-49.435174"><ele>1483.25</ele></trkpt>
      <trkpt lat="-27.958277" lon="-49.435723"><ele>1483.25</ele></trkpt>
      <trkpt lat="-27.957583" lon="-49.436202"><ele>1484.5</ele></trkpt>
      <trkpt lat="-27.957224" lon="-49.436227"><ele>1484</ele></trkpt>
      <trkpt lat="-27.956813" lon="-49.436061"><ele>1486.5</ele></trkpt>
      <trkpt lat="-27.955785" lon="-49.435399"><ele>1496.25</ele></trkpt>
      <trkpt lat="-27.95533" lon="-49.435196"><ele>1494</ele></trkpt>
      <trkpt lat="-27.954962" lon="-49.435168"><ele>1487.5</ele></trkpt>
      <trkpt lat="-27.954612" lon="-49.434837"><ele>1489.25</ele></trkpt>
      <trkpt lat="-27.953474" lon="-49.434507"><ele>1475.25</ele></trkpt>
      <trkpt lat="-27.953323" lon="-49.434621"><ele>1472</ele></trkpt>
      <trkpt lat="-27.953029" lon="-49.435243"><ele>1466.25</ele></trkpt>
      <trkpt lat="-27.952684" lon="-49.435296"><ele>1465.75</ele></trkpt>
      <trkpt lat="-27.952309" lon="-49.435596"><ele>1464.25</ele></trkpt>
      <trkpt lat="-27.951732" lon="-49.435836"><ele>1461</ele></trkpt>
      <trkpt lat="-27.951549" lon="-49.436155"><ele>1458</ele></trkpt>
      <trkpt lat="-27.951494" lon="-49.436488"><ele>1455</ele></trkpt>
      <trkpt lat="-27.951547" lon="-49.436748"><ele>1453.5</ele></trkpt>
      <trkpt lat="-27.95178" lon="-49.437045"><ele>1453.5</ele></trkpt>
      <trkpt lat="-27.951925" lon="-49.437494"><ele>1454.25</ele></trkpt>
      <trkpt lat="-27.951942" lon="-49.438132"><ele>1461.75</ele></trkpt>
      <trkpt lat="-27.951817" lon="-49.438547"><ele>1465</ele></trkpt>
      <trkpt lat="-27.951499" lon="-49.438751"><ele>1466.5</ele></trkpt>
      <trkpt lat="-27.951124" lon="-49.439264"><ele>1470</ele></trkpt>
      <trkpt lat="-27.950714" lon="-49.440217"><ele>1474.75</ele></trkpt>
      <trkpt lat="-27.950251" lon="-49.440873"><ele>1483</ele></trkpt>
      <trkpt lat="-27.950027" lon="-49.441683"><ele>1496</ele></trkpt>
      <trkpt lat="-27.949552" lon="-49.44228"><ele>1503.75</ele></trkpt>
      <trkpt lat="-27.949563" lon="-49.442937"><ele>1500.25</ele></trkpt>
      <trkpt lat="-27.949351" lon="-49.443351"><ele>1497.25</ele></trkpt>
      <trkpt lat="-27.949045" lon="-49.444813"><ele>1494.75</ele></trkpt>
      <trkpt lat="-27.949356" lon="-49.445701"><ele>1488.75</ele></trkpt>
      <trkpt lat="-27.949045" lon="-49.444813"><ele>1494.75</ele></trkpt>
      <trkpt lat="-27.949351" lon="-49.443351"><ele>1497.25</ele></trkpt>
      <trkpt lat="-27.949563" lon="-49.442937"><ele>1500.25</ele></trkpt>
      <trkpt lat="-27.949552" lon="-49.44228"><ele>1503.75</ele></trkpt>
      <trkpt lat="-27.950027" lon="-49.441683"><ele>1496</ele></trkpt>
      <trkpt lat="-27.950251" lon="-49.440873"><ele>1483</ele></trkpt>
      <trkpt lat="-27.950714" lon="-49.440217"><ele>1474.75</ele></trkpt>
      <trkpt lat="-27.951124" lon="-49.439264"><ele>1470</ele></trkpt>
      <trkpt lat="-27.951499" lon="-49.438751"><ele>1466.5</ele></trkpt>
      <trkpt lat="-27.951817" lon="-49.438547"><ele>1465</ele></trkpt>
      <trkpt lat="-27.951942" lon="-49.438132"><ele>1461.75</ele></trkpt>
      <trkpt lat="-27.951925" lon="-49.437494"><ele>1454.25</ele></trkpt>
      <trkpt lat="-27.95178" lon="-49.437045"><ele>1453.5</ele></trkpt>
      <trkpt lat="-27.951547" lon="-49.436748"><ele>1453.5</ele></trkpt>
      <trkpt lat="-27.951494" lon="-49.436488"><ele>1455</ele></trkpt>
      <trkpt lat="-27.951549" lon="-49.436155"><ele>1458</ele></trkpt>
      <trkpt lat="-27.951732" lon="-49.435836"><ele>1461</ele></trkpt>
      <trkpt lat="-27.952309" lon="-49.435596"><ele>1464.25</ele></trkpt>
      <trkpt lat="-27.952684" lon="-49.435296"><ele>1465.75</ele></trkpt>
      <trkpt lat="-27.953029" lon="-49.435243"><ele>1466.25</ele></trkpt>
      <trkpt lat="-27.953323" lon="-49.434621"><ele>1472</ele></trkpt>
      <trkpt lat="-27.953474" lon="-49.434507"><ele>1475.25</ele></trkpt>
      <trkpt lat="-27.954612" lon="-49.434837"><ele>1489.25</ele></trkpt>
      <trkpt lat="-27.954962" lon="-49.435168"><ele>1487.5</ele></trkpt>
      <trkpt lat="-27.95533" lon="-49.435196"><ele>1494</ele></trkpt>
      <trkpt lat="-27.955785" lon="-49.435399"><ele>1496.25</ele></trkpt>
      <trkpt lat="-27.956813" lon="-49.436061"><ele>1486.5</ele></trkpt>
      <trkpt lat="-27.957224" lon="-49.436227"><ele>1484</ele></trkpt>
      <trkpt lat="-27.957583" lon="-49.436202"><ele>1484.5</ele></trkpt>
      <trkpt lat="-27.958184" lon="-49.435801"><ele>1483.75</ele></trkpt>
      <trkpt lat="-27.958583" lon="-49.435174"><ele>1483.25</ele></trkpt>
      <trkpt lat="-27.958575" lon="-49.434565"><ele>1485.5</ele></trkpt>
      <trkpt lat="-27.9582" lon="-49.432876"><ele>1486.75</ele></trkpt>
      <trkpt lat="-27.958195" lon="-49.432399"><ele>1483.75</ele></trkpt>
      <trkpt lat="-27.958064" lon="-49.432152"><ele>1484.75</ele></trkpt>
      <trkpt lat="-27.957641" lon="-49.431743"><ele>1488.5</ele></trkpt>
      <trkpt lat="-27.957554" lon="-49.431384"><ele>1486</ele></trkpt>
      <trkpt lat="-27.957631" lon="-49.431256"><ele>1483.25</ele></trkpt>
      <trkpt lat="-27.958465" lon="-49.430668"><ele>1467.75</ele></trkpt>
      <trkpt lat="-27.9591" lon="-49.430345"><ele>1462.5</ele></trkpt>
      <trkpt lat="-27.959474" lon="-49.429857"><ele>1461.75</ele></trkpt>
      <trkpt lat="-27.959706" lon="-49.429183"><ele>1460.25</ele></trkpt>
      <trkpt lat="-27.959995" lon="-49.428935"><ele>1459</ele></trkpt>
      <trkpt lat="-27.960097" lon="-49.42897"><ele>1459</ele></trkpt>
      <trkpt lat="-27.960453" lon="-49.429206"><ele>1459</ele></trkpt>
      <trkpt lat="-27.961115" lon="-49.429902"><ele>1459.75</ele></trkpt>
      <trkpt lat="-27.96274" lon="-49.431873"><ele>1461.25</ele></trkpt>
      <trkpt lat="-27.964359" lon="-49.432627"><ele>1459.75</ele></trkpt>
      <trkpt lat="-27.964847" lon="-49.4331"><ele>1459</ele></trkpt>
      <trkpt lat="-27.965229" lon="-49.433766"><ele>1458</ele></trkpt>
      <trkpt lat="-27.965661" lon="-49.434154"><ele>1457.75</ele></trkpt>
      <trkpt lat="-27.965982" lon="-49.434269"><ele>1458</ele></trkpt>
      <trkpt lat="-27.967757" lon="-49.43553"><ele>1460</ele></trkpt>
      <trkpt lat="-27.968777" lon="-49.435698"><ele>1461</ele></trkpt>
      <trkpt lat="-27.969148" lon="-49.435879"><ele>1462</ele></trkpt>
      <trkpt lat="-27.969674" lon="-49.436456"><ele>1465</ele></trkpt>
      <trkpt lat="-27.970201" lon="-49.437727"><ele>1474.75</ele></trkpt>
      <trkpt lat="-27.970668" lon="-49.437768"><ele>1476.25</ele></trkpt>
      <trkpt lat="-27.971682" lon="-49.438348"><ele>1484.25</ele></trkpt>
      <trkpt lat="-27.971956" lon="-49.438348"><ele>1483.5</ele></trkpt>
      <trkpt lat="-27.972051" lon="-49.438112"><ele>1479</ele></trkpt>
      <trkpt lat="-27.972184" lon="-49.438047"><ele>1477.75</ele></trkpt>
      <trkpt lat="-27.972506" lon="-49.438144"><ele>1478.75</ele></trkpt>
      <trkpt lat="-27.973245" lon="-49.437983"><ele>1476</ele></trkpt>
      <trkpt lat="-27.973475" lon="-49.438088"><ele>1476.5</ele></trkpt>
      <trkpt lat="-27.973531" lon="-49.438333"><ele>1478.25</ele></trkpt>
      <trkpt lat="-27.973792" lon="-49.438542"><ele>1480.25</ele></trkpt>
      <trkpt lat="-27.974383" lon="-49.438696"><ele>1477.5</ele></trkpt>
      <trkpt lat="-27.97485" lon="-49.439028"><ele>1476.25</ele></trkpt>
      <trkpt lat="-27.975064" lon="-49.439438"><ele>1478</ele></trkpt>
      <trkpt lat="-27.975119" lon="-49.440063"><ele>1484</ele></trkpt>
      <trkpt lat="-27.974948" lon="-49.440273"><ele>1486.75</ele></trkpt>
      <trkpt lat="-27.974638" lon="-49.440425"><ele>1493</ele></trkpt>
      <trkpt lat="-27.97457" lon="-49.440564"><ele>1495.25</ele></trkpt>
      <trkpt lat="-27.974966" lon="-49.441297"><ele>1493.5</ele></trkpt>
      <trkpt lat="-27.974972" lon="-49.441839"><ele>1500.25</ele></trkpt>
      <trkpt lat="-27.9751" lon="-49.442054"><ele>1501.75</ele></trkpt>
      <trkpt lat="-27.975373" lon="-49.44236"><ele>1501.75</ele></trkpt>
      <trkpt lat="-27.975763" lon="-49.442594"><ele>1497.5</ele></trkpt>
      <trkpt lat="-27.976282" lon="-49.443073"><ele>1499</ele></trkpt>
      <trkpt lat="-27.976671" lon="-49.443235"><ele>1498.25</ele></trkpt>
      <trkpt lat="-27.977143" lon="-49.443311"><ele>1500</ele></trkpt>
      <trkpt lat="-27.97761" lon="-49.443603"><ele>1503.25</ele></trkpt>
      <trkpt lat="-27.978038" lon="-49.444045"><ele>1502.75</ele></trkpt>
      <trkpt lat="-27.978626" lon="-49.444481"><ele>1498</ele></trkpt>
      <trkpt lat="-27.978953" lon="-49.445201"><ele>1495.75</ele></trkpt>
      <trkpt lat="-27.979103" lon="-49.445336"><ele>1492.75</ele></trkpt>
      <trkpt lat="-27.979442" lon="-49.445473"><ele>1488</ele></trkpt>
      <trkpt lat="-27.979848" lon="-49.445837"><ele>1483.5</ele></trkpt>
      <trkpt lat="-27.980562" lon="-49.445992"><ele>1480</ele></trkpt>
      <trkpt lat="-27.980757" lon="-49.446263"><ele>1481</ele></trkpt>
      <trkpt lat="-27.980965" lon="-49.446888"><ele>1485.25</ele></trkpt>
      <trkpt lat="-27.981438" lon="-49.447477"><ele>1491</ele></trkpt>
      <trkpt lat="-27.982029" lon="-49.448077"><ele>1490.75</ele></trkpt>
      <trkpt lat="-27.982701" lon="-49.448387"><ele>1499.25</ele></trkpt>
      <trkpt lat="-27.982762" lon="-49.449446"><ele>1495</ele></trkpt>
      <trkpt lat="-27.982842" lon="-49.449654"><ele>1493</ele></trkpt>
      <trkpt lat="-27.983803" lon="-49.450236"><ele>1490.5</ele></trkpt>
      <trkpt lat="-27.984522" lon="-49.450397"><ele>1491.75</ele></trkpt>
      <trkpt lat="-27.984994" lon="-49.451007"><ele>1485.75</ele></trkpt>
      <trkpt lat="-27.985177" lon="-49.451557"><ele>1479</ele></trkpt>
      <trkpt lat="-27.985837" lon="-49.452074"><ele>1478.75</ele></trkpt>
      <trkpt lat="-27.986458" lon="-49.452336"><ele>1478.5</ele></trkpt>
      <trkpt lat="-27.986814" lon="-49.452662"><ele>1479.75</ele></trkpt>
      <trkpt lat="-27.986754" lon="-49.452892"><ele>1481.5</ele></trkpt>
      <trkpt lat="-27.986606" lon="-49.453051"><ele>1483</ele></trkpt>
      <trkpt lat="-27.986244" lon="-49.453287"><ele>1485</ele></trkpt>
      <trkpt lat="-27.985819" lon="-49.45342"><ele>1486.5</ele></trkpt>
      <trkpt lat="-27.985718" lon="-49.453542"><ele>1486.75</ele></trkpt>
      <trkpt lat="-27.985617" lon="-49.454007"><ele>1489</ele></trkpt>
      <trkpt lat="-27.985668" lon="-49.455024"><ele>1490.5</ele></trkpt>
      <trkpt lat="-27.986152" lon="-49.457015"><ele>1479</ele></trkpt>
      <trkpt lat="-27.986677" lon="-49.45735"><ele>1480</ele></trkpt>
      <trkpt lat="-27.986762" lon="-49.457773"><ele>1480.25</ele></trkpt>
      <trkpt lat="-27.987311" lon="-49.4589"><ele>1483.5</ele></trkpt>
      <trkpt lat="-27.98795" lon="-49.459679"><ele>1476.25</ele></trkpt>
      <trkpt lat="-27.988028" lon="-49.459869"><ele>1476.25</ele></trkpt>
      <trkpt lat="-27.988078" lon="-49.460335"><ele>1477.75</ele></trkpt>
      <trkpt lat="-27.987923" lon="-49.460655"><ele>1480.75</ele></trkpt>
      <trkpt lat="-27.987906" lon="-49.46095"><ele>1481.25</ele></trkpt>
      <trkpt lat="-27.988266" lon="-49.46175"><ele>1477</ele></trkpt>
      <trkpt lat="-27.988277" lon="-49.462553"><ele>1475.5</ele></trkpt>
      <trkpt lat="-27.988442" lon="-49.462875"><ele>1470.25</ele></trkpt>
      <trkpt lat="-27.988391" lon="-49.463305"><ele>1474</ele></trkpt>
      <trkpt lat="-27.988632" lon="-49.464494"><ele>1464.75</ele></trkpt>
      <trkpt lat="-27.988607" lon="-49.464722"><ele>1466</ele></trkpt>
      <trkpt lat="-27.988303" lon="-49.465224"><ele>1479.75</ele></trkpt>
      <trkpt lat="-27.98855" lon="-49.465941"><ele>1469.5</ele></trkpt>
      <trkpt lat="-27.988575" lon="-49.466262"><ele>1469.5</ele></trkpt>
      <trkpt lat="-27.988446" lon="-49.467299"><ele>1473.5</ele></trkpt>
      <trkpt lat="-27.988494" lon="-49.467866"><ele>1471.75</ele></trkpt>
      <trkpt lat="-27.988295" lon="-49.468982"><ele>1482.75</ele></trkpt>
      <trkpt lat="-27.988093" lon="-49.469156"><ele>1484.5</ele></trkpt>
      <trkpt lat="-27.986958" lon="-49.469521"><ele>1485.25</ele></trkpt>
      <trkpt lat="-27.986756" lon="-49.469516"><ele>1485</ele></trkpt>
      <trkpt lat="-27.986072" lon="-49.469233"><ele>1485.5</ele></trkpt>
      <trkpt lat="-27.985439" lon="-49.469122"><ele>1485.5</ele></trkpt>
      <trkpt lat="-27.985192" lon="-49.469211"><ele>1485</ele></trkpt>
      <trkpt lat="-27.984475" lon="-49.469723"><ele>1486.75</ele></trkpt>
      <trkpt lat="-27.983331" lon="-49.469765"><ele>1483</ele></trkpt>
      <trkpt lat="-27.982672" lon="-49.470292"><ele>1485</ele></trkpt>
      <trkpt lat="-27.982143" lon="-49.471113"><ele>1480.5</ele></trkpt>
      <trkpt lat="-27.982115" lon="-49.471359"><ele>1480.75</ele></trkpt>
      <trkpt lat="-27.982295" lon="-49.471934"><ele>1482.75</ele></trkpt>
      <trkpt lat="-27.98216" lon="-49.472402"><ele>1484.25</ele></trkpt>
      <trkpt lat="-27.981824" lon="-49.472958"><ele>1486</ele></trkpt>
      <trkpt lat="-27.980816" lon="-49.474023"><ele>1486.5</ele></trkpt>
      <trkpt lat="-27.980557" lon="-49.47536"><ele>1482.5</ele></trkpt>
      <trkpt lat="-27.97971" lon="-49.477307"><ele>1489.5</ele></trkpt>
      <trkpt lat="-27.979632" lon="-49.47786"><ele>1485</ele></trkpt>
      <trkpt lat="-27.979177" lon="-49.478653"><ele>1487</ele></trkpt>
      <trkpt lat="-27.979104" lon="-49.479126"><ele>1481</ele></trkpt>
      <trkpt lat="-27.97882" lon="-49.479685"><ele>1465</ele></trkpt>
      <trkpt lat="-27.978738" lon="-49.480456"><ele>1453.75</ele></trkpt>
      <trkpt lat="-27.978806" lon="-49.481639"><ele>1440.5</ele></trkpt>
      <trkpt lat="-27.978945" lon="-49.482271"><ele>1429.75</ele></trkpt>
      <trkpt lat="-27.978783" lon="-49.482911"><ele>1420.5</ele></trkpt>
      <trkpt lat="-27.979191" lon="-49.48422"><ele>1410</ele></trkpt>
      <trkpt lat="-27.97912" lon="-49.485567"><ele>1399.75</ele></trkpt>
      <trkpt lat="-27.978784" lon="-49.486555"><ele>1401.75</ele></trkpt>
      <trkpt lat="-27.978447" lon="-49.486622"><ele>1399.5</ele></trkpt>
      <trkpt lat="-27.977995" lon="-49.486227"><ele>1397.25</ele></trkpt>
      <trkpt lat="-27.977201" lon="-49.48592"><ele>1395</ele></trkpt>
      <trkpt lat="-27.975969" lon="-49.486329"><ele>1389</ele></trkpt>
      <trkpt lat="-27.975357" lon="-49.487036"><ele>1381.75</ele></trkpt>
      <trkpt lat="-27.975006" lon="-49.48791"><ele>1379</ele></trkpt>
      <trkpt lat="-27.974895" lon="-49.488429"><ele>1378.75</ele></trkpt>
      <trkpt lat="-27.974609" lon="-49.488999"><ele>1377</ele></trkpt>
      <trkpt lat="-27.973306" lon="-49.48958"><ele>1351.25</ele></trkpt>
      <trkpt lat="-27.972684" lon="-49.489943"><ele>1333.5</ele></trkpt>
      <trkpt lat="-27.972072" lon="-49.490524"><ele>1325.25</ele></trkpt>
      <trkpt lat="-27.971765" lon="-49.490711"><ele>1316.75</ele></trkpt>
      <trkpt lat="-27.970706" lon="-49.491765"><ele>1296.5</ele></trkpt>
      <trkpt lat="-27.970213" lon="-49.491991"><ele>1288.75</ele></trkpt>
      <trkpt lat="-27.969882" lon="-49.491967"><ele>1280.5</ele></trkpt>
      <trkpt lat="-27.969613" lon="-49.492074"><ele>1278</ele></trkpt>
      <trkpt lat="-27.969125" lon="-49.492395"><ele>1273</ele></trkpt>
      <trkpt lat="-27.968778" lon="-49.492821"><ele>1273.5</ele></trkpt>
      <trkpt lat="-27.967965" lon="-49.493277"><ele>1260.25</ele></trkpt>
      <trkpt lat="-27.967486" lon="-49.493968"><ele>1258.25</ele></trkpt>
      <trkpt lat="-27.966988" lon="-49.494424"><ele>1254.25</ele></trkpt>
      <trkpt lat="-27.966366" lon="-49.495638"><ele>1255.75</ele></trkpt>
      <trkpt lat="-27.965844" lon="-49.496148"><ele>1246.25</ele></trkpt>
      <trkpt lat="-27.965772" lon="-49.496447"><ele>1246</ele></trkpt>
      <trkpt lat="-27.965929" lon="-49.49669"><ele>1249.25</ele></trkpt>
      <trkpt lat="-27.966651" lon="-49.497205"><ele>1249.25</ele></trkpt>
      <trkpt lat="-27.967113" lon="-49.497338"><ele>1249.5</ele></trkpt>
      <trkpt lat="-27.967783" lon="-49.497746"><ele>1241</ele></trkpt>
      <trkpt lat="-27.968058" lon="-49.49773"><ele>1242.25</ele></trkpt>
      <trkpt lat="-27.968206" lon="-49.497997"><ele>1234.5</ele></trkpt>
      <trkpt lat="-27.96844" lon="-49.498192"><ele>1228.25</ele></trkpt>
      <trkpt lat="-27.969079" lon="-49.498147"><ele>1224.5</ele></trkpt>
      <trkpt lat="-27.969586" lon="-49.498281"><ele>1217.25</ele></trkpt>
      <trkpt lat="-27.971526" lon="-49.498082"><ele>1214.75</ele></trkpt>
      <trkpt lat="-27.971886" lon="-49.498111"><ele>1213</ele></trkpt>
      <trkpt lat="-27.972825" lon="-49.498374"><ele>1204.75</ele></trkpt>
      <trkpt lat="-27.973355" lon="-49.498246"><ele>1205.75</ele></trkpt>
      <trkpt lat="-27.974271" lon="-49.498299"><ele>1190</ele></trkpt>
      <trkpt lat="-27.975492" lon="-49.497497"><ele>1188</ele></trkpt>
      <trkpt lat="-27.976185" lon="-49.496816"><ele>1199.5</ele></trkpt>
      <trkpt lat="-27.977052" lon="-49.496429"><ele>1191</ele></trkpt>
      <trkpt lat="-27.977973" lon="-49.495766"><ele>1196.25</ele></trkpt>
      <trkpt lat="-27.978424" lon="-49.495676"><ele>1197.75</ele></trkpt>
      <trkpt lat="-27.978538" lon="-49.495861"><ele>1198</ele></trkpt>
      <trkpt lat="-27.978514" lon="-49.496918"><ele>1189</ele></trkpt>
      <trkpt lat="-27.978821" lon="-49.497769"><ele>1196</ele></trkpt>
      <trkpt lat="-27.978828" lon="-49.498384"><ele>1192.25</ele></trkpt>
      <trkpt lat="-27.97899" lon="-49.498681"><ele>1192.75</ele></trkpt>
      <trkpt lat="-27.979796" lon="-49.499133"><ele>1202</ele></trkpt>
      <trkpt lat="-27.98026" lon="-49.499513"><ele>1200.75</ele></trkpt>
      <trkpt lat="-27.980571" lon="-49.499629"><ele>1202.75</ele></trkpt>
      <trkpt lat="-27.980887" lon="-49.499921"><ele>1194.25</ele></trkpt>
      <trkpt lat="-27.981368" lon="-49.500084"><ele>1188.25</ele></trkpt>
      <trkpt lat="-27.981633" lon="-49.500317"><ele>1183.25</ele></trkpt>
      <trkpt lat="-27.98189" lon="-49.500705"><ele>1170</ele></trkpt>
      <trkpt lat="-27.982289" lon="-49.5022"><ele>1150.5</ele></trkpt>
      <trkpt lat="-27.982275" lon="-49.502668"><ele>1151.25</ele></trkpt>
      <trkpt lat="-27.981961" lon="-49.503573"><ele>1156.25</ele></trkpt>
      <trkpt lat="-27.98158" lon="-49.50399"><ele>1155.75</ele></trkpt>
      <trkpt lat="-27.980907" lon="-49.504316"><ele>1146</ele></trkpt>
      <trkpt lat="-27.980764" lon="-49.504602"><ele>1144.5</ele></trkpt>
      <trkpt lat="-27.980797" lon="-49.50501"><ele>1147</ele></trkpt>
      <trkpt lat="-27.980689" lon="-49.505294"><ele>1144</ele></trkpt>
      <trkpt lat="-27.980545" lon="-49.505324"><ele>1141</ele></trkpt>
      <trkpt lat="-27.98022" lon="-49.505189"><ele>1134.25</ele></trkpt>
      <trkpt lat="-27.980076" lon="-49.505206"><ele>1131.25</ele></trkpt>
      <trkpt lat="-27.979938" lon="-49.505353"><ele>1129</ele></trkpt>
      <trkpt lat="-27.979806" lon="-49.50571"><ele>1128.25</ele></trkpt>
      <trkpt lat="-27.979431" lon="-49.505729"><ele>1122.25</ele></trkpt>
      <trkpt lat="-27.979327" lon="-49.505802"><ele>1121.25</ele></trkpt>
      <trkpt lat="-27.97941" lon="-49.506553"><ele>1116</ele></trkpt>
      <trkpt lat="-27.97904" lon="-49.506819"><ele>1106.25</ele></trkpt>
      <trkpt lat="-27.978551" lon="-49.507667"><ele>1087.25</ele></trkpt>
      <trkpt lat="-27.978418" lon="-49.508713"><ele>1072.25</ele></trkpt>
      <trkpt lat="-27.978038" lon="-49.509074"><ele>1063</ele></trkpt>
      <trkpt lat="-27.977975" lon="-49.509474"><ele>1056.5</ele></trkpt>
      <trkpt lat="-27.977494" lon="-49.50988"><ele>1050.5</ele></trkpt>
      <trkpt lat="-27.977463" lon="-49.51027"><ele>1048</ele></trkpt>
      <trkpt lat="-27.977561" lon="-49.510392"><ele>1047.5</ele></trkpt>
      <trkpt lat="-27.978099" lon="-49.510359"><ele>1046.25</ele></trkpt>
      <trkpt lat="-27.978883" lon="-49.510515"><ele>1041.25</ele></trkpt>
      <trkpt lat="-27.979201" lon="-49.510894"><ele>1036.75</ele></trkpt>
      <trkpt lat="-27.979133" lon="-49.511451"><ele>1028.75</ele></trkpt>
      <trkpt lat="-27.979213" lon="-49.511702"><ele>1023.5</ele></trkpt>
      <trkpt lat="-27.979573" lon="-49.512062"><ele>1010.25</ele></trkpt>
      <trkpt lat="-27.980268" lon="-49.512125"><ele>1000</ele></trkpt>
      <trkpt lat="-27.980549" lon="-49.51244"><ele>986.25</ele></trkpt>
      <trkpt lat="-27.980594" lon="-49.512692"><ele>981</ele></trkpt>
      <trkpt lat="-27.980415" lon="-49.51318"><ele>974</ele></trkpt>
      <trkpt lat="-27.980487" lon="-49.513337"><ele>970.5</ele></trkpt>
      <trkpt lat="-27.980886" lon="-49.513707"><ele>962.5</ele></trkpt>
      <trkpt lat="-27.98092" lon="-49.514002"><ele>956.75</ele></trkpt>
      <trkpt lat="-27.980704" lon="-49.514198"><ele>953.75</ele></trkpt>
      <trkpt lat="-27.979917" lon="-49.514345"><ele>948.75</ele></trkpt>
      <trkpt lat="-27.979767" lon="-49.514714"><ele>943.75</ele></trkpt>
      <trkpt lat="-27.980501" lon="-49.515465"><ele>938.75</ele></trkpt>
      <trkpt lat="-27.981327" lon="-49.516047"><ele>935.25</ele></trkpt>
      <trkpt lat="-27.982946" lon="-49.516679"><ele>934.5</ele></trkpt>
      <trkpt lat="-27.984006" lon="-49.517323"><ele>943.5</ele></trkpt>
      <trkpt lat="-27.984172" lon="-49.517528"><ele>943.75</ele></trkpt>
      <trkpt lat="-27.984161" lon="-49.518113"><ele>938</ele></trkpt>
      <trkpt lat="-27.984249" lon="-49.518592"><ele>937</ele></trkpt>
      <trkpt lat="-27.984627" lon="-49.518893"><ele>945.25</ele></trkpt>
      <trkpt lat="-27.984748" lon="-49.519129"><ele>946.75</ele></trkpt>
      <trkpt lat="-27.984878" lon="-49.519845"><ele>950.25</ele></trkpt>
      <trkpt lat="-27.984611" lon="-49.521363"><ele>953.75</ele></trkpt>
      <trkpt lat="-27.984335" lon="-49.522061"><ele>943.75</ele></trkpt>
      <trkpt lat="-27.984343" lon="-49.522754"><ele>949.75</ele></trkpt>
      <trkpt lat="-27.984132" lon="-49.52358"><ele>937.25</ele></trkpt>
      <trkpt lat="-27.984094" lon="-49.52461"><ele>940.75</ele></trkpt>
      <trkpt lat="-27.983475" lon="-49.525904"><ele>927.5</ele></trkpt>
      <trkpt lat="-27.983348" lon="-49.526992"><ele>925</ele></trkpt>
      <trkpt lat="-27.98341" lon="-49.52734"><ele>926</ele></trkpt>
      <trkpt lat="-27.983813" lon="-49.527988"><ele>931.25</ele></trkpt>
      <trkpt lat="-27.984015" lon="-49.528508"><ele>929.5</ele></trkpt>
      <trkpt lat="-27.984049" lon="-49.529688"><ele>924.75</ele></trkpt>
      <trkpt lat="-27.984237" lon="-49.531566"><ele>923.25</ele></trkpt>
      <trkpt lat="-27.984187" lon="-49.532273"><ele>917.5</ele></trkpt>
      <trkpt lat="-27.984256" lon="-49.532561"><ele>920</ele></trkpt>
      <trkpt lat="-27.984819" lon="-49.533762"><ele>919.75</ele></trkpt>
      <trkpt lat="-27.985512" lon="-49.534862"><ele>915.5</ele></trkpt>
      <trkpt lat="-27.986175" lon="-49.535472"><ele>928.75</ele></trkpt>
      <trkpt lat="-27.986367" lon="-49.536755"><ele>917.75</ele></trkpt>
      <trkpt lat="-27.98717" lon="-49.538623"><ele>904.5</ele></trkpt>
      <trkpt lat="-27.987487" lon="-49.538599"><ele>904</ele></trkpt>
      <trkpt lat="-27.988106" lon="-49.538305"><ele>903.75</ele></trkpt>
      <trkpt lat="-27.988296" lon="-49.538066"><ele>903.25</ele></trkpt>
      <trkpt lat="-27.988436" lon="-49.53764"><ele>902.5</ele></trkpt>
      <trkpt lat="-27.989155" lon="-49.536758"><ele>901.25</ele></trkpt>
      <trkpt lat="-27.989351" lon="-49.536623"><ele>901</ele></trkpt>
      <trkpt lat="-27.98954" lon="-49.536707"><ele>901</ele></trkpt>
      <trkpt lat="-27.989569" lon="-49.53729"><ele>902.5</ele></trkpt>
      <trkpt lat="-27.98936" lon="-49.537785"><ele>903.25</ele></trkpt>
      <trkpt lat="-27.989158" lon="-49.538928"><ele>902.5</ele></trkpt>
      <trkpt lat="-27.989159" lon="-49.540668"><ele>901</ele></trkpt>
      <trkpt lat="-27.989248" lon="-49.541632"><ele>900</ele></trkpt>
      <trkpt lat="-27.989734" lon="-49.543496"><ele>901</ele></trkpt>
      <trkpt lat="-27.989985" lon="-49.543848"><ele>900</ele></trkpt>
      <trkpt lat="-27.990921" lon="-49.544745"><ele>898.75</ele></trkpt>
      <trkpt lat="-27.993303" lon="-49.546856"><ele>898</ele></trkpt>
      <trkpt lat="-27.994115" lon="-49.547865"><ele>897.75</ele></trkpt>
      <trkpt lat="-27.994375" lon="-49.547915"><ele>897.75</ele></trkpt>
      <trkpt lat="-27.995745" lon="-49.547489"><ele>897</ele></trkpt>
      <trkpt lat="-27.996106" lon="-49.54702"><ele>897.5</ele></trkpt>
      <trkpt lat="-27.99689" lon="-49.546389"><ele>900.75</ele></trkpt>
      <trkpt lat="-27.997084" lon="-49.546351"><ele>901.5</ele></trkpt>
      <trkpt lat="-27.997874" lon="-49.546727"><ele>903</ele></trkpt>
      <trkpt lat="-27.998361" lon="-49.546719"><ele>904.75</ele></trkpt>
      <trkpt lat="-27.998835" lon="-49.546519"><ele>907.5</ele></trkpt>
      <trkpt lat="-27.999191" lon="-49.546912"><ele>906.25</ele></trkpt>
      <trkpt lat="-28.000143" lon="-49.54705"><ele>909.25</ele></trkpt>
      <trkpt lat="-28.000667" lon="-49.547409"><ele>904</ele></trkpt>
      <trkpt lat="-28.000975" lon="-49.54804"><ele>907</ele></trkpt>
      <trkpt lat="-28.000509" lon="-49.548934"><ele>915.5</ele></trkpt>
      <trkpt lat="-27.996473" lon="-49.559379"><ele>900.75</ele></trkpt>
      <trkpt lat="-27.996297" lon="-49.560158"><ele>901</ele></trkpt>
      <trkpt lat="-27.996223" lon="-49.561649"><ele>900.25</ele></trkpt>
      <trkpt lat="-27.996114" lon="-49.56219"><ele>900.5</ele></trkpt>
      <trkpt lat="-27.990438" lon="-49.582903"><ele>898.75</ele></trkpt>
      <trkpt lat="-27.98895" lon="-49.582323"><ele>898.75</ele></trkpt>
      <trkpt lat="-27.988281" lon="-49.582185"><ele>896.25</ele></trkpt>
      <trkpt lat="-27.981553" lon="-49.581473"><ele>890</ele></trkpt>
      <trkpt lat="-27.98067" lon="-49.581547"><ele>891.5</ele></trkpt>
      <trkpt lat="-27.978329" lon="-49.582169"><ele>889.25</ele></trkpt>
      <trkpt lat="-27.978022" lon="-49.582098"><ele>889.25</ele></trkpt>
      <trkpt lat="-27.977334" lon="-49.58158"><ele>895.25</ele></trkpt>
      <trkpt lat="-27.977019" lon="-49.581594"><ele>898</ele></trkpt>
      <trkpt lat="-27.976089" lon="-49.582399"><ele>899.25</ele></trkpt>
      <trkpt lat="-27.975233" lon="-49.583423"><ele>894.5</ele></trkpt>
      <trkpt lat="-27.974197" lon="-49.584348"><ele>892.25</ele></trkpt>
      <trkpt lat="-27.973436" lon="-49.586196"><ele>890</ele></trkpt>
      <trkpt lat="-27.972802" lon="-49.58714"><ele>889.75</ele></trkpt>
      <trkpt lat="-27.972457" lon="-49.587367"><ele>889.5</ele></trkpt>
      <trkpt lat="-27.971473" lon="-49.587673"><ele>892.25</ele></trkpt>
      <trkpt lat="-27.970784" lon="-49.588735"><ele>890.75</ele></trkpt>
      <trkpt lat="-27.97057" lon="-49.588915"><ele>893.25</ele></trkpt>
      <trkpt lat="-27.969829" lon="-49.589236"><ele>903.5</ele></trkpt>
      <trkpt lat="-27.96939" lon="-49.590015"><ele>897.25</ele></trkpt>
      <trkpt lat="-27.969046" lon="-49.590349"><ele>898</ele></trkpt>
      <trkpt lat="-27.967309" lon="-49.590989"><ele>895.25</ele></trkpt>
      <trkpt lat="-27.966848" lon="-49.591028"><ele>896.5</ele></trkpt>
      <trkpt lat="-27.965797" lon="-49.590792"><ele>903</ele></trkpt>
      <trkpt lat="-27.965774" lon="-49.59091"><ele>903</ele></trkpt>
      <trkpt lat="-27.965796" lon="-49.590792"><ele>899.75</ele></trkpt>
      <trkpt lat="-27.964436" lon="-49.59044"><ele>904</ele></trkpt>
      <trkpt lat="-27.964231" lon="-49.590317"><ele>905</ele></trkpt>
      <trkpt lat="-27.963768" lon="-49.589764"><ele>910.75</ele></trkpt>
      <trkpt lat="-27.961885" lon="-49.588814"><ele>917.75</ele></trkpt>
      <trkpt lat="-27.959294" lon="-49.586462"><ele>912.25</ele></trkpt>
      <trkpt lat="-27.958745" lon="-49.584423"><ele>921.75</ele></trkpt>
      <trkpt lat="-27.958486" lon="-49.583962"><ele>919</ele></trkpt>
      <trkpt lat="-27.956547" lon="-49.583092"><ele>910.5</ele></trkpt>
      <trkpt lat="-27.955337" lon="-49.582905"><ele>910.5</ele></trkpt>
      <trkpt lat="-27.955114" lon="-49.582779"><ele>910.75</ele></trkpt>
      <trkpt lat="-27.953838" lon="-49.581147"><ele>907.75</ele></trkpt>
      <trkpt lat="-27.954132" lon="-49.580856"><ele>907.75</ele></trkpt>
      <trkpt lat="-27.953837" lon="-49.581147"><ele>908.25</ele></trkpt>
      <trkpt lat="-27.954297" lon="-49.581739"><ele>909</ele></trkpt>
      <trkpt lat="-27.955154" lon="-49.580144"><ele>912.75</ele></trkpt>
      <trkpt lat="-27.953544" lon="-49.579009"><ele>913</ele></trkpt>
      <trkpt lat="-27.952921" lon="-49.579969"><ele>908.5</ele></trkpt>
      <trkpt lat="-27.952352" lon="-49.57928"><ele>910.25</ele></trkpt>
      <trkpt lat="-27.951445" lon="-49.578614"><ele>911.5</ele></trkpt>
      <trkpt lat="-27.95116" lon="-49.578613"><ele>911</ele></trkpt>
      <trkpt lat="-27.950841" lon="-49.578736"><ele>910.75</ele></trkpt>
      <trkpt lat="-27.950437" lon="-49.578959"><ele>910.75</ele></trkpt>
      <trkpt lat="-27.950179" lon="-49.57922"><ele>910</ele></trkpt>
      <trkpt lat="-27.949966" lon="-49.579794"><ele>907</ele></trkpt>
      <trkpt lat="-27.950049" lon="-49.580407"><ele>911.75</ele></trkpt>
      <trkpt lat="-27.95148" lon="-49.583032"><ele>934.25</ele></trkpt>
      <trkpt lat="-27.951696" lon="-49.58442"><ele>953.75</ele></trkpt>
      <trkpt lat="-27.95202" lon="-49.58553"><ele>954.25</ele></trkpt>
      <trkpt lat="-27.952574" lon="-49.586392"><ele>952.75</ele></trkpt>
      <trkpt lat="-27.952733" lon="-49.586825"><ele>958</ele></trkpt>
      <trkpt lat="-27.952717" lon="-49.586962"><ele>959.75</ele></trkpt>
      <trkpt lat="-27.9525" lon="-49.587179"><ele>965.75</ele></trkpt>
      <trkpt lat="-27.952528" lon="-49.587506"><ele>966.75</ele></trkpt>
      <trkpt lat="-27.952838" lon="-49.588305"><ele>961.75</ele></trkpt>
      <trkpt lat="-27.953231" lon="-49.588911"><ele>964.75</ele></trkpt>
      <trkpt lat="-27.953411" lon="-49.589565"><ele>967.75</ele></trkpt>
      <trkpt lat="-27.953407" lon="-49.589721"><ele>968</ele></trkpt>
      <trkpt lat="-27.952843" lon="-49.590531"><ele>955</ele></trkpt>
      <trkpt lat="-27.95244" lon="-49.59088"><ele>950.25</ele></trkpt>
      <trkpt lat="-27.951686" lon="-49.591234"><ele>936.5</ele></trkpt>
      <trkpt lat="-27.951511" lon="-49.591818"><ele>935.5</ele></trkpt>
      <trkpt lat="-27.951625" lon="-49.592038"><ele>933</ele></trkpt>
      <trkpt lat="-27.952137" lon="-49.592462"><ele>929.75</ele></trkpt>
      <trkpt lat="-27.952151" lon="-49.593084"><ele>925</ele></trkpt>
      <trkpt lat="-27.952421" lon="-49.594173"><ele>915.25</ele></trkpt>
      <trkpt lat="-27.952795" lon="-49.594597"><ele>914.25</ele></trkpt>
      <trkpt lat="-27.953075" lon="-49.595284"><ele>911.75</ele></trkpt>
      <trkpt lat="-27.953544" lon="-49.595713"><ele>912.25</ele></trkpt>
      <trkpt lat="-27.953752" lon="-49.596325"><ele>912</ele></trkpt>
      <trkpt lat="-27.955013" lon="-49.59802"><ele>912</ele></trkpt>
      <trkpt lat="-27.955743" lon="-49.59994"><ele>915.25</ele></trkpt>
      <trkpt lat="-27.956046" lon="-49.604414"><ele>899</ele></trkpt>
      <trkpt lat="-27.955596" lon="-49.606284"><ele>891.75</ele></trkpt>
      <trkpt lat="-27.955485" lon="-49.606244"><ele>891.75</ele></trkpt>
      <trkpt lat="-27.955597" lon="-49.606284"><ele>895</ele></trkpt>
      <trkpt lat="-27.955311" lon="-49.6073"><ele>891.75</ele></trkpt>
      <trkpt lat="-27.955122" lon="-49.608486"><ele>889.5</ele></trkpt>
      <trkpt lat="-27.955146" lon="-49.608759"><ele>889</ele></trkpt>
      <trkpt lat="-27.955719" lon="-49.610315"><ele>888.75</ele></trkpt>
      <trkpt lat="-27.955956" lon="-49.610583"><ele>888.25</ele></trkpt>
      <trkpt lat="-27.95669" lon="-49.611104"><ele>890.25</ele></trkpt>
      <trkpt lat="-27.957283" lon="-49.611742"><ele>893.25</ele></trkpt>
      <trkpt lat="-27.957358" lon="-49.611999"><ele>894.5</ele></trkpt>
      <trkpt lat="-27.957159" lon="-49.612573"><ele>894.25</ele></trkpt>
      <trkpt lat="-27.957245" lon="-49.613619"><ele>898.5</ele></trkpt>
      <trkpt lat="-27.957856" lon="-49.616287"><ele>896.25</ele></trkpt>
      <trkpt lat="-27.957749" lon="-49.619043"><ele>883.5</ele></trkpt>
      <trkpt lat="-27.957103" lon="-49.620898"><ele>884.5</ele></trkpt>
      <trkpt lat="-27.956582" lon="-49.623897"><ele>888.75</ele></trkpt>
      <trkpt lat="-27.955946" lon="-49.625426"><ele>895.75</ele></trkpt>
      <trkpt lat="-27.955847" lon="-49.62585"><ele>897.75</ele></trkpt>
      <trkpt lat="-27.956444" lon="-49.627111"><ele>893.75</ele></trkpt>
      <trkpt lat="-27.956514" lon="-49.628394"><ele>891.75</ele></trkpt>
      <trkpt lat="-27.957491" lon="-49.629895"><ele>894.25</ele></trkpt>
      <trkpt lat="-27.957685" lon="-49.630614"><ele>895.5</ele></trkpt>
      <trkpt lat="-27.959206" lon="-49.632175"><ele>889</ele></trkpt>
      <trkpt lat="-27.960126" lon="-49.632449"><ele>885.75</ele></trkpt>
      <trkpt lat="-27.961483" lon="-49.633529"><ele>886.5</ele></trkpt>
      <trkpt lat="-27.961905" lon="-49.63335"><ele>885.75</ele></trkpt>
      <trkpt lat="-27.962254" lon="-49.633299"><ele>884</ele></trkpt>
      <trkpt lat="-27.967911" lon="-49.633141"><ele>880.75</ele></trkpt>
      <trkpt lat="-27.968061" lon="-49.633231"><ele>880.75</ele></trkpt>
      <trkpt lat="-27.968163" lon="-49.633454"><ele>880.75</ele></trkpt>
      <trkpt lat="-27.96821" lon="-49.634016"><ele>880.75</ele></trkpt>
      <trkpt lat="-27.968859" lon="-49.634181"><ele>881.5</ele></trkpt>
      <trkpt lat="-27.96961" lon="-49.633434"><ele>882</ele></trkpt>
      <trkpt lat="-27.970299" lon="-49.633031"><ele>884</ele></trkpt>
      <trkpt lat="-27.970663" lon="-49.632161"><ele>884.5</ele></trkpt>
      <trkpt lat="-27.971307" lon="-49.629759"><ele>893.5</ele></trkpt>
      <trkpt lat="-27.97124" lon="-49.629297"><ele>894</ele></trkpt>
      <trkpt lat="-27.970662" lon="-49.627908"><ele>889.25</ele></trkpt>
      <trkpt lat="-27.970757" lon="-49.625727"><ele>892.25</ele></trkpt>
      <trkpt lat="-27.970673" lon="-49.625174"><ele>896.25</ele></trkpt>
      <trkpt lat="-27.97077" lon="-49.621624"><ele>900</ele></trkpt>
      <trkpt lat="-27.970923" lon="-49.620704"><ele>902</ele></trkpt>
      <trkpt lat="-27.970866" lon="-49.620364"><ele>902.25</ele></trkpt>
      <trkpt lat="-27.970407" lon="-49.619537"><ele>900.25</ele></trkpt>
      <trkpt lat="-27.970968" lon="-49.616152"><ele>890.75</ele></trkpt>
      <trkpt lat="-27.971954" lon="-49.614424"><ele>890.75</ele></trkpt>
      <trkpt lat="-27.974823" lon="-49.605965"><ele>893.5</ele></trkpt>
      <trkpt lat="-27.975985" lon="-49.603931"><ele>893</ele></trkpt>
      <trkpt lat="-27.976568" lon="-49.603233"><ele>897.75</ele></trkpt>
      <trkpt lat="-27.977049" lon="-49.602419"><ele>898</ele></trkpt>
      <trkpt lat="-27.977749" lon="-49.600705"><ele>901.25</ele></trkpt>
      <trkpt lat="-27.978012" lon="-49.599344"><ele>898</ele></trkpt>
      <trkpt lat="-27.978238" lon="-49.598606"><ele>895.75</ele></trkpt>
      <trkpt lat="-27.978972" lon="-49.596895"><ele>901</ele></trkpt>
      <trkpt lat="-27.979378" lon="-49.596262"><ele>903</ele></trkpt>
      <trkpt lat="-27.979551" lon="-49.595603"><ele>904.75</ele></trkpt>
      <trkpt lat="-27.979858" lon="-49.594978"><ele>906.75</ele></trkpt>
      <trkpt lat="-27.980703" lon="-49.594194"><ele>907.5</ele></trkpt>
      <trkpt lat="-27.981822" lon="-49.593498"><ele>908.25</ele></trkpt>
      <trkpt lat="-27.982717" lon="-49.593457"><ele>906</ele></trkpt>
      <trkpt lat="-27.984432" lon="-49.593083"><ele>903.5</ele></trkpt>
      <trkpt lat="-27.986245" lon="-49.592435"><ele>897.75</ele></trkpt>
      <trkpt lat="-27.987645" lon="-49.591211"><ele>896.75</ele></trkpt>
      <trkpt lat="-27.988259" lon="-49.590359"><ele>893.5</ele></trkpt>
      <trkpt lat="-27.990438" lon="-49.582903"><ele>898.75</ele></trkpt>
      <trkpt lat="-27.996114" lon="-49.56219"><ele>900.5</ele></trkpt>
      <trkpt lat="-27.996223" lon="-49.561649"><ele>900.25</ele></trkpt>
      <trkpt lat="-27.996297" lon="-49.560158"><ele>901</ele></trkpt>
      <trkpt lat="-27.996473" lon="-49.559379"><ele>900.75</ele></trkpt>
      <trkpt lat="-28.000702" lon="-49.548498"><ele>910.5</ele></trkpt>
      <trkpt lat="-28.000975" lon="-49.54804"><ele>907</ele></trkpt>
      <trkpt lat="-28.001383" lon="-49.547609"><ele>905.25</ele></trkpt>
      <trkpt lat="-28.002798" lon="-49.546758"><ele>910.75</ele></trkpt>
      <trkpt lat="-28.003339" lon="-49.546191"><ele>915.25</ele></trkpt>
      <trkpt lat="-28.003564" lon="-49.54576"><ele>922</ele></trkpt>
      <trkpt lat="-28.003721" lon="-49.545134"><ele>928.25</ele></trkpt>
      <trkpt lat="-28.003733" lon="-49.544696"><ele>931.75</ele></trkpt>
      <trkpt lat="-28.003578" lon="-49.543756"><ele>937</ele></trkpt>
      <trkpt lat="-28.0036" lon="-49.54321"><ele>939</ele></trkpt>
      <trkpt lat="-28.003769" lon="-49.542758"><ele>937.25</ele></trkpt>
      <trkpt lat="-28.004245" lon="-49.541991"><ele>933.75</ele></trkpt>
      <trkpt lat="-28.004574" lon="-49.540892"><ele>932.75</ele></trkpt>
      <trkpt lat="-28.004756" lon="-49.540589"><ele>931.75</ele></trkpt>
      <trkpt lat="-28.005765" lon="-49.539445"><ele>931</ele></trkpt>
      <trkpt lat="-28.006863" lon="-49.538583"><ele>918.75</ele></trkpt>
      <trkpt lat="-28.007675" lon="-49.536912"><ele>916.25</ele></trkpt>
      <trkpt lat="-28.008183" lon="-49.536525"><ele>919</ele></trkpt>
      <trkpt lat="-28.009226" lon="-49.536349"><ele>925.25</ele></trkpt>
      <trkpt lat="-28.009733" lon="-49.536076"><ele>922.5</ele></trkpt>
      <trkpt lat="-28.010093" lon="-49.535575"><ele>919.75</ele></trkpt>
      <trkpt lat="-28.01073" lon="-49.534272"><ele>927.75</ele></trkpt>
      <trkpt lat="-28.012707" lon="-49.531892"><ele>924.75</ele></trkpt>
      <trkpt lat="-28.013245" lon="-49.531486"><ele>922.75</ele></trkpt>
      <trkpt lat="-28.014498" lon="-49.531145"><ele>928</ele></trkpt>
      <trkpt lat="-28.015203" lon="-49.530773"><ele>931.5</ele></trkpt>
      <trkpt lat="-28.017035" lon="-49.5292"><ele>939.75</ele></trkpt>
      <trkpt lat="-28.01731" lon="-49.528866"><ele>939</ele></trkpt>
      <trkpt lat="-28.0175" lon="-49.528472"><ele>936.5</ele></trkpt>
      <trkpt lat="-28.017644" lon="-49.527868"><ele>932.25</ele></trkpt>
      <trkpt lat="-28.01764" lon="-49.527431"><ele>928.75</ele></trkpt>
      <trkpt lat="-28.016876" lon="-49.524351"><ele>924.25</ele></trkpt>
      <trkpt lat="-28.016849" lon="-49.523402"><ele>921</ele></trkpt>
      <trkpt lat="-28.017058" lon="-49.522645"><ele>919.5</ele></trkpt>
      <trkpt lat="-28.018951" lon="-49.518256"><ele>934.5</ele></trkpt>
      <trkpt lat="-28.019547" lon="-49.513733"><ele>929.75</ele></trkpt>
      <trkpt lat="-28.019489" lon="-49.512735"><ele>924.5</ele></trkpt>
      <trkpt lat="-28.018647" lon="-49.5102"><ele>926.5</ele></trkpt>
      <trkpt lat="-28.018829" lon="-49.507576"><ele>921</ele></trkpt>
      <trkpt lat="-28.019101" lon="-49.506288"><ele>921.5</ele></trkpt>
      <trkpt lat="-28.019481" lon="-49.50501"><ele>920.75</ele></trkpt>
      <trkpt lat="-28.021377" lon="-49.501444"><ele>924</ele></trkpt>
      <trkpt lat="-28.022134" lon="-49.50046"><ele>925.75</ele></trkpt>
      <trkpt lat="-28.024834" lon="-49.498495"><ele>932.75</ele></trkpt>
      <trkpt lat="-28.025397" lon="-49.497819"><ele>936.75</ele></trkpt>
      <trkpt lat="-28.02587" lon="-49.497397"><ele>936.5</ele></trkpt>
      <trkpt lat="-28.030216" lon="-49.494955"><ele>927.5</ele></trkpt>
      <trkpt lat="-28.032084" lon="-49.494205"><ele>935.75</ele></trkpt>
      <trkpt lat="-28.033827" lon="-49.492708"><ele>936.25</ele></trkpt>
      <trkpt lat="-28.034616" lon="-49.49177"><ele>937</ele></trkpt>
      <trkpt lat="-28.035848" lon="-49.491034"><ele>940</ele></trkpt>
      <trkpt lat="-28.036397" lon="-49.490411"><ele>928.25</ele></trkpt>
      <trkpt lat="-28.03829" lon="-49.48773"><ele>924.5</ele></trkpt>
      <trkpt lat="-28.038641" lon="-49.487414"><ele>924.25</ele></trkpt>
      <trkpt lat="-28.039469" lon="-49.486935"><ele>925.75</ele></trkpt>
      <trkpt lat="-28.039956" lon="-49.48644"><ele>926.5</ele></trkpt>
      <trkpt lat="-28.040874" lon="-49.484644"><ele>926.5</ele></trkpt>
      <trkpt lat="-28.043228" lon="-49.485956"><ele>951</ele></trkpt>
      <trkpt lat="-28.044614" lon="-49.487458"><ele>958</ele></trkpt>
      <trkpt lat="-28.044934" lon="-49.488049"><ele>960.75</ele></trkpt>
      <trkpt lat="-28.045161" lon="-49.489413"><ele>973</ele></trkpt>
      <trkpt lat="-28.045843" lon="-49.491197"><ele>976</ele></trkpt>
      <trkpt lat="-28.04645" lon="-49.491958"><ele>984.75</ele></trkpt>
      <trkpt lat="-28.046786" lon="-49.492243"><ele>987.25</ele></trkpt>
      <trkpt lat="-28.047113" lon="-49.492376"><ele>990</ele></trkpt>
      <trkpt lat="-28.047606" lon="-49.492227"><ele>998.25</ele></trkpt>
      <trkpt lat="-28.047884" lon="-49.49175"><ele>1008.5</ele></trkpt>
      <trkpt lat="-28.047919" lon="-49.490614"><ele>1015.5</ele></trkpt>
      <trkpt lat="-28.048375" lon="-49.489225"><ele>1025.75</ele></trkpt>
      <trkpt lat="-28.048338" lon="-49.488333"><ele>1030</ele></trkpt>
      <trkpt lat="-28.048731" lon="-49.487432"><ele>1038.75</ele></trkpt>
      <trkpt lat="-28.048952" lon="-49.486327"><ele>1049</ele></trkpt>
      <trkpt lat="-28.049153" lon="-49.485824"><ele>1054.5</ele></trkpt>
      <trkpt lat="-28.049384" lon="-49.485518"><ele>1058.75</ele></trkpt>
      <trkpt lat="-28.049862" lon="-49.485145"><ele>1065.5</ele></trkpt>
      <trkpt lat="-28.050915" lon="-49.484879"><ele>1075.5</ele></trkpt>
      <trkpt lat="-28.051295" lon="-49.484879"><ele>1077</ele></trkpt>
      <trkpt lat="-28.051642" lon="-49.485124"><ele>1086.25</ele></trkpt>
      <trkpt lat="-28.051956" lon="-49.485614"><ele>1102.25</ele></trkpt>
      <trkpt lat="-28.052889" lon="-49.486102"><ele>1108.25</ele></trkpt>
      <trkpt lat="-28.05379" lon="-49.487507"><ele>1133.75</ele></trkpt>
      <trkpt lat="-28.054157" lon="-49.487832"><ele>1141</ele></trkpt>
      <trkpt lat="-28.054686" lon="-49.48803"><ele>1147</ele></trkpt>
      <trkpt lat="-28.055663" lon="-49.488135"><ele>1152.25</ele></trkpt>
      <trkpt lat="-28.056203" lon="-49.488388"><ele>1157.25</ele></trkpt>
      <trkpt lat="-28.056492" lon="-49.488722"><ele>1160.75</ele></trkpt>
      <trkpt lat="-28.056579" lon="-49.488999"><ele>1164.75</ele></trkpt>
      <trkpt lat="-28.05654" lon="-49.48916"><ele>1168.75</ele></trkpt>
      <trkpt lat="-28.056368" lon="-49.489338"><ele>1180.5</ele></trkpt>
      <trkpt lat="-28.055267" lon="-49.48918"><ele>1198.5</ele></trkpt>
      <trkpt lat="-28.055032" lon="-49.489284"><ele>1207.75</ele></trkpt>
      <trkpt lat="-28.054737" lon="-49.489848"><ele>1231</ele></trkpt>
      <trkpt lat="-28.054721" lon="-49.490331"><ele>1224.75</ele></trkpt>
      <trkpt lat="-28.054903" lon="-49.490515"><ele>1222</ele></trkpt>
      <trkpt lat="-28.055588" lon="-49.490824"><ele>1233.5</ele></trkpt>
      <trkpt lat="-28.059002" lon="-49.494214"><ele>1266.5</ele></trkpt>
      <trkpt lat="-28.059599" lon="-49.494909"><ele>1276.25</ele></trkpt>
      <trkpt lat="-28.060734" lon="-49.496545"><ele>1301</ele></trkpt>
      <trkpt lat="-28.061541" lon="-49.497213"><ele>1313.75</ele></trkpt>
      <trkpt lat="-28.062069" lon="-49.497814"><ele>1319</ele></trkpt>
      <trkpt lat="-28.062658" lon="-49.499045"><ele>1328.25</ele></trkpt>
      <trkpt lat="-28.063183" lon="-49.501173"><ele>1359</ele></trkpt>
      <trkpt lat="-28.063775" lon="-49.502361"><ele>1359.5</ele></trkpt>
      <trkpt lat="-28.064118" lon="-49.503509"><ele>1370</ele></trkpt>
      <trkpt lat="-28.064561" lon="-49.504316"><ele>1374.5</ele></trkpt>
      <trkpt lat="-28.065486" lon="-49.505417"><ele>1377</ele></trkpt>
      <trkpt lat="-28.065941" lon="-49.506087"><ele>1382.25</ele></trkpt>
      <trkpt lat="-28.067191" lon="-49.508769"><ele>1395.25</ele></trkpt>
      <trkpt lat="-28.067568" lon="-49.50939"><ele>1395.75</ele></trkpt>
      <trkpt lat="-28.068102" lon="-49.50998"><ele>1395</ele></trkpt>
      <trkpt lat="-28.068614" lon="-49.510377"><ele>1393.5</ele></trkpt>
      <trkpt lat="-28.072416" lon="-49.512192"><ele>1410.5</ele></trkpt>
      <trkpt lat="-28.07199" lon="-49.513683"><ele>1411.5</ele></trkpt>
      <trkpt lat="-28.07194" lon="-49.514711"><ele>1410</ele></trkpt>
      <trkpt lat="-28.071546" lon="-49.515836"><ele>1410.5</ele></trkpt>
      <trkpt lat="-28.070237" lon="-49.516603"><ele>1428</ele></trkpt>
      <trkpt lat="-28.070027" lon="-49.516835"><ele>1431.75</ele></trkpt>
      <trkpt lat="-28.069393" lon="-49.517232"><ele>1440.5</ele></trkpt>
      <trkpt lat="-28.069128" lon="-49.517603"><ele>1447.75</ele></trkpt>
      <trkpt lat="-28.068889" lon="-49.518243"><ele>1447.75</ele></trkpt>
      <trkpt lat="-28.068938" lon="-49.518807"><ele>1444.75</ele></trkpt>
      <trkpt lat="-28.068706" lon="-49.520135"><ele>1445.5</ele></trkpt>
      <trkpt lat="-28.068654" lon="-49.521094"><ele>1455.75</ele></trkpt>
      <trkpt lat="-28.069036" lon="-49.522414"><ele>1465.75</ele></trkpt>
      <trkpt lat="-28.069386" lon="-49.523183"><ele>1457.25</ele></trkpt>
      <trkpt lat="-28.069752" lon="-49.525003"><ele>1450</ele></trkpt>
      <trkpt lat="-28.069632" lon="-49.525475"><ele>1449.75</ele></trkpt>
      <trkpt lat="-28.069726" lon="-49.526107"><ele>1441.25</ele></trkpt>
      <trkpt lat="-28.068734" lon="-49.528813"><ele>1433.5</ele></trkpt>
      <trkpt lat="-28.068739" lon="-49.529584"><ele>1429.25</ele></trkpt>
      <trkpt lat="-28.068454" lon="-49.530265"><ele>1431.25</ele></trkpt>
      <trkpt lat="-28.068245" lon="-49.531263"><ele>1427.25</ele></trkpt>
      <trkpt lat="-28.06824" lon="-49.531844"><ele>1428.5</ele></trkpt>
      <trkpt lat="-28.067912" lon="-49.532803"><ele>1430.25</ele></trkpt>
      <trkpt lat="-28.067563" lon="-49.533204"><ele>1428.25</ele></trkpt>
      <trkpt lat="-28.067294" lon="-49.53334"><ele>1425.25</ele></trkpt>
      <trkpt lat="-28.066447" lon="-49.534305"><ele>1422</ele></trkpt>
      <trkpt lat="-28.066226" lon="-49.535098"><ele>1422.25</ele></trkpt>
      <trkpt lat="-28.066077" lon="-49.536381"><ele>1415.75</ele></trkpt>
      <trkpt lat="-28.066385" lon="-49.537887"><ele>1412.75</ele></trkpt>
      <trkpt lat="-28.066667" lon="-49.538445"><ele>1411.25</ele></trkpt>
      <trkpt lat="-28.06709" lon="-49.53975"><ele>1415</ele></trkpt>
      <trkpt lat="-28.067147" lon="-49.542078"><ele>1413.5</ele></trkpt>
      <trkpt lat="-28.067043" lon="-49.542625"><ele>1413.75</ele></trkpt>
      <trkpt lat="-28.066333" lon="-49.54476"><ele>1419.5</ele></trkpt>
      <trkpt lat="-28.065775" lon="-49.545223"><ele>1412.75</ele></trkpt>
      <trkpt lat="-28.065436" lon="-49.54569"><ele>1410.75</ele></trkpt>
      <trkpt lat="-28.065372" lon="-49.545912"><ele>1409.25</ele></trkpt>
      <trkpt lat="-28.065708" lon="-49.547635"><ele>1397.75</ele></trkpt>
      <trkpt lat="-28.066215" lon="-49.548673"><ele>1390.5</ele></trkpt>
      <trkpt lat="-28.066652" lon="-49.549038"><ele>1386.75</ele></trkpt>
      <trkpt lat="-28.066757" lon="-49.549226"><ele>1382.5</ele></trkpt>
      <trkpt lat="-28.066842" lon="-49.549446"><ele>1378.25</ele></trkpt>
      <trkpt lat="-28.066906" lon="-49.550248"><ele>1364.5</ele></trkpt>
      <trkpt lat="-28.066813" lon="-49.550556"><ele>1360.25</ele></trkpt>
      <trkpt lat="-28.066513" lon="-49.550878"><ele>1356</ele></trkpt>
      <trkpt lat="-28.066361" lon="-49.551321"><ele>1351.5</ele></trkpt>
      <trkpt lat="-28.066342" lon="-49.551637"><ele>1348.75</ele></trkpt>
      <trkpt lat="-28.066215" lon="-49.551857"><ele>1347.25</ele></trkpt>
      <trkpt lat="-28.065275" lon="-49.552809"><ele>1348</ele></trkpt>
      <trkpt lat="-28.064894" lon="-49.553131"><ele>1348.75</ele></trkpt>
      <trkpt lat="-28.064641" lon="-49.55319"><ele>1346</ele></trkpt>
      <trkpt lat="-28.064546" lon="-49.553469"><ele>1343.75</ele></trkpt>
      <trkpt lat="-28.064572" lon="-49.554282"><ele>1339.25</ele></trkpt>
      <trkpt lat="-28.064364" lon="-49.554829"><ele>1332.25</ele></trkpt>
      <trkpt lat="-28.064243" lon="-49.555596"><ele>1325.75</ele></trkpt>
      <trkpt lat="-28.063933" lon="-49.556607"><ele>1315.5</ele></trkpt>
      <trkpt lat="-28.063841" lon="-49.557809"><ele>1313.75</ele></trkpt>
      <trkpt lat="-28.063334" lon="-49.558672"><ele>1296.25</ele></trkpt>
      <trkpt lat="-28.063306" lon="-49.559222"><ele>1289.75</ele></trkpt>
      <trkpt lat="-28.063045" lon="-49.560405"><ele>1273</ele></trkpt>
      <trkpt lat="-28.063131" lon="-49.560974"><ele>1271.5</ele></trkpt>
      <trkpt lat="-28.06336" lon="-49.561591"><ele>1272.25</ele></trkpt>
      <trkpt lat="-28.063497" lon="-49.561859"><ele>1271</ele></trkpt>
      <trkpt lat="-28.063999" lon="-49.562342"><ele>1272.5</ele></trkpt>
      <trkpt lat="-28.064276" lon="-49.562339"><ele>1274.75</ele></trkpt>
      <trkpt lat="-28.064887" lon="-49.562146"><ele>1272.25</ele></trkpt>
      <trkpt lat="-28.065772" lon="-49.561545"><ele>1269.5</ele></trkpt>
      <trkpt lat="-28.066561" lon="-49.561281"><ele>1259.75</ele></trkpt>
      <trkpt lat="-28.066669" lon="-49.562025"><ele>1243.5</ele></trkpt>
      <trkpt lat="-28.0663" lon="-49.562275"><ele>1246</ele></trkpt>
      <trkpt lat="-28.066077" lon="-49.562637"><ele>1242.5</ele></trkpt>
      <trkpt lat="-28.065559" lon="-49.563066"><ele>1240.5</ele></trkpt>
      <trkpt lat="-28.065289" lon="-49.563683"><ele>1227</ele></trkpt>
      <trkpt lat="-28.065263" lon="-49.564133"><ele>1210.75</ele></trkpt>
      <trkpt lat="-28.064811" lon="-49.564563"><ele>1200.25</ele></trkpt>
      <trkpt lat="-28.064641" lon="-49.564595"><ele>1194.5</ele></trkpt>
      <trkpt lat="-28.06434" lon="-49.564348"><ele>1197.5</ele></trkpt>
      <trkpt lat="-28.063836" lon="-49.564321"><ele>1179.75</ele></trkpt>
      <trkpt lat="-28.063159" lon="-49.563922"><ele>1175</ele></trkpt>
      <trkpt lat="-28.061273" lon="-49.563627"><ele>1116.25</ele></trkpt>
      <trkpt lat="-28.061199" lon="-49.563699"><ele>1111.25</ele></trkpt>
      <trkpt lat="-28.061218" lon="-49.563825"><ele>1108.25</ele></trkpt>
      <trkpt lat="-28.061654" lon="-49.563999"><ele>1116.25</ele></trkpt>
      <trkpt lat="-28.062099" lon="-49.564667"><ele>1099.5</ele></trkpt>
      <trkpt lat="-28.06208" lon="-49.56486"><ele>1090.75</ele></trkpt>
      <trkpt lat="-28.061829" lon="-49.564933"><ele>1082.75</ele></trkpt>
      <trkpt lat="-28.061367" lon="-49.564973"><ele>1072.5</ele></trkpt>
      <trkpt lat="-28.060965" lon="-49.564834"><ele>1069.75</ele></trkpt>
      <trkpt lat="-28.060096" lon="-49.563672"><ele>1052.75</ele></trkpt>
      <trkpt lat="-28.059668" lon="-49.562685"><ele>1057.75</ele></trkpt>
      <trkpt lat="-28.059389" lon="-49.562572"><ele>1051.25</ele></trkpt>
      <trkpt lat="-28.059284" lon="-49.562658"><ele>1048</ele></trkpt>
      <trkpt lat="-28.059275" lon="-49.562795"><ele>1047.5</ele></trkpt>
      <trkpt lat="-28.059734" lon="-49.56386"><ele>1044.25</ele></trkpt>
      <trkpt lat="-28.06003" lon="-49.565043"><ele>1026.75</ele></trkpt>
      <trkpt lat="-28.059971" lon="-49.565576"><ele>1020.75</ele></trkpt>
      <trkpt lat="-28.060211" lon="-49.565985"><ele>1017.5</ele></trkpt>
      <trkpt lat="-28.060509" lon="-49.565882"><ele>1022</ele></trkpt>
      <trkpt lat="-28.06114" lon="-49.566022"><ele>1022</ele></trkpt>
      <trkpt lat="-28.061698" lon="-49.565912"><ele>1028</ele></trkpt>
      <trkpt lat="-28.062232" lon="-49.566035"><ele>1034.25</ele></trkpt>
      <trkpt lat="-28.062615" lon="-49.566328"><ele>1029.25</ele></trkpt>
      <trkpt lat="-28.062806" lon="-49.566598"><ele>1021.75</ele></trkpt>
      <trkpt lat="-28.062944" lon="-49.566898"><ele>1020</ele></trkpt>
      <trkpt lat="-28.062957" lon="-49.567328"><ele>1017.25</ele></trkpt>
      <trkpt lat="-28.063413" lon="-49.567998"><ele>1011.75</ele></trkpt>
      <trkpt lat="-28.063782" lon="-49.568169"><ele>1011.5</ele></trkpt>
      <trkpt lat="-28.064023" lon="-49.568379"><ele>1007.75</ele></trkpt>
      <trkpt lat="-28.064355" lon="-49.568486"><ele>1007.75</ele></trkpt>
      <trkpt lat="-28.064695" lon="-49.568478"><ele>1009.75</ele></trkpt>
      <trkpt lat="-28.065345" lon="-49.568297"><ele>1011</ele></trkpt>
      <trkpt lat="-28.067408" lon="-49.567523"><ele>1013.75</ele></trkpt>
      <trkpt lat="-28.06822" lon="-49.566898"><ele>1019.75</ele></trkpt>
      <trkpt lat="-28.069457" lon="-49.565484"><ele>1022.5</ele></trkpt>
      <trkpt lat="-28.070257" lon="-49.564867"><ele>1022</ele></trkpt>
      <trkpt lat="-28.070203" lon="-49.564772"><ele>1022</ele></trkpt>
      <trkpt lat="-28.070257" lon="-49.564867"><ele>1021.5</ele></trkpt>
      <trkpt lat="-28.069457" lon="-49.565484"><ele>1022.5</ele></trkpt>
      <trkpt lat="-28.06822" lon="-49.566898"><ele>1019.75</ele></trkpt>
      <trkpt lat="-28.067408" lon="-49.567523"><ele>1013.75</ele></trkpt>
      <trkpt lat="-28.066501" lon="-49.567915"><ele>1013.75</ele></trkpt>
      <trkpt lat="-28.064499" lon="-49.568499"><ele>1008.75</ele></trkpt>
      <trkpt lat="-28.064023" lon="-49.568379"><ele>1007.75</ele></trkpt>
      <trkpt lat="-28.063782" lon="-49.568169"><ele>1011.5</ele></trkpt>
      <trkpt lat="-28.063413" lon="-49.567998"><ele>1011.75</ele></trkpt>
      <trkpt lat="-28.062957" lon="-49.567328"><ele>1017.25</ele></trkpt>
      <trkpt lat="-28.062944" lon="-49.566898"><ele>1020</ele></trkpt>
      <trkpt lat="-28.062806" lon="-49.566598"><ele>1021.75</ele></trkpt>
      <trkpt lat="-28.062372" lon="-49.56612"><ele>1033.25</ele></trkpt>
      <trkpt lat="-28.061824" lon="-49.56592"><ele>1030.25</ele></trkpt>
      <trkpt lat="-28.06114" lon="-49.566022"><ele>1022</ele></trkpt>
      <trkpt lat="-28.060509" lon="-49.565882"><ele>1022</ele></trkpt>
      <trkpt lat="-28.060279" lon="-49.565927"><ele>1018.75</ele></trkpt>
      <trkpt lat="-28.060143" lon="-49.566103"><ele>1015.75</ele></trkpt>
      <trkpt lat="-28.059931" lon="-49.566713"><ele>1014.5</ele></trkpt>
      <trkpt lat="-28.060018" lon="-49.567768"><ele>1000.75</ele></trkpt>
      <trkpt lat="-28.060272" lon="-49.56881"><ele>1009.5</ele></trkpt>
      <trkpt lat="-28.060051" lon="-49.5692"><ele>1002</ele></trkpt>
      <trkpt lat="-28.058614" lon="-49.57017"><ele>993.25</ele></trkpt>
      <trkpt lat="-28.057315" lon="-49.570154"><ele>1005.25</ele></trkpt>
      <trkpt lat="-28.057084" lon="-49.570237"><ele>1008</ele></trkpt>
      <trkpt lat="-28.056847" lon="-49.570425"><ele>1007.25</ele></trkpt>
      <trkpt lat="-28.056002" lon="-49.571562"><ele>992.25</ele></trkpt>
      <trkpt lat="-28.055656" lon="-49.571702"><ele>990.5</ele></trkpt>
      <trkpt lat="-28.054884" lon="-49.571806"><ele>996.25</ele></trkpt>
      <trkpt lat="-28.054411" lon="-49.571982"><ele>1002.25</ele></trkpt>
      <trkpt lat="-28.053862" lon="-49.572309"><ele>1002.75</ele></trkpt>
      <trkpt lat="-28.053108" lon="-49.57293"><ele>998.75</ele></trkpt>
      <trkpt lat="-28.052637" lon="-49.573759"><ele>984.5</ele></trkpt>
      <trkpt lat="-28.052213" lon="-49.574225"><ele>980</ele></trkpt>
      <trkpt lat="-28.05049" lon="-49.575018"><ele>982.25</ele></trkpt>
      <trkpt lat="-28.04977" lon="-49.575217"><ele>985.75</ele></trkpt>
      <trkpt lat="-28.048856" lon="-49.575342"><ele>984.25</ele></trkpt>
      <trkpt lat="-28.04747" lon="-49.575762"><ele>972.75</ele></trkpt>
      <trkpt lat="-28.046477" lon="-49.576336"><ele>974.5</ele></trkpt>
      <trkpt lat="-28.044808" lon="-49.577029"><ele>966</ele></trkpt>
      <trkpt lat="-28.044631" lon="-49.577019"><ele>965.75</ele></trkpt>
      <trkpt lat="-28.044514" lon="-49.576907"><ele>965.75</ele></trkpt>
      <trkpt lat="-28.044193" lon="-49.576179"><ele>983.5</ele></trkpt>
      <trkpt lat="-28.044054" lon="-49.576062"><ele>986.75</ele></trkpt>
      <trkpt lat="-28.043457" lon="-49.575996"><ele>983.5</ele></trkpt>
      <trkpt lat="-28.042272" lon="-49.575617"><ele>986.25</ele></trkpt>
      <trkpt lat="-28.041093" lon="-49.575581"><ele>975.25</ele></trkpt>
      <trkpt lat="-28.039607" lon="-49.5766"><ele>958.5</ele></trkpt>
      <trkpt lat="-28.038273" lon="-49.576998"><ele>958</ele></trkpt>
      <trkpt lat="-28.037742" lon="-49.577345"><ele>956.75</ele></trkpt>
      <trkpt lat="-28.037457" lon="-49.577408"><ele>956</ele></trkpt>
      <trkpt lat="-28.036047" lon="-49.577143"><ele>952.25</ele></trkpt>
      <trkpt lat="-28.0359" lon="-49.577499"><ele>951</ele></trkpt>
      <trkpt lat="-28.035473" lon="-49.577536"><ele>950.75</ele></trkpt>
      <trkpt lat="-28.035004" lon="-49.577807"><ele>950.25</ele></trkpt>
      <trkpt lat="-28.034192" lon="-49.578088"><ele>949.75</ele></trkpt>
      <trkpt lat="-28.033399" lon="-49.578988"><ele>948.25</ele></trkpt>
      <trkpt lat="-28.032612" lon="-49.580139"><ele>950</ele></trkpt>
      <trkpt lat="-28.032215" lon="-49.580872"><ele>959.25</ele></trkpt>
      <trkpt lat="-28.030796" lon="-49.581366"><ele>951.75</ele></trkpt>
      <trkpt lat="-28.030103" lon="-49.582677"><ele>948</ele></trkpt>
      <trkpt lat="-28.029156" lon="-49.585993"><ele>939.75</ele></trkpt>
      <trkpt lat="-28.028967" lon="-49.586209"><ele>938.75</ele></trkpt>
      <trkpt lat="-28.028335" lon="-49.586544"><ele>934.25</ele></trkpt>
      <trkpt lat="-28.028065" lon="-49.587492"><ele>935.25</ele></trkpt>
      <trkpt lat="-28.027359" lon="-49.588492"><ele>933.5</ele></trkpt>
      <trkpt lat="-28.027052" lon="-49.589499"><ele>931.25</ele></trkpt>
      <trkpt lat="-28.026114" lon="-49.590093"><ele>930</ele></trkpt>
      <trkpt lat="-28.025082" lon="-49.590239"><ele>929.25</ele></trkpt>
      <trkpt lat="-28.02453" lon="-49.591392"><ele>927</ele></trkpt>
      <trkpt lat="-28.024087" lon="-49.592028"><ele>926.25</ele></trkpt>
      <trkpt lat="-28.014984" lon="-49.592992"><ele>916.75</ele></trkpt>
      <trkpt lat="-28.014961" lon="-49.592701"><ele>916.75</ele></trkpt>
      <trkpt lat="-28.013348" lon="-49.591934"><ele>917</ele></trkpt>
      <trkpt lat="-28.014961" lon="-49.592701"><ele>916.75</ele></trkpt>
      <trkpt lat="-28.015211" lon="-49.595517"><ele>917.5</ele></trkpt>
      <trkpt lat="-28.015839" lon="-49.597105"><ele>930.75</ele></trkpt>
      <trkpt lat="-28.016618" lon="-49.59796"><ele>933.25</ele></trkpt>
      <trkpt lat="-28.016759" lon="-49.598381"><ele>938.5</ele></trkpt>
      <trkpt lat="-28.016675" lon="-49.598941"><ele>942.25</ele></trkpt>
      <trkpt lat="-28.016155" lon="-49.599868"><ele>946.5</ele></trkpt>
      <trkpt lat="-28.016146" lon="-49.600327"><ele>949.5</ele></trkpt>
      <trkpt lat="-28.01623" lon="-49.600637"><ele>952</ele></trkpt>
      <trkpt lat="-28.016556" lon="-49.601117"><ele>955.5</ele></trkpt>
      <trkpt lat="-28.017745" lon="-49.60216"><ele>966.75</ele></trkpt>
      <trkpt lat="-28.018057" lon="-49.602725"><ele>970</ele></trkpt>
      <trkpt lat="-28.018252" lon="-49.602907"><ele>971.5</ele></trkpt>
      <trkpt lat="-28.018598" lon="-49.602994"><ele>976</ele></trkpt>
      <trkpt lat="-28.019175" lon="-49.602872"><ele>986.75</ele></trkpt>
      <trkpt lat="-28.019457" lon="-49.603013"><ele>992.25</ele></trkpt>
      <trkpt lat="-28.019567" lon="-49.603289"><ele>991.5</ele></trkpt>
      <trkpt lat="-28.019526" lon="-49.603988"><ele>990.5</ele></trkpt>
      <trkpt lat="-28.019629" lon="-49.604305"><ele>992.5</ele></trkpt>
      <trkpt lat="-28.02061" lon="-49.605748"><ele>1009.5</ele></trkpt>
      <trkpt lat="-28.021169" lon="-49.606369"><ele>1018.75</ele></trkpt>
      <trkpt lat="-28.021967" lon="-49.606999"><ele>1032.5</ele></trkpt>
      <trkpt lat="-28.022122" lon="-49.607257"><ele>1034</ele></trkpt>
      <trkpt lat="-28.022229" lon="-49.607548"><ele>1034</ele></trkpt>
      <trkpt lat="-28.022482" lon="-49.609415"><ele>1041.75</ele></trkpt>
      <trkpt lat="-28.022651" lon="-49.6097"><ele>1043.5</ele></trkpt>
      <trkpt lat="-28.022844" lon="-49.609857"><ele>1046.25</ele></trkpt>
      <trkpt lat="-28.023913" lon="-49.610313"><ele>1061</ele></trkpt>
      <trkpt lat="-28.02425" lon="-49.610531"><ele>1063</ele></trkpt>
      <trkpt lat="-28.025466" lon="-49.611668"><ele>1071.75</ele></trkpt>
      <trkpt lat="-28.026328" lon="-49.611933"><ele>1078.75</ele></trkpt>
      <trkpt lat="-28.02674" lon="-49.612129"><ele>1079.75</ele></trkpt>
      <trkpt lat="-28.027243" lon="-49.612502"><ele>1079.75</ele></trkpt>
      <trkpt lat="-28.027415" lon="-49.612525"><ele>1082</ele></trkpt>
      <trkpt lat="-28.02769" lon="-49.612359"><ele>1091.25</ele></trkpt>
      <trkpt lat="-28.027758" lon="-49.612113"><ele>1101.75</ele></trkpt>
      <trkpt lat="-28.027658" lon="-49.611791"><ele>1109.25</ele></trkpt>
      <trkpt lat="-28.027157" lon="-49.61121"><ele>1115.75</ele></trkpt>
      <trkpt lat="-28.026431" lon="-49.610098"><ele>1134.75</ele></trkpt>
      <trkpt lat="-28.025491" lon="-49.609161"><ele>1145.5</ele></trkpt>
      <trkpt lat="-28.024697" lon="-49.608654"><ele>1140</ele></trkpt>
      <trkpt lat="-28.024556" lon="-49.608459"><ele>1142.75</ele></trkpt>
      <trkpt lat="-28.024453" lon="-49.608169"><ele>1146.75</ele></trkpt>
      <trkpt lat="-28.024348" lon="-49.607237"><ele>1156.5</ele></trkpt>
      <trkpt lat="-28.024548" lon="-49.606288"><ele>1166.5</ele></trkpt>
      <trkpt lat="-28.024722" lon="-49.606119"><ele>1172.5</ele></trkpt>
      <trkpt lat="-28.024856" lon="-49.606148"><ele>1179.25</ele></trkpt>
      <trkpt lat="-28.024931" lon="-49.606271"><ele>1184</ele></trkpt>
      <trkpt lat="-28.024821" lon="-49.606939"><ele>1179.5</ele></trkpt>
      <trkpt lat="-28.025026" lon="-49.607324"><ele>1182.75</ele></trkpt>
      <trkpt lat="-28.026194" lon="-49.607768"><ele>1201.75</ele></trkpt>
      <trkpt lat="-28.027177" lon="-49.608865"><ele>1207</ele></trkpt>
      <trkpt lat="-28.027757" lon="-49.608998"><ele>1212.5</ele></trkpt>
      <trkpt lat="-28.028336" lon="-49.608925"><ele>1219.75</ele></trkpt>
      <trkpt lat="-28.029524" lon="-49.609009"><ele>1219.75</ele></trkpt>
      <trkpt lat="-28.029912" lon="-49.608917"><ele>1225.75</ele></trkpt>
      <trkpt lat="-28.031656" lon="-49.608189"><ele>1241.5</ele></trkpt>
      <trkpt lat="-28.032947" lon="-49.608095"><ele>1255.25</ele></trkpt>
      <trkpt lat="-28.033896" lon="-49.608151"><ele>1259.75</ele></trkpt>
      <trkpt lat="-28.03454" lon="-49.608274"><ele>1265.5</ele></trkpt>
      <trkpt lat="-28.035847" lon="-49.60859"><ele>1277.25</ele></trkpt>
      <trkpt lat="-28.036763" lon="-49.608942"><ele>1276.5</ele></trkpt>
      <trkpt lat="-28.036993" lon="-49.608942"><ele>1275.75</ele></trkpt>
      <trkpt lat="-28.037279" lon="-49.608847"><ele>1277.75</ele></trkpt>
      <trkpt lat="-28.038309" lon="-49.608124"><ele>1289</ele></trkpt>
      <trkpt lat="-28.038723" lon="-49.608043"><ele>1290.5</ele></trkpt>
      <trkpt lat="-28.039173" lon="-49.608102"><ele>1289.75</ele></trkpt>
      <trkpt lat="-28.039535" lon="-49.608252"><ele>1293.75</ele></trkpt>
      <trkpt lat="-28.04034" lon="-49.608834"><ele>1296</ele></trkpt>
      <trkpt lat="-28.040613" lon="-49.608926"><ele>1299</ele></trkpt>
      <trkpt lat="-28.041739" lon="-49.608896"><ele>1311</ele></trkpt>
      <trkpt lat="-28.042589" lon="-49.608971"><ele>1308.25</ele></trkpt>
      <trkpt lat="-28.043126" lon="-49.608691"><ele>1309.5</ele></trkpt>
      <trkpt lat="-28.044438" lon="-49.607332"><ele>1312.5</ele></trkpt>
      <trkpt lat="-28.045065" lon="-49.607072"><ele>1312.25</ele></trkpt>
      <trkpt lat="-28.045413" lon="-49.607072"><ele>1313</ele></trkpt>
      <trkpt lat="-28.045894" lon="-49.607158"><ele>1313.75</ele></trkpt>
      <trkpt lat="-28.04637" lon="-49.607389"><ele>1315.5</ele></trkpt>
      <trkpt lat="-28.04841" lon="-49.609065"><ele>1327.75</ele></trkpt>
      <trkpt lat="-28.049232" lon="-49.60969"><ele>1339.5</ele></trkpt>
      <trkpt lat="-28.049689" lon="-49.609918"><ele>1342.25</ele></trkpt>
      <trkpt lat="-28.05033" lon="-49.610028"><ele>1344.25</ele></trkpt>
      <trkpt lat="-28.051273" lon="-49.609853"><ele>1343.5</ele></trkpt>
      <trkpt lat="-28.0521" lon="-49.609908"><ele>1346</ele></trkpt>
      <trkpt lat="-28.052444" lon="-49.610044"><ele>1348</ele></trkpt>
      <trkpt lat="-28.05336" lon="-49.610622"><ele>1348.25</ele></trkpt>
      <trkpt lat="-28.054376" lon="-49.610873"><ele>1356.75</ele></trkpt>
      <trkpt lat="-28.05563" lon="-49.611353"><ele>1362.25</ele></trkpt>
      <trkpt lat="-28.056215" lon="-49.611302"><ele>1367.25</ele></trkpt>
      <trkpt lat="-28.056901" lon="-49.611121"><ele>1373.75</ele></trkpt>
      <trkpt lat="-28.057777" lon="-49.611219"><ele>1372.75</ele></trkpt>
      <trkpt lat="-28.058087" lon="-49.611176"><ele>1374.75</ele></trkpt>
      <trkpt lat="-28.058399" lon="-49.611023"><ele>1378.75</ele></trkpt>
      <trkpt lat="-28.058719" lon="-49.610733"><ele>1381.5</ele></trkpt>
      <trkpt lat="-28.059237" lon="-49.609902"><ele>1384.75</ele></trkpt>
      <trkpt lat="-28.059585" lon="-49.609502"><ele>1391.75</ele></trkpt>
      <trkpt lat="-28.059972" lon="-49.609296"><ele>1393.5</ele></trkpt>
      <trkpt lat="-28.060329" lon="-49.609239"><ele>1397.25</ele></trkpt>
      <trkpt lat="-28.060693" lon="-49.609269"><ele>1400</ele></trkpt>
      <trkpt lat="-28.062838" lon="-49.609869"><ele>1411.75</ele></trkpt>
      <trkpt lat="-28.064723" lon="-49.60965"><ele>1430</ele></trkpt>
      <trkpt lat="-28.065074" lon="-49.609663"><ele>1433.25</ele></trkpt>
      <trkpt lat="-28.065822" lon="-49.609859"><ele>1435</ele></trkpt>
      <trkpt lat="-28.066544" lon="-49.610326"><ele>1441.25</ele></trkpt>
      <trkpt lat="-28.067867" lon="-49.611509"><ele>1449</ele></trkpt>
      <trkpt lat="-28.070253" lon="-49.613193"><ele>1455.5</ele></trkpt>
      <trkpt lat="-28.070653" lon="-49.613624"><ele>1459.25</ele></trkpt>
      <trkpt lat="-28.071031" lon="-49.614255"><ele>1455.25</ele></trkpt>
      <trkpt lat="-28.071595" lon="-49.614738"><ele>1460.75</ele></trkpt>
      <trkpt lat="-28.071977" lon="-49.614837"><ele>1463.25</ele></trkpt>
      <trkpt lat="-28.072177" lon="-49.614804"><ele>1465</ele></trkpt>
      <trkpt lat="-28.073061" lon="-49.614368"><ele>1468.25</ele></trkpt>
      <trkpt lat="-28.073375" lon="-49.614388"><ele>1469.75</ele></trkpt>
      <trkpt lat="-28.073758" lon="-49.614596"><ele>1472.5</ele></trkpt>
      <trkpt lat="-28.074108" lon="-49.614985"><ele>1475.5</ele></trkpt>
      <trkpt lat="-28.074877" lon="-49.616574"><ele>1490</ele></trkpt>
      <trkpt lat="-28.07532" lon="-49.617189"><ele>1501.75</ele></trkpt>
      <trkpt lat="-28.075473" lon="-49.617844"><ele>1510</ele></trkpt>
      <trkpt lat="-28.075194" lon="-49.62007"><ele>1525.5</ele></trkpt>
      <trkpt lat="-28.074155" lon="-49.62294"><ele>1542.75</ele></trkpt>
      <trkpt lat="-28.072464" lon="-49.625617"><ele>1555.5</ele></trkpt>
      <trkpt lat="-28.072245" lon="-49.626318"><ele>1557.75</ele></trkpt>
      <trkpt lat="-28.072255" lon="-49.626935"><ele>1563.75</ele></trkpt>
      <trkpt lat="-28.072433" lon="-49.627402"><ele>1566.75</ele></trkpt>
      <trkpt lat="-28.072758" lon="-49.627796"><ele>1567.25</ele></trkpt>
      <trkpt lat="-28.073566" lon="-49.62827"><ele>1562.5</ele></trkpt>
      <trkpt lat="-28.074021" lon="-49.628634"><ele>1562</ele></trkpt>
      <trkpt lat="-28.074646" lon="-49.6298"><ele>1556.75</ele></trkpt>
      <trkpt lat="-28.075741" lon="-49.631121"><ele>1541.75</ele></trkpt>
      <trkpt lat="-28.076046" lon="-49.631225"><ele>1538.5</ele></trkpt>
      <trkpt lat="-28.076555" lon="-49.63096"><ele>1541.75</ele></trkpt>
      <trkpt lat="-28.07682" lon="-49.630906"><ele>1542.25</ele></trkpt>
      <trkpt lat="-28.077069" lon="-49.631076"><ele>1539.75</ele></trkpt>
      <trkpt lat="-28.077185" lon="-49.631458"><ele>1535.25</ele></trkpt>
      <trkpt lat="-28.076929" lon="-49.632138"><ele>1526</ele></trkpt>
      <trkpt lat="-28.076891" lon="-49.632674"><ele>1520.25</ele></trkpt>
      <trkpt lat="-28.077031" lon="-49.633028"><ele>1517</ele></trkpt>
      <trkpt lat="-28.077324" lon="-49.63335"><ele>1514.25</ele></trkpt>
      <trkpt lat="-28.077831" lon="-49.633503"><ele>1513.75</ele></trkpt>
      <trkpt lat="-28.079229" lon="-49.633454"><ele>1507.25</ele></trkpt>
      <trkpt lat="-28.079986" lon="-49.633712"><ele>1501.25</ele></trkpt>
      <trkpt lat="-28.080411" lon="-49.634093"><ele>1502.5</ele></trkpt>
      <trkpt lat="-28.081165" lon="-49.635474"><ele>1495.25</ele></trkpt>
      <trkpt lat="-28.081394" lon="-49.635741"><ele>1494.5</ele></trkpt>
      <trkpt lat="-28.08185" lon="-49.636041"><ele>1494.5</ele></trkpt>
      <trkpt lat="-28.083553" lon="-49.636886"><ele>1482</ele></trkpt>
      <trkpt lat="-28.084448" lon="-49.637879"><ele>1473.5</ele></trkpt>
      <trkpt lat="-28.084993" lon="-49.638203"><ele>1472</ele></trkpt>
      <trkpt lat="-28.085454" lon="-49.638242"><ele>1471.5</ele></trkpt>
      <trkpt lat="-28.086302" lon="-49.638165"><ele>1475</ele></trkpt>
      <trkpt lat="-28.087367" lon="-49.638677"><ele>1475</ele></trkpt>
      <trkpt lat="-28.087706" lon="-49.63871"><ele>1474.25</ele></trkpt>
      <trkpt lat="-28.088149" lon="-49.638485"><ele>1475.5</ele></trkpt>
      <trkpt lat="-28.089976" lon="-49.637206"><ele>1482</ele></trkpt>
      <trkpt lat="-28.090541" lon="-49.637011"><ele>1482</ele></trkpt>
      <trkpt lat="-28.091089" lon="-49.637029"><ele>1478.75</ele></trkpt>
      <trkpt lat="-28.091903" lon="-49.637341"><ele>1476</ele></trkpt>
      <trkpt lat="-28.096164" lon="-49.639589"><ele>1469.5</ele></trkpt>
      <trkpt lat="-28.097205" lon="-49.639726"><ele>1466.75</ele></trkpt>
      <trkpt lat="-28.098382" lon="-49.639563"><ele>1466.5</ele></trkpt>
      <trkpt lat="-28.098734" lon="-49.639595"><ele>1465.25</ele></trkpt>
      <trkpt lat="-28.100299" lon="-49.640228"><ele>1449.5</ele></trkpt>
      <trkpt lat="-28.101743" lon="-49.64047"><ele>1443</ele></trkpt>
      <trkpt lat="-28.102146" lon="-49.640754"><ele>1438.75</ele></trkpt>
      <trkpt lat="-28.102666" lon="-49.641304"><ele>1428.25</ele></trkpt>
      <trkpt lat="-28.103853" lon="-49.641754"><ele>1420.5</ele></trkpt>
      <trkpt lat="-28.104338" lon="-49.642114"><ele>1419.25</ele></trkpt>
      <trkpt lat="-28.105022" lon="-49.643494"><ele>1400.75</ele></trkpt>
      <trkpt lat="-28.105921" lon="-49.644398"><ele>1393.25</ele></trkpt>
      <trkpt lat="-28.106555" lon="-49.64554"><ele>1380.5</ele></trkpt>
      <trkpt lat="-28.107113" lon="-49.64608"><ele>1379.5</ele></trkpt>
      <trkpt lat="-28.10942" lon="-49.647088"><ele>1377.5</ele></trkpt>
      <trkpt lat="-28.110685" lon="-49.647933"><ele>1363.25</ele></trkpt>
      <trkpt lat="-28.111642" lon="-49.648272"><ele>1357.25</ele></trkpt>
      <trkpt lat="-28.112517" lon="-49.648897"><ele>1347.75</ele></trkpt>
      <trkpt lat="-28.113867" lon="-49.649424"><ele>1337.25</ele></trkpt>
      <trkpt lat="-28.115278" lon="-49.649619"><ele>1325.75</ele></trkpt>
      <trkpt lat="-28.116545" lon="-49.650527"><ele>1320</ele></trkpt>
      <trkpt lat="-28.118493" lon="-49.651144"><ele>1323.75</ele></trkpt>
      <trkpt lat="-28.119846" lon="-49.651955"><ele>1329.75</ele></trkpt>
      <trkpt lat="-28.121232" lon="-49.652284"><ele>1325.5</ele></trkpt>
      <trkpt lat="-28.121686" lon="-49.652581"><ele>1324.5</ele></trkpt>
      <trkpt lat="-28.122814" lon="-49.65416"><ele>1319.25</ele></trkpt>
      <trkpt lat="-28.123489" lon="-49.654733"><ele>1319</ele></trkpt>
      <trkpt lat="-28.124325" lon="-49.655076"><ele>1314.25</ele></trkpt>
      <trkpt lat="-28.125744" lon="-49.655407"><ele>1315</ele></trkpt>
      <trkpt lat="-28.128295" lon="-49.65635"><ele>1318.75</ele></trkpt>
      <trkpt lat="-28.128962" lon="-49.65672"><ele>1315.5</ele></trkpt>
      <trkpt lat="-28.129294" lon="-49.65716"><ele>1315</ele></trkpt>
      <trkpt lat="-28.12952" lon="-49.656965"><ele>1311.75</ele></trkpt>
      <trkpt lat="-28.131825" lon="-49.655707"><ele>1297</ele></trkpt>
      <trkpt lat="-28.132313" lon="-49.654986"><ele>1292.5</ele></trkpt>
      <trkpt lat="-28.132576" lon="-49.654746"><ele>1291</ele></trkpt>
      <trkpt lat="-28.132647" lon="-49.653628"><ele>1292.5</ele></trkpt>
      <trkpt lat="-28.132289" lon="-49.652568"><ele>1297.25</ele></trkpt>
      <trkpt lat="-28.132414" lon="-49.652008"><ele>1303.25</ele></trkpt>
      <trkpt lat="-28.132603" lon="-49.651932"><ele>1305.75</ele></trkpt>
      <trkpt lat="-28.133295" lon="-49.651951"><ele>1315.25</ele></trkpt>
      <trkpt lat="-28.134111" lon="-49.652237"><ele>1325.25</ele></trkpt>
      <trkpt lat="-28.134262" lon="-49.652138"><ele>1326.75</ele></trkpt>
      <trkpt lat="-28.135133" lon="-49.650995"><ele>1326.75</ele></trkpt>
      <trkpt lat="-28.136548" lon="-49.65073"><ele>1318</ele></trkpt>
      <trkpt lat="-28.137167" lon="-49.649972"><ele>1317</ele></trkpt>
      <trkpt lat="-28.137224" lon="-49.648707"><ele>1319.5</ele></trkpt>
      <trkpt lat="-28.137429" lon="-49.648524"><ele>1318</ele></trkpt>
      <trkpt lat="-28.137519" lon="-49.647991"><ele>1318</ele></trkpt>
      <trkpt lat="-28.137961" lon="-49.64737"><ele>1325.25</ele></trkpt>
      <trkpt lat="-28.138314" lon="-49.647062"><ele>1328.75</ele></trkpt>
      <trkpt lat="-28.139238" lon="-49.646933"><ele>1336.5</ele></trkpt>
      <trkpt lat="-28.139501" lon="-49.64675"><ele>1342.5</ele></trkpt>
      <trkpt lat="-28.139616" lon="-49.646253"><ele>1344.5</ele></trkpt>
      <trkpt lat="-28.139528" lon="-49.6453"><ele>1341</ele></trkpt>
      <trkpt lat="-28.139744" lon="-49.644119"><ele>1344.5</ele></trkpt>
      <trkpt lat="-28.140543" lon="-49.642672"><ele>1347.75</ele></trkpt>
      <trkpt lat="-28.140584" lon="-49.641607"><ele>1343.25</ele></trkpt>
      <trkpt lat="-28.140508" lon="-49.639717"><ele>1344</ele></trkpt>
      <trkpt lat="-28.141008" lon="-49.638775"><ele>1349.75</ele></trkpt>
      <trkpt lat="-28.141582" lon="-49.63686"><ele>1356.25</ele></trkpt>
      <trkpt lat="-28.141921" lon="-49.636474"><ele>1361.5</ele></trkpt>
      <trkpt lat="-28.142209" lon="-49.635925"><ele>1362.75</ele></trkpt>
      <trkpt lat="-28.142118" lon="-49.635279"><ele>1359.5</ele></trkpt>
      <trkpt lat="-28.142153" lon="-49.634605"><ele>1363.5</ele></trkpt>
      <trkpt lat="-28.141455" lon="-49.633807"><ele>1369.5</ele></trkpt>
      <trkpt lat="-28.141333" lon="-49.633457"><ele>1374.75</ele></trkpt>
      <trkpt lat="-28.141448" lon="-49.633428"><ele>1377.5</ele></trkpt>
      <trkpt lat="-28.141781" lon="-49.633553"><ele>1380.25</ele></trkpt>
      <trkpt lat="-28.142756" lon="-49.633499"><ele>1396</ele></trkpt>
      <trkpt lat="-28.143319" lon="-49.633006"><ele>1418.5</ele></trkpt>
      <trkpt lat="-28.144287" lon="-49.632779"><ele>1429.75</ele></trkpt>
      <trkpt lat="-28.14479" lon="-49.632434"><ele>1440</ele></trkpt>
      <trkpt lat="-28.1453" lon="-49.631901"><ele>1454.5</ele></trkpt>
      <trkpt lat="-28.146562" lon="-49.631716"><ele>1466.5</ele></trkpt>
      <trkpt lat="-28.147137" lon="-49.6315"><ele>1479.25</ele></trkpt>
      <trkpt lat="-28.147787" lon="-49.631556"><ele>1483.25</ele></trkpt>
      <trkpt lat="-28.148191" lon="-49.631388"><ele>1492.75</ele></trkpt>
      <trkpt lat="-28.148586" lon="-49.631574"><ele>1488</ele></trkpt>
      <trkpt lat="-28.149311" lon="-49.631276"><ele>1499.75</ele></trkpt>
      <trkpt lat="-28.150406" lon="-49.631014"><ele>1498.25</ele></trkpt>
      <trkpt lat="-28.150785" lon="-49.630724"><ele>1499.5</ele></trkpt>
      <trkpt lat="-28.151123" lon="-49.631126"><ele>1493.5</ele></trkpt>
      <trkpt lat="-28.151781" lon="-49.631303"><ele>1496.75</ele></trkpt>
      <trkpt lat="-28.15263" lon="-49.63107"><ele>1507.5</ele></trkpt>
      <trkpt lat="-28.152794" lon="-49.631163"><ele>1508</ele></trkpt>
      <trkpt lat="-28.152588" lon="-49.631873"><ele>1502.25</ele></trkpt>
      <trkpt lat="-28.152432" lon="-49.632032"><ele>1502.75</ele></trkpt>
      <trkpt lat="-28.152292" lon="-49.632564"><ele>1510</ele></trkpt>
      <trkpt lat="-28.152061" lon="-49.632975"><ele>1515.25</ele></trkpt>
      <trkpt lat="-28.151617" lon="-49.633349"><ele>1517.5</ele></trkpt>
      <trkpt lat="-28.151329" lon="-49.634367"><ele>1522</ele></trkpt>
      <trkpt lat="-28.151337" lon="-49.63475"><ele>1526.75</ele></trkpt>
      <trkpt lat="-28.151575" lon="-49.634983"><ele>1535.25</ele></trkpt>
      <trkpt lat="-28.151674" lon="-49.635217"><ele>1541</ele></trkpt>
      <trkpt lat="-28.151419" lon="-49.6363"><ele>1549.25</ele></trkpt>
      <trkpt lat="-28.15174" lon="-49.636767"><ele>1561.25</ele></trkpt>
      <trkpt lat="-28.152811" lon="-49.636394"><ele>1579</ele></trkpt>
      <trkpt lat="-28.153297" lon="-49.636142"><ele>1586.75</ele></trkpt>
      <trkpt lat="-28.153964" lon="-49.635591"><ele>1590.75</ele></trkpt>
      <trkpt lat="-28.154968" lon="-49.635133"><ele>1596.5</ele></trkpt>
      <trkpt lat="-28.155413" lon="-49.63503"><ele>1595.5</ele></trkpt>
      <trkpt lat="-28.156031" lon="-49.635469"><ele>1604</ele></trkpt>
      <trkpt lat="-28.15622" lon="-49.636086"><ele>1608.75</ele></trkpt>
      <trkpt lat="-28.156451" lon="-49.636198"><ele>1607.5</ele></trkpt>
      <trkpt lat="-28.156887" lon="-49.636086"><ele>1609.5</ele></trkpt>
      <trkpt lat="-28.157299" lon="-49.636104"><ele>1613.25</ele></trkpt>
      <trkpt lat="-28.157834" lon="-49.635945"><ele>1620.5</ele></trkpt>
      <trkpt lat="-28.158262" lon="-49.635338"><ele>1625.5</ele></trkpt>
      <trkpt lat="-28.158624" lon="-49.634246"><ele>1628.5</ele></trkpt>
      <trkpt lat="-28.159077" lon="-49.633321"><ele>1633.5</ele></trkpt>
      <trkpt lat="-28.159267" lon="-49.63305"><ele>1632.75</ele></trkpt>
      <trkpt lat="-28.15981" lon="-49.632695"><ele>1634.25</ele></trkpt>
      <trkpt lat="-28.159992" lon="-49.632266"><ele>1637.25</ele></trkpt>
      <trkpt lat="-28.159884" lon="-49.631855"><ele>1639.25</ele></trkpt>
      <trkpt lat="-28.15972" lon="-49.631668"><ele>1637.25</ele></trkpt>
      <trkpt lat="-28.159761" lon="-49.631303"><ele>1644</ele></trkpt>
      <trkpt lat="-28.159934" lon="-49.631313"><ele>1648.75</ele></trkpt>
      <trkpt lat="-28.160354" lon="-49.631705"><ele>1642.5</ele></trkpt>
      <trkpt lat="-28.160527" lon="-49.631462"><ele>1646.25</ele></trkpt>
      <trkpt lat="-28.160494" lon="-49.630519"><ele>1659.5</ele></trkpt>
      <trkpt lat="-28.160156" lon="-49.629137"><ele>1674.75</ele></trkpt>
      <trkpt lat="-28.160263" lon="-49.628315"><ele>1676.75</ele></trkpt>
      <trkpt lat="-28.160263" lon="-49.627521"><ele>1678.75</ele></trkpt>
      <trkpt lat="-28.160098" lon="-49.626503"><ele>1680</ele></trkpt>
      <trkpt lat="-28.159695" lon="-49.625083"><ele>1679.5</ele></trkpt>
      <trkpt lat="-28.15995" lon="-49.624028"><ele>1681.5</ele></trkpt>
      <trkpt lat="-28.15995" lon="-49.62329"><ele>1684</ele></trkpt>
      <trkpt lat="-28.160551" lon="-49.619059"><ele>1688</ele></trkpt>
      <trkpt lat="-28.16051" lon="-49.617863"><ele>1689.5</ele></trkpt>
      <trkpt lat="-28.160642" lon="-49.616257"><ele>1686.5</ele></trkpt>
      <trkpt lat="-28.161128" lon="-49.615472"><ele>1684.25</ele></trkpt>
      <trkpt lat="-28.161202" lon="-49.614613"><ele>1688.75</ele></trkpt>
      <trkpt lat="-28.161828" lon="-49.613529"><ele>1689</ele></trkpt>
      <trkpt lat="-28.161992" lon="-49.613034"><ele>1689.75</ele></trkpt>
      <trkpt lat="-28.162042" lon="-49.612708"><ele>1689.75</ele></trkpt>
      <trkpt lat="-28.161828" lon="-49.611914"><ele>1688.25</ele></trkpt>
      <trkpt lat="-28.161819" lon="-49.611157"><ele>1685.5</ele></trkpt>
      <trkpt lat="-28.162034" lon="-49.610158"><ele>1686.25</ele></trkpt>
      <trkpt lat="-28.162733" lon="-49.60885"><ele>1686</ele></trkpt>
      <trkpt lat="-28.162857" lon="-49.608439"><ele>1685.25</ele></trkpt>
      <trkpt lat="-28.162791" lon="-49.608112"><ele>1684.25</ele></trkpt>
      <trkpt lat="-28.162939" lon="-49.607589"><ele>1684</ele></trkpt>
      <trkpt lat="-28.162923" lon="-49.607384"><ele>1682.5</ele></trkpt>
      <trkpt lat="-28.162495" lon="-49.606917"><ele>1681.75</ele></trkpt>
      <trkpt lat="-28.162314" lon="-49.606207"><ele>1678.5</ele></trkpt>
      <trkpt lat="-28.163112" lon="-49.605161"><ele>1664.75</ele></trkpt>
      <trkpt lat="-28.163722" lon="-49.604049"><ele>1657</ele></trkpt>
      <trkpt lat="-28.163697" lon="-49.602079"><ele>1655.5</ele></trkpt>
      <trkpt lat="-28.164232" lon="-49.601948"><ele>1649.75</ele></trkpt>
      <trkpt lat="-28.165039" lon="-49.601294"><ele>1645</ele></trkpt>
      <trkpt lat="-28.165813" lon="-49.600183"><ele>1641.75</ele></trkpt>
      <trkpt lat="-28.165879" lon="-49.59979"><ele>1643</ele></trkpt>
      <trkpt lat="-28.166258" lon="-49.599585"><ele>1641</ele></trkpt>
      <trkpt lat="-28.16662" lon="-49.597876"><ele>1630.5</ele></trkpt>
      <trkpt lat="-28.167056" lon="-49.597689"><ele>1625.5</ele></trkpt>
      <trkpt lat="-28.168135" lon="-49.597679"><ele>1620</ele></trkpt>
      <trkpt lat="-28.168818" lon="-49.597567"><ele>1622.5</ele></trkpt>
      <trkpt lat="-28.169019" lon="-49.597399"><ele>1622.75</ele></trkpt>
      <trkpt lat="-28.168868" lon="-49.596391"><ele>1608.5</ele></trkpt>
      <trkpt lat="-28.169082" lon="-49.595074"><ele>1598.5</ele></trkpt>
      <trkpt lat="-28.169032" lon="-49.594663"><ele>1591</ele></trkpt>
      <trkpt lat="-28.169156" lon="-49.594074"><ele>1585.75</ele></trkpt>
      <trkpt lat="-28.169164" lon="-49.59286"><ele>1572</ele></trkpt>
      <trkpt lat="-28.169279" lon="-49.592197"><ele>1566.75</ele></trkpt>
      <trkpt lat="-28.16923" lon="-49.592047"><ele>1563.25</ele></trkpt>
      <trkpt lat="-28.16965" lon="-49.589516"><ele>1535.5</ele></trkpt>
      <trkpt lat="-28.170111" lon="-49.588274"><ele>1522</ele></trkpt>
      <trkpt lat="-28.170062" lon="-49.587546"><ele>1509.75</ele></trkpt>
      <trkpt lat="-28.170432" lon="-49.586378"><ele>1504</ele></trkpt>
      <trkpt lat="-28.170638" lon="-49.585351"><ele>1496.75</ele></trkpt>
      <trkpt lat="-28.170226" lon="-49.584575"><ele>1485.5</ele></trkpt>
      <trkpt lat="-28.17007" lon="-49.583445"><ele>1475.75</ele></trkpt>
      <trkpt lat="-28.170128" lon="-49.582315"><ele>1466.25</ele></trkpt>
      <trkpt lat="-28.170235" lon="-49.582147"><ele>1465.25</ele></trkpt>
      <trkpt lat="-28.170556" lon="-49.58197"><ele>1469.25</ele></trkpt>
      <trkpt lat="-28.17065" lon="-49.58183"><ele>1469.25</ele></trkpt>
      <trkpt lat="-28.170399" lon="-49.581596"><ele>1459.5</ele></trkpt>
      <trkpt lat="-28.170638" lon="-49.580466"><ele>1456</ele></trkpt>
      <trkpt lat="-28.170424" lon="-49.579803"><ele>1444.25</ele></trkpt>
      <trkpt lat="-28.170457" lon="-49.578971"><ele>1436</ele></trkpt>
      <trkpt lat="-28.171356" lon="-49.577649"><ele>1422</ele></trkpt>
      <trkpt lat="-28.171258" lon="-49.57744"><ele>1422</ele></trkpt>
      <trkpt lat="-28.171356" lon="-49.577649"><ele>1421.5</ele></trkpt>
      <trkpt lat="-28.171643" lon="-49.577477"><ele>1422</ele></trkpt>
      <trkpt lat="-28.171906" lon="-49.577038"><ele>1416.25</ele></trkpt>
      <trkpt lat="-28.17198" lon="-49.576664"><ele>1408.5</ele></trkpt>
      <trkpt lat="-28.172367" lon="-49.5763"><ele>1408.5</ele></trkpt>
      <trkpt lat="-28.172985" lon="-49.575179"><ele>1404.5</ele></trkpt>
      <trkpt lat="-28.173067" lon="-49.57432"><ele>1400</ele></trkpt>
      <trkpt lat="-28.173232" lon="-49.57385"><ele>1396.75</ele></trkpt>
      <trkpt lat="-28.173413" lon="-49.573722"><ele>1395</ele></trkpt>
      <trkpt lat="-28.173676" lon="-49.573722"><ele>1395.75</ele></trkpt>
      <trkpt lat="-28.174071" lon="-49.573881"><ele>1399.75</ele></trkpt>
      <trkpt lat="-28.174368" lon="-49.574161"><ele>1406.5</ele></trkpt>
      <trkpt lat="-28.174714" lon="-49.574161"><ele>1407.75</ele></trkpt>
      <trkpt lat="-28.176385" lon="-49.57489"><ele>1421.25</ele></trkpt>
      <trkpt lat="-28.176871" lon="-49.575254"><ele>1427</ele></trkpt>
      <trkpt lat="-28.177363" lon="-49.575369"><ele>1428.75</ele></trkpt>
      <trkpt lat="-28.177883" lon="-49.575198"><ele>1426.5</ele></trkpt>
      <trkpt lat="-28.178534" lon="-49.575264"><ele>1432.75</ele></trkpt>
      <trkpt lat="-28.178929" lon="-49.57545"><ele>1438</ele></trkpt>
      <trkpt lat="-28.179267" lon="-49.575927"><ele>1438.5</ele></trkpt>
      <trkpt lat="-28.179728" lon="-49.575805"><ele>1433.5</ele></trkpt>
      <trkpt lat="-28.179958" lon="-49.576272"><ele>1430.5</ele></trkpt>
      <trkpt lat="-28.180263" lon="-49.576226"><ele>1424.25</ele></trkpt>
      <trkpt lat="-28.180823" lon="-49.576291"><ele>1411.5</ele></trkpt>
      <trkpt lat="-28.181448" lon="-49.57616"><ele>1399.25</ele></trkpt>
      <trkpt lat="-28.181638" lon="-49.576188"><ele>1394.75</ele></trkpt>
      <trkpt lat="-28.181868" lon="-49.576459"><ele>1386.25</ele></trkpt>
      <trkpt lat="-28.181786" lon="-49.576758"><ele>1385.75</ele></trkpt>
      <trkpt lat="-28.181893" lon="-49.577094"><ele>1381.75</ele></trkpt>
      <trkpt lat="-28.182016" lon="-49.57716"><ele>1378.5</ele></trkpt>
      <trkpt lat="-28.182214" lon="-49.577141"><ele>1374</ele></trkpt>
      <trkpt lat="-28.182313" lon="-49.577019"><ele>1372.5</ele></trkpt>
      <trkpt lat="-28.182539" lon="-49.57644"><ele>1371</ele></trkpt>
      <trkpt lat="-28.182949" lon="-49.576457"><ele>1374.75</ele></trkpt>
      <trkpt lat="-28.183144" lon="-49.577673"><ele>1368.5</ele></trkpt>
      <trkpt lat="-28.183416" lon="-49.578075"><ele>1366.5</ele></trkpt>
      <trkpt lat="-28.184428" lon="-49.579009"><ele>1364</ele></trkpt>
      <trkpt lat="-28.184684" lon="-49.579018"><ele>1365.25</ele></trkpt>
      <trkpt lat="-28.185737" lon="-49.578738"><ele>1373</ele></trkpt>
      <trkpt lat="-28.186116" lon="-49.578766"><ele>1374</ele></trkpt>
      <trkpt lat="-28.186503" lon="-49.579065"><ele>1368.25</ele></trkpt>
      <trkpt lat="-28.188174" lon="-49.579495"><ele>1365.25</ele></trkpt>
      <trkpt lat="-28.18936" lon="-49.579429"><ele>1363</ele></trkpt>
      <trkpt lat="-28.190273" lon="-49.579513"><ele>1359</ele></trkpt>
      <trkpt lat="-28.190718" lon="-49.579653"><ele>1359.75</ele></trkpt>
      <trkpt lat="-28.191039" lon="-49.579541"><ele>1359.25</ele></trkpt>
      <trkpt lat="-28.191562" lon="-49.578908"><ele>1353.75</ele></trkpt>
      <trkpt lat="-28.192836" lon="-49.578754"><ele>1358.25</ele></trkpt>
      <trkpt lat="-28.194003" lon="-49.579056"><ele>1357.5</ele></trkpt>
      <trkpt lat="-28.194414" lon="-49.579028"><ele>1357.75</ele></trkpt>
      <trkpt lat="-28.194652" lon="-49.579194"><ele>1355.25</ele></trkpt>
      <trkpt lat="-28.195204" lon="-49.579224"><ele>1353.5</ele></trkpt>
      <trkpt lat="-28.196118" lon="-49.579653"><ele>1349.5</ele></trkpt>
      <trkpt lat="-28.196513" lon="-49.579523"><ele>1350.75</ele></trkpt>
      <trkpt lat="-28.196818" lon="-49.579112"><ele>1354.5</ele></trkpt>
      <trkpt lat="-28.197353" lon="-49.578897"><ele>1361.75</ele></trkpt>
      <trkpt lat="-28.197715" lon="-49.578906"><ele>1366</ele></trkpt>
      <trkpt lat="-28.198201" lon="-49.579224"><ele>1364.75</ele></trkpt>
      <trkpt lat="-28.19923" lon="-49.580606"><ele>1372</ele></trkpt>
      <trkpt lat="-28.199394" lon="-49.580709"><ele>1369.75</ele></trkpt>
      <trkpt lat="-28.200069" lon="-49.580718"><ele>1363.25</ele></trkpt>
      <trkpt lat="-28.200547" lon="-49.580485"><ele>1352</ele></trkpt>
      <trkpt lat="-28.20067" lon="-49.580307"><ele>1349</ele></trkpt>
      <trkpt lat="-28.200645" lon="-49.579962"><ele>1351.25</ele></trkpt>
      <trkpt lat="-28.200382" lon="-49.579205"><ele>1357</ele></trkpt>
      <trkpt lat="-28.200407" lon="-49.578215"><ele>1352.5</ele></trkpt>
      <trkpt lat="-28.200892" lon="-49.576833"><ele>1353</ele></trkpt>
      <trkpt lat="-28.202185" lon="-49.575833"><ele>1357</ele></trkpt>
      <trkpt lat="-28.202777" lon="-49.575674"><ele>1348.25</ele></trkpt>
      <trkpt lat="-28.203182" lon="-49.575032"><ele>1352</ele></trkpt>
      <trkpt lat="-28.20346" lon="-49.574843"><ele>1348.75</ele></trkpt>
      <trkpt lat="-28.20366" lon="-49.574586"><ele>1350.75</ele></trkpt>
      <trkpt lat="-28.203823" lon="-49.574236"><ele>1354</ele></trkpt>
      <trkpt lat="-28.204127" lon="-49.574264"><ele>1354.75</ele></trkpt>
      <trkpt lat="-28.204536" lon="-49.574457"><ele>1354.5</ele></trkpt>
      <trkpt lat="-28.204874" lon="-49.574514"><ele>1355.5</ele></trkpt>
      <trkpt lat="-28.205247" lon="-49.574423"><ele>1356.5</ele></trkpt>
      <trkpt lat="-28.205859" lon="-49.573918"><ele>1368.5</ele></trkpt>
      <trkpt lat="-28.206547" lon="-49.573526"><ele>1374.75</ele></trkpt>
      <trkpt lat="-28.207609" lon="-49.573816"><ele>1373.75</ele></trkpt>
      <trkpt lat="-28.207708" lon="-49.573816"><ele>1375.25</ele></trkpt>
      <trkpt lat="-28.207913" lon="-49.573545"><ele>1383.5</ele></trkpt>
      <trkpt lat="-28.208029" lon="-49.573582"><ele>1384.25</ele></trkpt>
      <trkpt lat="-28.20872" lon="-49.575385"><ele>1365.5</ele></trkpt>
      <trkpt lat="-28.208967" lon="-49.575815"><ele>1366.75</ele></trkpt>
      <trkpt lat="-28.209074" lon="-49.576534"><ele>1360.75</ele></trkpt>
      <trkpt lat="-28.209247" lon="-49.577094"><ele>1358</ele></trkpt>
      <trkpt lat="-28.209518" lon="-49.577561"><ele>1359.25</ele></trkpt>
      <trkpt lat="-28.209584" lon="-49.577991"><ele>1358.25</ele></trkpt>
      <trkpt lat="-28.209343" lon="-49.579439"><ele>1342.5</ele></trkpt>
      <trkpt lat="-28.208424" lon="-49.580391"><ele>1336.5</ele></trkpt>
      <trkpt lat="-28.208189" lon="-49.580854"><ele>1336.25</ele></trkpt>
      <trkpt lat="-28.207945" lon="-49.581622"><ele>1330.75</ele></trkpt>
      <trkpt lat="-28.20793" lon="-49.583044"><ele>1321.5</ele></trkpt>
      <trkpt lat="-28.208012" lon="-49.583408"><ele>1319.75</ele></trkpt>
      <trkpt lat="-28.208152" lon="-49.583576"><ele>1318.25</ele></trkpt>
      <trkpt lat="-28.208317" lon="-49.583614"><ele>1317.5</ele></trkpt>
      <trkpt lat="-28.208588" lon="-49.583511"><ele>1317.75</ele></trkpt>
      <trkpt lat="-28.20872" lon="-49.583408"><ele>1317.25</ele></trkpt>
      <trkpt lat="-28.208983" lon="-49.582689"><ele>1315.25</ele></trkpt>
      <trkpt lat="-28.209591" lon="-49.58265"><ele>1325</ele></trkpt>
      <trkpt lat="-28.209871" lon="-49.581748"><ele>1325</ele></trkpt>
      <trkpt lat="-28.209889" lon="-49.581325"><ele>1322</ele></trkpt>
      <trkpt lat="-28.210432" lon="-49.580765"><ele>1320.75</ele></trkpt>
      <trkpt lat="-28.211049" lon="-49.580746"><ele>1323.25</ele></trkpt>
      <trkpt lat="-28.211765" lon="-49.580952"><ele>1325</ele></trkpt>
      <trkpt lat="-28.212679" lon="-49.580746"><ele>1321.5</ele></trkpt>
      <trkpt lat="-28.213732" lon="-49.580933"><ele>1316.25</ele></trkpt>
      <trkpt lat="-28.214334" lon="-49.58121"><ele>1316.5</ele></trkpt>
      <trkpt lat="-28.214964" lon="-49.58209"><ele>1318.75</ele></trkpt>
      <trkpt lat="-28.215164" lon="-49.582969"><ele>1323.5</ele></trkpt>
      <trkpt lat="-28.21563" lon="-49.583833"><ele>1313.25</ele></trkpt>
      <trkpt lat="-28.215518" lon="-49.584286"><ele>1315</ele></trkpt>
      <trkpt lat="-28.215074" lon="-49.584968"><ele>1320.75</ele></trkpt>
      <trkpt lat="-28.214852" lon="-49.585584"><ele>1324.75</ele></trkpt>
      <trkpt lat="-28.214687" lon="-49.585808"><ele>1329.25</ele></trkpt>
      <trkpt lat="-28.214588" lon="-49.586266"><ele>1335.25</ele></trkpt>
      <trkpt lat="-28.214629" lon="-49.586658"><ele>1336.75</ele></trkpt>
      <trkpt lat="-28.215428" lon="-49.58734"><ele>1335.5</ele></trkpt>
      <trkpt lat="-28.216547" lon="-49.587854"><ele>1337.5</ele></trkpt>
      <trkpt lat="-28.216679" lon="-49.588283"><ele>1338.5</ele></trkpt>
      <trkpt lat="-28.217206" lon="-49.588741"><ele>1332.5</ele></trkpt>
      <trkpt lat="-28.218012" lon="-49.59088"><ele>1319</ele></trkpt>
      <trkpt lat="-28.218012" lon="-49.591618"><ele>1318</ele></trkpt>
      <trkpt lat="-28.218424" lon="-49.592701"><ele>1303.25</ele></trkpt>
      <trkpt lat="-28.218267" lon="-49.59314"><ele>1301.75</ele></trkpt>
      <trkpt lat="-28.218226" lon="-49.593533"><ele>1299.5</ele></trkpt>
      <trkpt lat="-28.218251" lon="-49.59428"><ele>1297</ele></trkpt>
      <trkpt lat="-28.218387" lon="-49.594623"><ele>1298.5</ele></trkpt>
      <trkpt lat="-28.218399" lon="-49.594915"><ele>1300.25</ele></trkpt>
      <trkpt lat="-28.219024" lon="-49.595345"><ele>1308.25</ele></trkpt>
      <trkpt lat="-28.219337" lon="-49.595316"><ele>1310.5</ele></trkpt>
      <trkpt lat="-28.219551" lon="-49.595018"><ele>1308.25</ele></trkpt>
      <trkpt lat="-28.219979" lon="-49.594756"><ele>1311</ele></trkpt>
      <trkpt lat="-28.220539" lon="-49.594523"><ele>1312.75</ele></trkpt>
      <trkpt lat="-28.221008" lon="-49.594551"><ele>1314.75</ele></trkpt>
      <trkpt lat="-28.22146" lon="-49.594896"><ele>1319.25</ele></trkpt>
      <trkpt lat="-28.222324" lon="-49.59498"><ele>1313</ele></trkpt>
      <trkpt lat="-28.223542" lon="-49.59526"><ele>1308.25</ele></trkpt>
      <trkpt lat="-28.224341" lon="-49.595643"><ele>1304.75</ele></trkpt>
      <trkpt lat="-28.225048" lon="-49.596241"><ele>1302.75</ele></trkpt>
      <trkpt lat="-28.226159" lon="-49.596643"><ele>1298.25</ele></trkpt>
      <trkpt lat="-28.227106" lon="-49.596811"><ele>1293</ele></trkpt>
      <trkpt lat="-28.228044" lon="-49.597801"><ele>1293.25</ele></trkpt>
      <trkpt lat="-28.228357" lon="-49.598287"><ele>1289.5</ele></trkpt>
      <trkpt lat="-28.229435" lon="-49.598791"><ele>1283.75</ele></trkpt>
      <trkpt lat="-28.229402" lon="-49.599828"><ele>1285</ele></trkpt>
      <trkpt lat="-28.229566" lon="-49.600425"><ele>1284.75</ele></trkpt>
      <trkpt lat="-28.229426" lon="-49.600892"><ele>1286.5</ele></trkpt>
      <trkpt lat="-28.229426" lon="-49.601359"><ele>1286.25</ele></trkpt>
      <trkpt lat="-28.229196" lon="-49.601724"><ele>1286.75</ele></trkpt>
      <trkpt lat="-28.228403" lon="-49.602616"><ele>1284</ele></trkpt>
      <trkpt lat="-28.228383" lon="-49.602962"><ele>1286.5</ele></trkpt>
      <trkpt lat="-28.22862" lon="-49.603209"><ele>1293.5</ele></trkpt>
      <trkpt lat="-28.228949" lon="-49.60305"><ele>1297.25</ele></trkpt>
      <trkpt lat="-28.23029" lon="-49.601415"><ele>1285.5</ele></trkpt>
      <trkpt lat="-28.230817" lon="-49.601332"><ele>1288</ele></trkpt>
      <trkpt lat="-28.231253" lon="-49.601444"><ele>1286.25</ele></trkpt>
      <trkpt lat="-28.231451" lon="-49.601658"><ele>1286.25</ele></trkpt>
      <trkpt lat="-28.232101" lon="-49.603078"><ele>1300.75</ele></trkpt>
      <trkpt lat="-28.233031" lon="-49.603517"><ele>1301</ele></trkpt>
      <trkpt lat="-28.234035" lon="-49.604302"><ele>1305.25</ele></trkpt>
      <trkpt lat="-28.236569" lon="-49.606011"><ele>1322.5</ele></trkpt>
      <trkpt lat="-28.237359" lon="-49.606683"><ele>1329.25</ele></trkpt>
      <trkpt lat="-28.237581" lon="-49.606693"><ele>1328.75</ele></trkpt>
      <trkpt lat="-28.237762" lon="-49.606403"><ele>1323.75</ele></trkpt>
      <trkpt lat="-28.23949" lon="-49.606104"><ele>1334.25</ele></trkpt>
      <trkpt lat="-28.239721" lon="-49.606151"><ele>1337.25</ele></trkpt>
      <trkpt lat="-28.240362" lon="-49.606515"><ele>1344.25</ele></trkpt>
      <trkpt lat="-28.240733" lon="-49.607057"><ele>1340</ele></trkpt>
      <trkpt lat="-28.24144" lon="-49.607664"><ele>1336.5</ele></trkpt>
      <trkpt lat="-28.242197" lon="-49.608869"><ele>1327.5</ele></trkpt>
      <trkpt lat="-28.242666" lon="-49.609121"><ele>1328.5</ele></trkpt>
      <trkpt lat="-28.243226" lon="-49.6097"><ele>1326.75</ele></trkpt>
      <trkpt lat="-28.243621" lon="-49.609831"><ele>1328.5</ele></trkpt>
      <trkpt lat="-28.244123" lon="-49.610158"><ele>1325</ele></trkpt>
      <trkpt lat="-28.245275" lon="-49.611344"><ele>1308</ele></trkpt>
      <trkpt lat="-28.24567" lon="-49.611409"><ele>1310.75</ele></trkpt>
      <trkpt lat="-28.245834" lon="-49.611575"><ele>1309.5</ele></trkpt>
      <trkpt lat="-28.245562" lon="-49.614023"><ele>1293.25</ele></trkpt>
      <trkpt lat="-28.245774" lon="-49.61504"><ele>1289.25</ele></trkpt>
      <trkpt lat="-28.245975" lon="-49.615371"><ele>1289.5</ele></trkpt>
      <trkpt lat="-28.24664" lon="-49.615874"><ele>1287</ele></trkpt>
      <trkpt lat="-28.248327" lon="-49.615995"><ele>1284.5</ele></trkpt>
      <trkpt lat="-28.248475" lon="-49.616173"><ele>1281.5</ele></trkpt>
      <trkpt lat="-28.248911" lon="-49.616322"><ele>1278.75</ele></trkpt>
      <trkpt lat="-28.250236" lon="-49.617284"><ele>1288.5</ele></trkpt>
      <trkpt lat="-28.250623" lon="-49.618078"><ele>1299.25</ele></trkpt>
      <trkpt lat="-28.251215" lon="-49.618218"><ele>1299</ele></trkpt>
      <trkpt lat="-28.251322" lon="-49.618321"><ele>1299.75</ele></trkpt>
      <trkpt lat="-28.252046" lon="-49.619483"><ele>1304</ele></trkpt>
      <trkpt lat="-28.253267" lon="-49.620121"><ele>1308.5</ele></trkpt>
      <trkpt lat="-28.254048" lon="-49.620873"><ele>1314</ele></trkpt>
      <trkpt lat="-28.254248" lon="-49.620898"><ele>1314.75</ele></trkpt>
      <trkpt lat="-28.256213" lon="-49.620574"><ele>1325.25</ele></trkpt>
      <trkpt lat="-28.256894" lon="-49.620621"><ele>1325.25</ele></trkpt>
      <trkpt lat="-28.25777" lon="-49.621242"><ele>1319.5</ele></trkpt>
      <trkpt lat="-28.258276" lon="-49.62172"><ele>1314.25</ele></trkpt>
      <trkpt lat="-28.258629" lon="-49.621855"><ele>1310.75</ele></trkpt>
      <trkpt lat="-28.25902" lon="-49.622653"><ele>1306.25</ele></trkpt>
      <trkpt lat="-28.259477" lon="-49.622928"><ele>1303.25</ele></trkpt>
      <trkpt lat="-28.259908" lon="-49.623548"><ele>1303.5</ele></trkpt>
      <trkpt lat="-28.260689" lon="-49.62398"><ele>1308.25</ele></trkpt>
      <trkpt lat="-28.262611" lon="-49.626188"><ele>1319</ele></trkpt>
      <trkpt lat="-28.263058" lon="-49.626561"><ele>1321.75</ele></trkpt>
      <trkpt lat="-28.263872" lon="-49.626605"><ele>1323.25</ele></trkpt>
      <trkpt lat="-28.265235" lon="-49.627152"><ele>1323.25</ele></trkpt>
      <trkpt lat="-28.266406" lon="-49.62714"><ele>1326.5</ele></trkpt>
      <trkpt lat="-28.266679" lon="-49.626982"><ele>1330</ele></trkpt>
      <trkpt lat="-28.266881" lon="-49.626671"><ele>1333</ele></trkpt>
      <trkpt lat="-28.266894" lon="-49.626313"><ele>1339.25</ele></trkpt>
      <trkpt lat="-28.266775" lon="-49.626264"><ele>1342.25</ele></trkpt>
      <trkpt lat="-28.266271" lon="-49.626414"><ele>1343.75</ele></trkpt>
      <trkpt lat="-28.26578" lon="-49.626255"><ele>1349.25</ele></trkpt>
      <trkpt lat="-28.265725" lon="-49.626112"><ele>1352</ele></trkpt>
      <trkpt lat="-28.265763" lon="-49.625718"><ele>1359.5</ele></trkpt>
      <trkpt lat="-28.265487" lon="-49.625365"><ele>1360.25</ele></trkpt>
      <trkpt lat="-28.265464" lon="-49.625159"><ele>1362</ele></trkpt>
      <trkpt lat="-28.266672" lon="-49.624279"><ele>1373</ele></trkpt>
      <trkpt lat="-28.267182" lon="-49.623226"><ele>1374.5</ele></trkpt>
      <trkpt lat="-28.26825" lon="-49.621827"><ele>1376</ele></trkpt>
      <trkpt lat="-28.268816" lon="-49.620833"><ele>1377.75</ele></trkpt>
      <trkpt lat="-28.269102" lon="-49.619291"><ele>1382.5</ele></trkpt>
      <trkpt lat="-28.269261" lon="-49.618872"><ele>1386.5</ele></trkpt>
      <trkpt lat="-28.270584" lon="-49.618234"><ele>1381.25</ele></trkpt>
      <trkpt lat="-28.271221" lon="-49.617485"><ele>1384</ele></trkpt>
      <trkpt lat="-28.271582" lon="-49.616699"><ele>1385.25</ele></trkpt>
      <trkpt lat="-28.272021" lon="-49.616218"><ele>1382.75</ele></trkpt>
      <trkpt lat="-28.272398" lon="-49.616131"><ele>1377.75</ele></trkpt>
      <trkpt lat="-28.272865" lon="-49.616379"><ele>1374</ele></trkpt>
      <trkpt lat="-28.273063" lon="-49.616528"><ele>1373.5</ele></trkpt>
      <trkpt lat="-28.27321" lon="-49.616939"><ele>1372.75</ele></trkpt>
      <trkpt lat="-28.273698" lon="-49.617629"><ele>1370</ele></trkpt>
      <trkpt lat="-28.274618" lon="-49.618091"><ele>1366.5</ele></trkpt>
      <trkpt lat="-28.27495" lon="-49.618089"><ele>1365.25</ele></trkpt>
      <trkpt lat="-28.275307" lon="-49.61778"><ele>1371.5</ele></trkpt>
      <trkpt lat="-28.275329" lon="-49.616781"><ele>1372.75</ele></trkpt>
      <trkpt lat="-28.275668" lon="-49.616263"><ele>1377.25</ele></trkpt>
      <trkpt lat="-28.275675" lon="-49.615978"><ele>1377</ele></trkpt>
      <trkpt lat="-28.275349" lon="-49.615517"><ele>1376.75</ele></trkpt>
      <trkpt lat="-28.275218" lon="-49.614871"><ele>1381</ele></trkpt>
      <trkpt lat="-28.275254" lon="-49.614714"><ele>1383.5</ele></trkpt>
      <trkpt lat="-28.27555" lon="-49.614472"><ele>1388.25</ele></trkpt>
      <trkpt lat="-28.275746" lon="-49.614416"><ele>1389.5</ele></trkpt>
      <trkpt lat="-28.276251" lon="-49.614513"><ele>1392.75</ele></trkpt>
      <trkpt lat="-28.277223" lon="-49.614424"><ele>1392.5</ele></trkpt>
      <trkpt lat="-28.278114" lon="-49.614156"><ele>1380.75</ele></trkpt>
      <trkpt lat="-28.278578" lon="-49.613833"><ele>1380.75</ele></trkpt>
      <trkpt lat="-28.279288" lon="-49.613817"><ele>1377</ele></trkpt>
      <trkpt lat="-28.280005" lon="-49.613384"><ele>1381.75</ele></trkpt>
      <trkpt lat="-28.280773" lon="-49.613427"><ele>1394.25</ele></trkpt>
      <trkpt lat="-28.281532" lon="-49.613098"><ele>1400.5</ele></trkpt>
      <trkpt lat="-28.281868" lon="-49.613053"><ele>1403</ele></trkpt>
      <trkpt lat="-28.283859" lon="-49.613634"><ele>1406.25</ele></trkpt>
      <trkpt lat="-28.284233" lon="-49.614674"><ele>1417.75</ele></trkpt>
      <trkpt lat="-28.284801" lon="-49.615564"><ele>1423</ele></trkpt>
      <trkpt lat="-28.286991" lon="-49.61838"><ele>1423.75</ele></trkpt>
      <trkpt lat="-28.287459" lon="-49.619141"><ele>1424.5</ele></trkpt>
      <trkpt lat="-28.289614" lon="-49.621079"><ele>1406</ele></trkpt>
      <trkpt lat="-28.29045" lon="-49.621002"><ele>1391.25</ele></trkpt>
      <trkpt lat="-28.291296" lon="-49.621382"><ele>1388.25</ele></trkpt>
      <trkpt lat="-28.291618" lon="-49.621614"><ele>1388.75</ele></trkpt>
      <trkpt lat="-28.292607" lon="-49.623019"><ele>1382.75</ele></trkpt>
      <trkpt lat="-28.293039" lon="-49.624119"><ele>1374</ele></trkpt>
      <trkpt lat="-28.293908" lon="-49.625312"><ele>1369.5</ele></trkpt>
      <trkpt lat="-28.294236" lon="-49.625675"><ele>1364.75</ele></trkpt>
      <trkpt lat="-28.295063" lon="-49.626155"><ele>1361.75</ele></trkpt>
      <trkpt lat="-28.296077" lon="-49.627164"><ele>1362.75</ele></trkpt>
      <trkpt lat="-28.296676" lon="-49.627053"><ele>1366.25</ele></trkpt>
      <trkpt lat="-28.298879" lon="-49.625345"><ele>1370</ele></trkpt>
      <trkpt lat="-28.299966" lon="-49.624607"><ele>1353.5</ele></trkpt>
      <trkpt lat="-28.301817" lon="-49.623565"><ele>1324</ele></trkpt>
      <trkpt lat="-28.302516" lon="-49.623388"><ele>1323</ele></trkpt>
      <trkpt lat="-28.303058" lon="-49.622613"><ele>1318.75</ele></trkpt>
      <trkpt lat="-28.303487" lon="-49.622448"><ele>1316.5</ele></trkpt>
      <trkpt lat="-28.304183" lon="-49.621979"><ele>1312</ele></trkpt>
      <trkpt lat="-28.30557" lon="-49.622147"><ele>1295.75</ele></trkpt>
      <trkpt lat="-28.306112" lon="-49.622302"><ele>1293</ele></trkpt>
      <trkpt lat="-28.306435" lon="-49.622192"><ele>1290.75</ele></trkpt>
      <trkpt lat="-28.306886" lon="-49.621728"><ele>1289.25</ele></trkpt>
      <trkpt lat="-28.306926" lon="-49.621583"><ele>1289.5</ele></trkpt>
      <trkpt lat="-28.306808" lon="-49.620134"><ele>1293.5</ele></trkpt>
      <trkpt lat="-28.306549" lon="-49.618785"><ele>1288</ele></trkpt>
      <trkpt lat="-28.307272" lon="-49.617211"><ele>1277.5</ele></trkpt>
      <trkpt lat="-28.3074" lon="-49.61713"><ele>1277.75</ele></trkpt>
      <trkpt lat="-28.308093" lon="-49.617101"><ele>1278.75</ele></trkpt>
      <trkpt lat="-28.308827" lon="-49.617535"><ele>1277.25</ele></trkpt>
      <trkpt lat="-28.309163" lon="-49.617613"><ele>1278.25</ele></trkpt>
      <trkpt lat="-28.309392" lon="-49.617873"><ele>1277.25</ele></trkpt>
      <trkpt lat="-28.309703" lon="-49.618775"><ele>1278</ele></trkpt>
      <trkpt lat="-28.309864" lon="-49.618986"><ele>1279</ele></trkpt>
      <trkpt lat="-28.310752" lon="-49.618801"><ele>1280.5</ele></trkpt>
      <trkpt lat="-28.310953" lon="-49.618726"><ele>1280.25</ele></trkpt>
      <trkpt lat="-28.311179" lon="-49.618461"><ele>1281</ele></trkpt>
      <trkpt lat="-28.311758" lon="-49.615996"><ele>1299.75</ele></trkpt>
      <trkpt lat="-28.311937" lon="-49.615674"><ele>1301.75</ele></trkpt>
      <trkpt lat="-28.312136" lon="-49.615618"><ele>1303.25</ele></trkpt>
      <trkpt lat="-28.312797" lon="-49.615768"><ele>1307.25</ele></trkpt>
      <trkpt lat="-28.31329" lon="-49.616342"><ele>1307.75</ele></trkpt>
      <trkpt lat="-28.314187" lon="-49.616557"><ele>1307.75</ele></trkpt>
      <trkpt lat="-28.315545" lon="-49.617594"><ele>1307</ele></trkpt>
      <trkpt lat="-28.315857" lon="-49.617611"><ele>1308</ele></trkpt>
      <trkpt lat="-28.316242" lon="-49.617262"><ele>1308</ele></trkpt>
      <trkpt lat="-28.31653" lon="-49.617133"><ele>1307</ele></trkpt>
      <trkpt lat="-28.316879" lon="-49.618099"><ele>1304.25</ele></trkpt>
      <trkpt lat="-28.317328" lon="-49.618673"><ele>1306.75</ele></trkpt>
      <trkpt lat="-28.318572" lon="-49.619236"><ele>1306</ele></trkpt>
      <trkpt lat="-28.319248" lon="-49.619646"><ele>1307.25</ele></trkpt>
      <trkpt lat="-28.319737" lon="-49.62007"><ele>1311.75</ele></trkpt>
      <trkpt lat="-28.319997" lon="-49.620594"><ele>1312</ele></trkpt>
      <trkpt lat="-28.32179" lon="-49.62181"><ele>1307.5</ele></trkpt>
      <trkpt lat="-28.322176" lon="-49.621962"><ele>1308</ele></trkpt>
      <trkpt lat="-28.323576" lon="-49.62234"><ele>1312.5</ele></trkpt>
      <trkpt lat="-28.326083" lon="-49.622353"><ele>1310.25</ele></trkpt>
      <trkpt lat="-28.328711" lon="-49.622498"><ele>1295</ele></trkpt>
      <trkpt lat="-28.328857" lon="-49.622468"><ele>1294</ele></trkpt>
      <trkpt lat="-28.329134" lon="-49.62213"><ele>1288.75</ele></trkpt>
      <trkpt lat="-28.32958" lon="-49.621803"><ele>1278.75</ele></trkpt>
      <trkpt lat="-28.330091" lon="-49.621934"><ele>1274.5</ele></trkpt>
      <trkpt lat="-28.330911" lon="-49.622502"><ele>1273.75</ele></trkpt>
      <trkpt lat="-28.331947" lon="-49.6243"><ele>1264</ele></trkpt>
      <trkpt lat="-28.332131" lon="-49.624877"><ele>1265</ele></trkpt>
      <trkpt lat="-28.332746" lon="-49.625333"><ele>1255.25</ele></trkpt>
      <trkpt lat="-28.333626" lon="-49.626281"><ele>1243.75</ele></trkpt>
      <trkpt lat="-28.334656" lon="-49.628164"><ele>1242.75</ele></trkpt>
      <trkpt lat="-28.335475" lon="-49.628916"><ele>1242.5</ele></trkpt>
      <trkpt lat="-28.336537" lon="-49.629434"><ele>1233.75</ele></trkpt>
      <trkpt lat="-28.337468" lon="-49.630036"><ele>1225.5</ele></trkpt>
      <trkpt lat="-28.337962" lon="-49.629764"><ele>1223</ele></trkpt>
      <trkpt lat="-28.338706" lon="-49.628893"><ele>1223.25</ele></trkpt>
      <trkpt lat="-28.339139" lon="-49.629117"><ele>1223.75</ele></trkpt>
      <trkpt lat="-28.33993" lon="-49.629751"><ele>1229.5</ele></trkpt>
      <trkpt lat="-28.339937" lon="-49.628945"><ele>1231.5</ele></trkpt>
      <trkpt lat="-28.340433" lon="-49.626298"><ele>1238</ele></trkpt>
      <trkpt lat="-28.340338" lon="-49.62363"><ele>1251.75</ele></trkpt>
      <trkpt lat="-28.340488" lon="-49.623208"><ele>1252.25</ele></trkpt>
      <trkpt lat="-28.341085" lon="-49.622124"><ele>1256.25</ele></trkpt>
      <trkpt lat="-28.341225" lon="-49.621608"><ele>1256.75</ele></trkpt>
      <trkpt lat="-28.341182" lon="-49.621052"><ele>1255.75</ele></trkpt>
      <trkpt lat="-28.340638" lon="-49.619809"><ele>1247</ele></trkpt>
      <trkpt lat="-28.340607" lon="-49.619361"><ele>1245.5</ele></trkpt>
      <trkpt lat="-28.340745" lon="-49.61895"><ele>1245</ele></trkpt>
      <trkpt lat="-28.341319" lon="-49.618131"><ele>1241.5</ele></trkpt>
      <trkpt lat="-28.341395" lon="-49.617816"><ele>1240.75</ele></trkpt>
      <trkpt lat="-28.341281" lon="-49.617469"><ele>1239.25</ele></trkpt>
      <trkpt lat="-28.340159" lon="-49.616153"><ele>1251.25</ele></trkpt>
      <trkpt lat="-28.339178" lon="-49.615448"><ele>1249</ele></trkpt>
      <trkpt lat="-28.338925" lon="-49.614958"><ele>1252</ele></trkpt>
      <trkpt lat="-28.338875" lon="-49.614423"><ele>1249.75</ele></trkpt>
      <trkpt lat="-28.338937" lon="-49.614074"><ele>1249.5</ele></trkpt>
      <trkpt lat="-28.339478" lon="-49.61224"><ele>1252</ele></trkpt>
      <trkpt lat="-28.339828" lon="-49.611377"><ele>1255</ele></trkpt>
      <trkpt lat="-28.341642" lon="-49.608461"><ele>1260</ele></trkpt>
      <trkpt lat="-28.343064" lon="-49.604963"><ele>1264.75</ele></trkpt>
      <trkpt lat="-28.344028" lon="-49.603881"><ele>1260.25</ele></trkpt>
      <trkpt lat="-28.344645" lon="-49.602652"><ele>1267.5</ele></trkpt>
      <trkpt lat="-28.344992" lon="-49.602343"><ele>1271</ele></trkpt>
      <trkpt lat="-28.34645" lon="-49.601528"><ele>1283</ele></trkpt>
      <trkpt lat="-28.347687" lon="-49.600407"><ele>1280</ele></trkpt>
      <trkpt lat="-28.351038" lon="-49.596319"><ele>1317.75</ele></trkpt>
      <trkpt lat="-28.354399" lon="-49.591604"><ele>1332.75</ele></trkpt>
      <trkpt lat="-28.3551" lon="-49.591133"><ele>1336.5</ele></trkpt>
      <trkpt lat="-28.356852" lon="-49.590467"><ele>1348.5</ele></trkpt>
      <trkpt lat="-28.360171" lon="-49.590024"><ele>1349.5</ele></trkpt>
      <trkpt lat="-28.360648" lon="-49.589767"><ele>1348.25</ele></trkpt>
      <trkpt lat="-28.361144" lon="-49.589234"><ele>1348.25</ele></trkpt>
      <trkpt lat="-28.361429" lon="-49.588589"><ele>1348</ele></trkpt>
      <trkpt lat="-28.362383" lon="-49.584861"><ele>1374.75</ele></trkpt>
      <trkpt lat="-28.364039" lon="-49.580716"><ele>1403.5</ele></trkpt>
      <trkpt lat="-28.364247" lon="-49.580365"><ele>1403.5</ele></trkpt>
      <trkpt lat="-28.364557" lon="-49.580073"><ele>1405.75</ele></trkpt>
      <trkpt lat="-28.366199" lon="-49.579266"><ele>1418.25</ele></trkpt>
      <trkpt lat="-28.366534" lon="-49.578938"><ele>1421.5</ele></trkpt>
      <trkpt lat="-28.367147" lon="-49.576884"><ele>1417.25</ele></trkpt>
      <trkpt lat="-28.36861" lon="-49.573935"><ele>1402</ele></trkpt>
      <trkpt lat="-28.368989" lon="-49.572254"><ele>1392.25</ele></trkpt>
      <trkpt lat="-28.371595" lon="-49.568092"><ele>1365.25</ele></trkpt>
      <trkpt lat="-28.371741" lon="-49.567684"><ele>1367.5</ele></trkpt>
      <trkpt lat="-28.371816" lon="-49.567113"><ele>1371.5</ele></trkpt>
      <trkpt lat="-28.371901" lon="-49.564368"><ele>1374.75</ele></trkpt>
      <trkpt lat="-28.371995" lon="-49.563998"><ele>1374</ele></trkpt>
      <trkpt lat="-28.372194" lon="-49.563687"><ele>1374</ele></trkpt>
      <trkpt lat="-28.375285" lon="-49.560549"><ele>1390</ele></trkpt>
      <trkpt lat="-28.375801" lon="-49.560161"><ele>1390</ele></trkpt>
      <trkpt lat="-28.378458" lon="-49.55864"><ele>1402</ele></trkpt>
      <trkpt lat="-28.380043" lon="-49.557378"><ele>1413.75</ele></trkpt>
      <trkpt lat="-28.382261" lon="-49.555398"><ele>1425.75</ele></trkpt>
      <trkpt lat="-28.382579" lon="-49.555277"><ele>1426.25</ele></trkpt>
      <trkpt lat="-28.385744" lon="-49.554825"><ele>1443</ele></trkpt>
      <trkpt lat="-28.38813" lon="-49.552976"><ele>1435.5</ele></trkpt>
      <trkpt lat="-28.394275" lon="-49.549778"><ele>1417.25</ele></trkpt>
      <trkpt lat="-28.394716" lon="-49.549713"><ele>1410.75</ele></trkpt>
      <trkpt lat="-28.395183" lon="-49.549971"><ele>1409</ele></trkpt>
      <trkpt lat="-28.396727" lon="-49.551785"><ele>1416.25</ele></trkpt>
      <trkpt lat="-28.39703" lon="-49.551988"><ele>1416.5</ele></trkpt>
      <trkpt lat="-28.400496" lon="-49.552983"><ele>1407.75</ele></trkpt>
      <trkpt lat="-28.400794" lon="-49.552949"><ele>1407.5</ele></trkpt>
      <trkpt lat="-28.401009" lon="-49.552766"><ele>1407.25</ele></trkpt>
      <trkpt lat="-28.401824" lon="-49.551252"><ele>1405.75</ele></trkpt>
      <trkpt lat="-28.401829" lon="-49.550948"><ele>1403.75</ele></trkpt>
      <trkpt lat="-28.401589" lon="-49.550412"><ele>1398.5</ele></trkpt>
      <trkpt lat="-28.401035" lon="-49.549893"><ele>1395.25</ele></trkpt>
      <trkpt lat="-28.400604" lon="-49.550061"><ele>1390.5</ele></trkpt>
      <trkpt lat="-28.40016" lon="-49.550105"><ele>1381</ele></trkpt>
      <trkpt lat="-28.400035" lon="-49.5502"><ele>1378.75</ele></trkpt>
      <trkpt lat="-28.399857" lon="-49.550565"><ele>1373.25</ele></trkpt>
      <trkpt lat="-28.39985" lon="-49.551212"><ele>1381</ele></trkpt>
      <trkpt lat="-28.3997" lon="-49.551351"><ele>1381.5</ele></trkpt>
      <trkpt lat="-28.398415" lon="-49.550765"><ele>1362.5</ele></trkpt>
      <trkpt lat="-28.398503" lon="-49.550676"><ele>1354.5</ele></trkpt>
      <trkpt lat="-28.399286" lon="-49.550868"><ele>1356.75</ele></trkpt>
      <trkpt lat="-28.399419" lon="-49.550806"><ele>1359.25</ele></trkpt>
      <trkpt lat="-28.39937" lon="-49.550708"><ele>1355.25</ele></trkpt>
      <trkpt lat="-28.398937" lon="-49.550645"><ele>1347.5</ele></trkpt>
      <trkpt lat="-28.398291" lon="-49.550367"><ele>1331.75</ele></trkpt>
      <trkpt lat="-28.398899" lon="-49.550424"><ele>1337.5</ele></trkpt>
      <trkpt lat="-28.399204" lon="-49.550185"><ele>1333.5</ele></trkpt>
      <trkpt lat="-28.399254" lon="-49.549774"><ele>1331.75</ele></trkpt>
      <trkpt lat="-28.399173" lon="-49.549642"><ele>1326.75</ele></trkpt>
      <trkpt lat="-28.398998" lon="-49.550097"><ele>1324.5</ele></trkpt>
      <trkpt lat="-28.398467" lon="-49.550118"><ele>1312.25</ele></trkpt>
      <trkpt lat="-28.39839" lon="-49.550034"><ele>1303.5</ele></trkpt>
      <trkpt lat="-28.398726" lon="-49.549993"><ele>1311.25</ele></trkpt>
      <trkpt lat="-28.398853" lon="-49.549879"><ele>1312.75</ele></trkpt>
      <trkpt lat="-28.39887" lon="-49.549722"><ele>1309.5</ele></trkpt>
      <trkpt lat="-28.398682" lon="-49.54933"><ele>1283.5</ele></trkpt>
      <trkpt lat="-28.398682" lon="-49.549024"><ele>1275</ele></trkpt>
      <trkpt lat="-28.3992" lon="-49.548232"><ele>1321.75</ele></trkpt>
      <trkpt lat="-28.399174" lon="-49.548065"><ele>1324</ele></trkpt>
      <trkpt lat="-28.399077" lon="-49.548085"><ele>1313</ele></trkpt>
      <trkpt lat="-28.398874" lon="-49.548514"><ele>1288.5</ele></trkpt>
      <trkpt lat="-28.398683" lon="-49.54871"><ele>1271.25</ele></trkpt>
      <trkpt lat="-28.398497" lon="-49.549272"><ele>1263.75</ele></trkpt>
      <trkpt lat="-28.398337" lon="-49.549484"><ele>1262.75</ele></trkpt>
      <trkpt lat="-28.396715" lon="-49.548933"><ele>1247.5</ele></trkpt>
      <trkpt lat="-28.395967" lon="-49.548271"><ele>1214</ele></trkpt>
      <trkpt lat="-28.395494" lon="-49.548342"><ele>1269</ele></trkpt>
      <trkpt lat="-28.395357" lon="-49.548265"><ele>1278</ele></trkpt>
      <trkpt lat="-28.395415" lon="-49.548185"><ele>1262.5</ele></trkpt>
      <trkpt lat="-28.395668" lon="-49.548221"><ele>1236.25</ele></trkpt>
      <trkpt lat="-28.396063" lon="-49.548084"><ele>1196.25</ele></trkpt>
      <trkpt lat="-28.396617" lon="-49.548449"><ele>1200.5</ele></trkpt>
      <trkpt lat="-28.397198" lon="-49.548523"><ele>1196.25</ele></trkpt>
      <trkpt lat="-28.397775" lon="-49.5483"><ele>1193.75</ele></trkpt>
      <trkpt lat="-28.397822" lon="-49.548155"><ele>1193.75</ele></trkpt>
      <trkpt lat="-28.397646" lon="-49.547287"><ele>1165.5</ele></trkpt>
      <trkpt lat="-28.397676" lon="-49.546767"><ele>1174</ele></trkpt>
      <trkpt lat="-28.397604" lon="-49.546683"><ele>1164.5</ele></trkpt>
      <trkpt lat="-28.397384" lon="-49.546651"><ele>1141.25</ele></trkpt>
      <trkpt lat="-28.397313" lon="-49.546541"><ele>1137.5</ele></trkpt>
      <trkpt lat="-28.39752" lon="-49.545686"><ele>1174.5</ele></trkpt>
      <trkpt lat="-28.397453" lon="-49.545579"><ele>1172.25</ele></trkpt>
      <trkpt lat="-28.397341" lon="-49.545657"><ele>1157.75</ele></trkpt>
      <trkpt lat="-28.397182" lon="-49.546321"><ele>1129.5</ele></trkpt>
      <trkpt lat="-28.397184" lon="-49.546566"><ele>1127</ele></trkpt>
      <trkpt lat="-28.397317" lon="-49.546942"><ele>1139.25</ele></trkpt>
      <trkpt lat="-28.397194" lon="-49.547466"><ele>1142.5</ele></trkpt>
      <trkpt lat="-28.397011" lon="-49.547514"><ele>1140</ele></trkpt>
      <trkpt lat="-28.396679" lon="-49.547282"><ele>1120.5</ele></trkpt>
      <trkpt lat="-28.396117" lon="-49.54708"><ele>1123</ele></trkpt>
      <trkpt lat="-28.396234" lon="-49.546988"><ele>1114</ele></trkpt>
      <trkpt lat="-28.396813" lon="-49.547071"><ele>1116</ele></trkpt>
      <trkpt lat="-28.396936" lon="-49.546896"><ele>1115.75</ele></trkpt>
      <trkpt lat="-28.396269" lon="-49.544874"><ele>1077.5</ele></trkpt>
      <trkpt lat="-28.396162" lon="-49.543977"><ele>1079.75</ele></trkpt>
      <trkpt lat="-28.395854" lon="-49.543564"><ele>1039.75</ele></trkpt>
      <trkpt lat="-28.395735" lon="-49.541947"><ele>1029.75</ele></trkpt>
      <trkpt lat="-28.395617" lon="-49.541953"><ele>1019</ele></trkpt>
      <trkpt lat="-28.395585" lon="-49.542043"><ele>1018</ele></trkpt>
      <trkpt lat="-28.395665" lon="-49.542923"><ele>1030.25</ele></trkpt>
      <trkpt lat="-28.395596" lon="-49.54372"><ele>1016.5</ele></trkpt>
      <trkpt lat="-28.395672" lon="-49.54437"><ele>1021.75</ele></trkpt>
      <trkpt lat="-28.395574" lon="-49.544713"><ele>1018.5</ele></trkpt>
      <trkpt lat="-28.395416" lon="-49.544685"><ele>1011.25</ele></trkpt>
      <trkpt lat="-28.395386" lon="-49.543005"><ele>1000.5</ele></trkpt>
      <trkpt lat="-28.39511" lon="-49.541599"><ele>971.25</ele></trkpt>
      <trkpt lat="-28.395537" lon="-49.541212"><ele>1002</ele></trkpt>
      <trkpt lat="-28.39561" lon="-49.540898"><ele>1005</ele></trkpt>
      <trkpt lat="-28.394891" lon="-49.54053"><ele>958</ele></trkpt>
      <trkpt lat="-28.394755" lon="-49.540221"><ele>956.25</ele></trkpt>
      <trkpt lat="-28.39442" lon="-49.539954"><ele>938.25</ele></trkpt>
      <trkpt lat="-28.394592" lon="-49.539403"><ele>964.25</ele></trkpt>
      <trkpt lat="-28.394235" lon="-49.539054"><ele>944.75</ele></trkpt>
      <trkpt lat="-28.394232" lon="-49.538579"><ele>955.25</ele></trkpt>
      <trkpt lat="-28.393946" lon="-49.538432"><ele>934.75</ele></trkpt>
      <trkpt lat="-28.393659" lon="-49.538082"><ele>921.25</ele></trkpt>
      <trkpt lat="-28.393645" lon="-49.537171"><ele>944</ele></trkpt>
      <trkpt lat="-28.393472" lon="-49.537087"><ele>932.75</ele></trkpt>
      <trkpt lat="-28.393048" lon="-49.537118"><ele>897</ele></trkpt>
      <trkpt lat="-28.392938" lon="-49.537032"><ele>889.75</ele></trkpt>
      <trkpt lat="-28.392909" lon="-49.536421"><ele>897.25</ele></trkpt>
      <trkpt lat="-28.393087" lon="-49.535057"><ele>920.75</ele></trkpt>
      <trkpt lat="-28.392833" lon="-49.534866"><ele>895</ele></trkpt>
      <trkpt lat="-28.39263" lon="-49.533978"><ele>897</ele></trkpt>
      <trkpt lat="-28.392363" lon="-49.533337"><ele>898.25</ele></trkpt>
      <trkpt lat="-28.391883" lon="-49.532914"><ele>851</ele></trkpt>
      <trkpt lat="-28.39165" lon="-49.532601"><ele>833</ele></trkpt>
      <trkpt lat="-28.391578" lon="-49.531793"><ele>842.25</ele></trkpt>
      <trkpt lat="-28.391645" lon="-49.531519"><ele>847.25</ele></trkpt>
      <trkpt lat="-28.392099" lon="-49.530787"><ele>879.5</ele></trkpt>
      <trkpt lat="-28.392211" lon="-49.529481"><ele>837.5</ele></trkpt>
      <trkpt lat="-28.392085" lon="-49.528821"><ele>793.25</ele></trkpt>
      <trkpt lat="-28.392262" lon="-49.528234"><ele>778</ele></trkpt>
      <trkpt lat="-28.392562" lon="-49.528318"><ele>798.75</ele></trkpt>
      <trkpt lat="-28.393405" lon="-49.528915"><ele>816.25</ele></trkpt>
      <trkpt lat="-28.393769" lon="-49.528776"><ele>804.5</ele></trkpt>
      <trkpt lat="-28.39397" lon="-49.528346"><ele>774</ele></trkpt>
      <trkpt lat="-28.394175" lon="-49.528394"><ele>776</ele></trkpt>
      <trkpt lat="-28.395013" lon="-49.529089"><ele>804.25</ele></trkpt>
      <trkpt lat="-28.395187" lon="-49.529003"><ele>813.25</ele></trkpt>
      <trkpt lat="-28.395212" lon="-49.528699"><ele>809.5</ele></trkpt>
      <trkpt lat="-28.395012" lon="-49.527841"><ele>801.75</ele></trkpt>
      <trkpt lat="-28.394189" lon="-49.526907"><ele>759.25</ele></trkpt>
      <trkpt lat="-28.393249" lon="-49.524705"><ele>749</ele></trkpt>
      <trkpt lat="-28.392859" lon="-49.524187"><ele>740</ele></trkpt>
      <trkpt lat="-28.392622" lon="-49.523222"><ele>729.25</ele></trkpt>
      <trkpt lat="-28.392723" lon="-49.522433"><ele>738.5</ele></trkpt>
      <trkpt lat="-28.392293" lon="-49.521534"><ele>711.25</ele></trkpt>
      <trkpt lat="-28.392173" lon="-49.520749"><ele>711</ele></trkpt>
      <trkpt lat="-28.391625" lon="-49.519994"><ele>703</ele></trkpt>
      <trkpt lat="-28.390882" lon="-49.517372"><ele>704.75</ele></trkpt>
      <trkpt lat="-28.390754" lon="-49.517125"><ele>703.25</ele></trkpt>
      <trkpt lat="-28.390308" lon="-49.516723"><ele>692.25</ele></trkpt>
      <trkpt lat="-28.390183" lon="-49.516468"><ele>687.25</ele></trkpt>
      <trkpt lat="-28.390162" lon="-49.516256"><ele>685</ele></trkpt>
      <trkpt lat="-28.390335" lon="-49.515574"><ele>693.5</ele></trkpt>
      <trkpt lat="-28.390134" lon="-49.515162"><ele>683.75</ele></trkpt>
      <trkpt lat="-28.390136" lon="-49.514444"><ele>701.5</ele></trkpt>
      <trkpt lat="-28.389486" lon="-49.514177"><ele>683.25</ele></trkpt>
      <trkpt lat="-28.389095" lon="-49.514113"><ele>670</ele></trkpt>
      <trkpt lat="-28.389014" lon="-49.51402"><ele>668.5</ele></trkpt>
      <trkpt lat="-28.388833" lon="-49.512858"><ele>680.75</ele></trkpt>
      <trkpt lat="-28.388425" lon="-49.512589"><ele>667.75</ele></trkpt>
      <trkpt lat="-28.388451" lon="-49.512347"><ele>667</ele></trkpt>
      <trkpt lat="-28.388808" lon="-49.512086"><ele>678.75</ele></trkpt>
      <trkpt lat="-28.388936" lon="-49.5119"><ele>682</ele></trkpt>
      <trkpt lat="-28.388962" lon="-49.511325"><ele>671.5</ele></trkpt>
      <trkpt lat="-28.389128" lon="-49.510639"><ele>670.75</ele></trkpt>
      <trkpt lat="-28.388968" lon="-49.510055"><ele>668.25</ele></trkpt>
      <trkpt lat="-28.388806" lon="-49.509898"><ele>663.5</ele></trkpt>
      <trkpt lat="-28.388672" lon="-49.50984"><ele>659.25</ele></trkpt>
      <trkpt lat="-28.388292" lon="-49.509874"><ele>643</ele></trkpt>
      <trkpt lat="-28.388082" lon="-49.50971"><ele>632.75</ele></trkpt>
      <trkpt lat="-28.387948" lon="-49.509273"><ele>630.5</ele></trkpt>
      <trkpt lat="-28.387999" lon="-49.508645"><ele>625.25</ele></trkpt>
      <trkpt lat="-28.388167" lon="-49.508424"><ele>631</ele></trkpt>
      <trkpt lat="-28.388548" lon="-49.50825"><ele>646</ele></trkpt>
      <trkpt lat="-28.388772" lon="-49.507326"><ele>629.5</ele></trkpt>
      <trkpt lat="-28.388665" lon="-49.506887"><ele>613</ele></trkpt>
      <trkpt lat="-28.388788" lon="-49.506554"><ele>606.5</ele></trkpt>
      <trkpt lat="-28.388923" lon="-49.506458"><ele>606.25</ele></trkpt>
      <trkpt lat="-28.389269" lon="-49.506435"><ele>606</ele></trkpt>
      <trkpt lat="-28.389333" lon="-49.506286"><ele>598.25</ele></trkpt>
      <trkpt lat="-28.389144" lon="-49.505454"><ele>589.75</ele></trkpt>
      <trkpt lat="-28.388783" lon="-49.504736"><ele>584</ele></trkpt>
      <trkpt lat="-28.388736" lon="-49.504127"><ele>582.75</ele></trkpt>
      <trkpt lat="-28.388599" lon="-49.504001"><ele>581.75</ele></trkpt>
      <trkpt lat="-28.38812" lon="-49.503925"><ele>578</ele></trkpt>
      <trkpt lat="-28.387938" lon="-49.503792"><ele>574.5</ele></trkpt>
      <trkpt lat="-28.387905" lon="-49.503617"><ele>575.25</ele></trkpt>
      <trkpt lat="-28.388015" lon="-49.503141"><ele>579</ele></trkpt>
      <trkpt lat="-28.387927" lon="-49.502901"><ele>579</ele></trkpt>
      <trkpt lat="-28.387018" lon="-49.502511"><ele>581</ele></trkpt>
      <trkpt lat="-28.387034" lon="-49.502334"><ele>579</ele></trkpt>
      <trkpt lat="-28.387351" lon="-49.501743"><ele>580</ele></trkpt>
      <trkpt lat="-28.387252" lon="-49.500794"><ele>585.5</ele></trkpt>
      <trkpt lat="-28.387056" lon="-49.500635"><ele>581.25</ele></trkpt>
      <trkpt lat="-28.386361" lon="-49.500662"><ele>561</ele></trkpt>
      <trkpt lat="-28.38619" lon="-49.500562"><ele>557.75</ele></trkpt>
      <trkpt lat="-28.386057" lon="-49.500301"><ele>557</ele></trkpt>
      <trkpt lat="-28.386043" lon="-49.500123"><ele>558.5</ele></trkpt>
      <trkpt lat="-28.386147" lon="-49.499876"><ele>559.75</ele></trkpt>
      <trkpt lat="-28.386706" lon="-49.49973"><ele>570</ele></trkpt>
      <trkpt lat="-28.386924" lon="-49.499532"><ele>573.75</ele></trkpt>
      <trkpt lat="-28.386927" lon="-49.499067"><ele>564.25</ele></trkpt>
      <trkpt lat="-28.387249" lon="-49.498709"><ele>568.5</ele></trkpt>
      <trkpt lat="-28.387498" lon="-49.498016"><ele>573</ele></trkpt>
      <trkpt lat="-28.387421" lon="-49.497817"><ele>573.25</ele></trkpt>
      <trkpt lat="-28.386741" lon="-49.497672"><ele>554.75</ele></trkpt>
      <trkpt lat="-28.386581" lon="-49.497486"><ele>553.75</ele></trkpt>
      <trkpt lat="-28.386586" lon="-49.497109"><ele>552.75</ele></trkpt>
      <trkpt lat="-28.386938" lon="-49.496605"><ele>565.25</ele></trkpt>
      <trkpt lat="-28.386891" lon="-49.496374"><ele>568.25</ele></trkpt>
      <trkpt lat="-28.386746" lon="-49.496298"><ele>565.5</ele></trkpt>
      <trkpt lat="-28.386364" lon="-49.496289"><ele>553</ele></trkpt>
      <trkpt lat="-28.386231" lon="-49.496172"><ele>550.25</ele></trkpt>
      <trkpt lat="-28.386101" lon="-49.495403"><ele>561.25</ele></trkpt>
      <trkpt lat="-28.38543" lon="-49.495539"><ele>532</ele></trkpt>
      <trkpt lat="-28.3853" lon="-49.495405"><ele>529.25</ele></trkpt>
      <trkpt lat="-28.385214" lon="-49.495116"><ele>530.25</ele></trkpt>
      <trkpt lat="-28.385313" lon="-49.494481"><ele>528.75</ele></trkpt>
      <trkpt lat="-28.385572" lon="-49.493919"><ele>525.75</ele></trkpt>
      <trkpt lat="-28.385813" lon="-49.493745"><ele>528.5</ele></trkpt>
      <trkpt lat="-28.386349" lon="-49.493625"><ele>535</ele></trkpt>
      <trkpt lat="-28.386706" lon="-49.493412"><ele>535.25</ele></trkpt>
      <trkpt lat="-28.386792" lon="-49.493257"><ele>535.25</ele></trkpt>
      <trkpt lat="-28.38636" lon="-49.492598"><ele>522.25</ele></trkpt>
      <trkpt lat="-28.386406" lon="-49.490005"><ele>508</ele></trkpt>
      <trkpt lat="-28.386146" lon="-49.489229"><ele>500.75</ele></trkpt>
      <trkpt lat="-28.386197" lon="-49.488304"><ele>508.25</ele></trkpt>
      <trkpt lat="-28.386006" lon="-49.487558"><ele>504.25</ele></trkpt>
      <trkpt lat="-28.386035" lon="-49.48674"><ele>507.25</ele></trkpt>
      <trkpt lat="-28.385747" lon="-49.485942"><ele>495</ele></trkpt>
      <trkpt lat="-28.385207" lon="-49.485527"><ele>486.5</ele></trkpt>
      <trkpt lat="-28.385103" lon="-49.484491"><ele>480.75</ele></trkpt>
      <trkpt lat="-28.385225" lon="-49.484162"><ele>479.5</ele></trkpt>
      <trkpt lat="-28.385626" lon="-49.483753"><ele>477.75</ele></trkpt>
      <trkpt lat="-28.385763" lon="-49.483703"><ele>479.25</ele></trkpt>
      <trkpt lat="-28.38621" lon="-49.483757"><ele>487.5</ele></trkpt>
      <trkpt lat="-28.386358" lon="-49.48362"><ele>487.25</ele></trkpt>
      <trkpt lat="-28.38635" lon="-49.483444"><ele>484</ele></trkpt>
      <trkpt lat="-28.385783" lon="-49.482539"><ele>472.75</ele></trkpt>
      <trkpt lat="-28.385419" lon="-49.482343"><ele>465.25</ele></trkpt>
      <trkpt lat="-28.385253" lon="-49.482117"><ele>462.75</ele></trkpt>
      <trkpt lat="-28.385222" lon="-49.481841"><ele>463.5</ele></trkpt>
      <trkpt lat="-28.385504" lon="-49.481247"><ele>461.25</ele></trkpt>
      <trkpt lat="-28.385593" lon="-49.480641"><ele>452.75</ele></trkpt>
      <trkpt lat="-28.385775" lon="-49.480467"><ele>450.25</ele></trkpt>
      <trkpt lat="-28.386241" lon="-49.480408"><ele>449.75</ele></trkpt>
      <trkpt lat="-28.386404" lon="-49.480483"><ele>450.5</ele></trkpt>
      <trkpt lat="-28.386724" lon="-49.480834"><ele>452.25</ele></trkpt>
      <trkpt lat="-28.386971" lon="-49.480915"><ele>454.25</ele></trkpt>
      <trkpt lat="-28.387192" lon="-49.480645"><ele>456.25</ele></trkpt>
      <trkpt lat="-28.387158" lon="-49.480336"><ele>458.75</ele></trkpt>
      <trkpt lat="-28.386622" lon="-49.479288"><ele>454.5</ele></trkpt>
      <trkpt lat="-28.386359" lon="-49.477922"><ele>436</ele></trkpt>
      <trkpt lat="-28.385725" lon="-49.477449"><ele>427.5</ele></trkpt>
      <trkpt lat="-28.385637" lon="-49.477103"><ele>425.75</ele></trkpt>
      <trkpt lat="-28.385697" lon="-49.476192"><ele>422.25</ele></trkpt>
      <trkpt lat="-28.386097" lon="-49.474761"><ele>421.75</ele></trkpt>
      <trkpt lat="-28.386103" lon="-49.474123"><ele>423.75</ele></trkpt>
      <trkpt lat="-28.385842" lon="-49.473384"><ele>422</ele></trkpt>
      <trkpt lat="-28.385845" lon="-49.473021"><ele>420.5</ele></trkpt>
      <trkpt lat="-28.386733" lon="-49.471651"><ele>413.75</ele></trkpt>
      <trkpt lat="-28.386906" lon="-49.471202"><ele>412.75</ele></trkpt>
      <trkpt lat="-28.386759" lon="-49.469962"><ele>411.5</ele></trkpt>
      <trkpt lat="-28.386429" lon="-49.468591"><ele>403.75</ele></trkpt>
      <trkpt lat="-28.386504" lon="-49.468368"><ele>402.25</ele></trkpt>
      <trkpt lat="-28.387053" lon="-49.467794"><ele>393</ele></trkpt>
      <trkpt lat="-28.387165" lon="-49.467581"><ele>390.75</ele></trkpt>
      <trkpt lat="-28.38723" lon="-49.467345"><ele>390</ele></trkpt>
      <trkpt lat="-28.387213" lon="-49.466785"><ele>390</ele></trkpt>
      <trkpt lat="-28.386654" lon="-49.465767"><ele>396</ele></trkpt>
      <trkpt lat="-28.385699" lon="-49.464945"><ele>389.25</ele></trkpt>
      <trkpt lat="-28.385307" lon="-49.464152"><ele>391.75</ele></trkpt>
      <trkpt lat="-28.384831" lon="-49.463697"><ele>393.75</ele></trkpt>
      <trkpt lat="-28.384463" lon="-49.463209"><ele>396</ele></trkpt>
      <trkpt lat="-28.384066" lon="-49.461722"><ele>386.25</ele></trkpt>
      <trkpt lat="-28.383953" lon="-49.460273"><ele>377.25</ele></trkpt>
      <trkpt lat="-28.383838" lon="-49.459905"><ele>374.5</ele></trkpt>
      <trkpt lat="-28.382875" lon="-49.459545"><ele>377</ele></trkpt>
      <trkpt lat="-28.382338" lon="-49.459016"><ele>372.5</ele></trkpt>
      <trkpt lat="-28.381602" lon="-49.458955"><ele>358.75</ele></trkpt>
      <trkpt lat="-28.381334" lon="-49.458812"><ele>352</ele></trkpt>
      <trkpt lat="-28.381206" lon="-49.458625"><ele>349</ele></trkpt>
      <trkpt lat="-28.380878" lon="-49.45764"><ele>346</ele></trkpt>
      <trkpt lat="-28.380719" lon="-49.457433"><ele>346</ele></trkpt>
      <trkpt lat="-28.379483" lon="-49.456777"><ele>349.25</ele></trkpt>
      <trkpt lat="-28.379065" lon="-49.456394"><ele>352.75</ele></trkpt>
      <trkpt lat="-28.377009" lon="-49.451748"><ele>362</ele></trkpt>
      <trkpt lat="-28.376794" lon="-49.450746"><ele>365.25</ele></trkpt>
      <trkpt lat="-28.376836" lon="-49.450081"><ele>359.5</ele></trkpt>
      <trkpt lat="-28.377221" lon="-49.447698"><ele>348.25</ele></trkpt>
      <trkpt lat="-28.37769" lon="-49.446051"><ele>344.25</ele></trkpt>
      <trkpt lat="-28.377857" lon="-49.444815"><ele>340</ele></trkpt>
      <trkpt lat="-28.378411" lon="-49.444032"><ele>337.75</ele></trkpt>
      <trkpt lat="-28.380393" lon="-49.441919"><ele>342.75</ele></trkpt>
      <trkpt lat="-28.380776" lon="-49.441411"><ele>346</ele></trkpt>
      <trkpt lat="-28.381343" lon="-49.439597"><ele>341.75</ele></trkpt>
      <trkpt lat="-28.381209" lon="-49.437741"><ele>340</ele></trkpt>
      <trkpt lat="-28.381312" lon="-49.437346"><ele>343</ele></trkpt>
      <trkpt lat="-28.381971" lon="-49.436755"><ele>351</ele></trkpt>
      <trkpt lat="-28.382838" lon="-49.435755"><ele>352.25</ele></trkpt>
      <trkpt lat="-28.383833" lon="-49.434772"><ele>352.5</ele></trkpt>
      <trkpt lat="-28.38449" lon="-49.433762"><ele>353.75</ele></trkpt>
      <trkpt lat="-28.38485" lon="-49.432975"><ele>351</ele></trkpt>
      <trkpt lat="-28.384892" lon="-49.431367"><ele>348.25</ele></trkpt>
      <trkpt lat="-28.385383" lon="-49.430144"><ele>350.25</ele></trkpt>
      <trkpt lat="-28.385378" lon="-49.429964"><ele>350</ele></trkpt>
      <trkpt lat="-28.384741" lon="-49.429071"><ele>350.5</ele></trkpt>
      <trkpt lat="-28.384426" lon="-49.428263"><ele>351</ele></trkpt>
      <trkpt lat="-28.384325" lon="-49.427647"><ele>348.5</ele></trkpt>
      <trkpt lat="-28.384506" lon="-49.426806"><ele>348.5</ele></trkpt>
      <trkpt lat="-28.384618" lon="-49.426559"><ele>348.75</ele></trkpt>
      <trkpt lat="-28.384828" lon="-49.426358"><ele>348.25</ele></trkpt>
      <trkpt lat="-28.385137" lon="-49.426288"><ele>346</ele></trkpt>
      <trkpt lat="-28.385927" lon="-49.426269"><ele>340.75</ele></trkpt>
      <trkpt lat="-28.386653" lon="-49.426402"><ele>341</ele></trkpt>
      <trkpt lat="-28.387093" lon="-49.426268"><ele>342.25</ele></trkpt>
      <trkpt lat="-28.388032" lon="-49.425182"><ele>333.25</ele></trkpt>
      <trkpt lat="-28.388194" lon="-49.42487"><ele>332.25</ele></trkpt>
      <trkpt lat="-28.388182" lon="-49.424282"><ele>334.75</ele></trkpt>
      <trkpt lat="-28.387785" lon="-49.423175"><ele>339</ele></trkpt>
      <trkpt lat="-28.387748" lon="-49.422504"><ele>342.25</ele></trkpt>
      <trkpt lat="-28.387873" lon="-49.42212"><ele>341.25</ele></trkpt>
      <trkpt lat="-28.389285" lon="-49.419437"><ele>339</ele></trkpt>
      <trkpt lat="-28.389382" lon="-49.418625"><ele>336</ele></trkpt>
      <trkpt lat="-28.389288" lon="-49.417537"><ele>335.5</ele></trkpt>
      <trkpt lat="-28.389388" lon="-49.416938"><ele>338.25</ele></trkpt>
      <trkpt lat="-28.389739" lon="-49.416316"><ele>336.25</ele></trkpt>
      <trkpt lat="-28.390475" lon="-49.415525"><ele>322.75</ele></trkpt>
      <trkpt lat="-28.390627" lon="-49.415268"><ele>320</ele></trkpt>
      <trkpt lat="-28.390594" lon="-49.41381"><ele>309.5</ele></trkpt>
      <trkpt lat="-28.390964" lon="-49.412394"><ele>298</ele></trkpt>
      <trkpt lat="-28.390947" lon="-49.412049"><ele>302</ele></trkpt>
      <trkpt lat="-28.390831" lon="-49.411891"><ele>303.25</ele></trkpt>
      <trkpt lat="-28.390286" lon="-49.411781"><ele>291</ele></trkpt>
      <trkpt lat="-28.390079" lon="-49.411465"><ele>285</ele></trkpt>
      <trkpt lat="-28.390041" lon="-49.410855"><ele>280.5</ele></trkpt>
      <trkpt lat="-28.39042" lon="-49.410219"><ele>285.5</ele></trkpt>
      <trkpt lat="-28.390537" lon="-49.409864"><ele>287.25</ele></trkpt>
      <trkpt lat="-28.390508" lon="-49.409681"><ele>285.75</ele></trkpt>
      <trkpt lat="-28.389931" lon="-49.408784"><ele>266.75</ele></trkpt>
      <trkpt lat="-28.389828" lon="-49.408338"><ele>266</ele></trkpt>
      <trkpt lat="-28.389875" lon="-49.408069"><ele>262.25</ele></trkpt>
      <trkpt lat="-28.392734" lon="-49.403566"><ele>233.75</ele></trkpt>
      <trkpt lat="-28.393079" lon="-49.40339"><ele>231.25</ele></trkpt>
      <trkpt lat="-28.394222" lon="-49.402513"><ele>214.5</ele></trkpt>
      <trkpt lat="-28.395004" lon="-49.401434"><ele>210</ele></trkpt>
      <trkpt lat="-28.395291" lon="-49.400962"><ele>216.5</ele></trkpt>
      <trkpt lat="-28.395938" lon="-49.399039"><ele>206</ele></trkpt>
    </trkseg>
  </trk>
</gpx>