<?xml version="1.0" encoding="UTF-8"?>
<gpx version="1.1" creator="DMD HUB GPX Planner"
     xmlns="http://www.topografix.com/GPX/1/1"
     xmlns:xsi="https://www.w3.org/2001/XMLSchema-instance"
     xmlns:rumo="https://www.rumoadventures.com/xmlschemas/GpxExtensions/v1"
     xmlns:gpxx="https://www.garmin.com/xmlschemas/GpxExtensions/v3"
     xmlns:dmd="https://dmdnavigation.com/ns/gpx/1"
     xsi:schemaLocation="http://www.topografix.com/GPX/1/1 http://www.topografix.com/GPX/1/1/gpx.xsd https://www.rumoadventures.com/xmlschemas/GpxExtensions/v1 https://www.rumoadventures.com/xmlschemas/GpxExtensions/v1.xsd https://www.garmin.com/xmlschemas/GpxExtensions/v3 https://www8.garmin.com/xmlschemas/GpxExtensionsv3.xsd https://dmdnavigation.com/ns/gpx/1 https://dmdnavigation.com/ns/gpx/1/dmd-gpx-1.xsd">
  <metadata>
    <name>Circuito Doutor Pedrinho e Rio dos Cedros</name>
    <desc>Circuito de Doutor Pedrinho ao Rio dos Cedros passando por 2 monumentos da Rota Biker, Laje do Pires, Barragem Rio Bonito, Barragem do Pinhal e outros.</desc>
    <author>
      <name>Victor Mendonça</name>
      <email id="victorbrca" domain="gmail.com"/>
      <link href="https://linktr.ee/victor_mendonca">
        <text>Victor Mendonça</text>
      </link>
    </author>
    <link href="https://linktr.ee/victor_mendonca"/>
    <keywords>Brazil</keywords>
    <time>2026-04-20T21:02:44Z</time>
    <bounds minlat="-26.793598" minlon="-49.579978" maxlat="-26.440732" maxlon="-49.279100" />
  </metadata>
  <wpt lat="-26.672202398979" lon="-49.321278645778">
    <name>Rota Biker Café</name>
    <sym>Bar</sym>
  </wpt>
  <wpt lat="-26.625408718507" lon="-49.516479433408">
    <name>Container da Serra</name>
    <sym>Bar</sym>
  </wpt>
  <wpt lat="-26.640007" lon="-49.45499">
    <name>Travessia de Rio</name>
    <sym>Water Crossing</sym>
  </wpt>
  <wpt lat="-26.630146167921" lon="-49.477415209993">
    <name>Travessia de Rio</name>
    <sym>Water Crossing</sym>
  </wpt>
  <wpt lat="-26.618586" lon="-49.403743">
    <name>Parque</name>
    <sym>Park</sym>
  </wpt>
  <wpt lat="-26.623963064018" lon="-49.517815916911">
    <name>Desvio</name>
    <sym>default</sym>
  </wpt>
  <wpt lat="-26.614240906328" lon="-49.53029450376">
    <name>Desvio</name>
    <sym>default</sym>
  </wpt>
  <wpt lat="-26.45945458456" lon="-49.533896218382">
    <name>Lage dos Pires</name>
    <sym>Scenic Area</sym>
  </wpt>
  <wpt lat="-26.650663090199" lon="-49.523310874433">
    <name>Cachoeira Véu de Noiva</name>
    <sym>Scenic</sym>
  </wpt>
  <wpt lat="-26.660145262267" lon="-49.521572729089">
    <name>Restaurante e Estacionamento</name>
    <sym>Restaurant</sym>
  </wpt>
  <wpt lat="-26.67129563466" lon="-49.325196037632">
    <name>Posto de Gasolina</name>
    <sym>Fuel</sym>
  </wpt>
  <wpt lat="-26.793598152807" lon="-49.531366798463">
    <name>Cachoeira Paulista</name>
    <sym>Scenic Area</sym>
  </wpt>
  <wpt lat="-26.757610934229" lon="-49.456772456757">
    <name>Cascata Salto Donner</name>
    <sym>Scenic Area</sym>
  </wpt>
  <wpt lat="-26.773709166604" lon="-49.490179613761">
    <name>Gruta e Cachoeira Nossa Senhora De Fatima</name>
    <sym>Scenic</sym>
  </wpt>
  <wpt lat="-26.772093885178" lon="-49.48891008445">
    <name>Estacionamento</name>
    <sym>Parking</sym>
  </wpt>
  <wpt lat="-26.467193802879" lon="-49.572936093031">
    <name>Posto de Gasolina</name>
    <sym>Fuel</sym>
  </wpt>
  <trk>
    <name>Rota Principal</name>
    <number>1</number>
    <extensions>
      <gpxx:TrackExtension>
        <gpxx:DisplayColor>Blue</gpxx:DisplayColor>
      </gpxx:TrackExtension>
      <dmd:PreRendered version="1" hash="sha256:d65657e6d72147d5" profile="">
        <dmd:Surface>
          <dmd:S s="0" e="0" sf="" hw="" p="1"/>
          <dmd:S s="0" e="0" sf="" hw="" p="1"/>
          <dmd:S s="0" e="0" sf="" hw="" p="1"/>
          <dmd:S s="0" e="0" sf="" hw="" p="1"/>
          <dmd:S s="0" e="0" sf="" hw="" p="1"/>
          <dmd:S s="0" e="0" sf="" hw="" p="1"/>
          <dmd:S s="0" e="0" sf="" hw="" p="1"/>
          <dmd:S s="0" e="0" sf="" hw="" p="1"/>
          <dmd:S s="0" e="0" sf="" hw="" p="1"/>
          <dmd:S s="0" e="0" sf="" hw="" p="1"/>
          <dmd:S s="0" e="0" sf="" hw="" p="1"/>
          <dmd:S s="0" e="0" sf="" hw="" p="1"/>
          <dmd:S s="0" e="0" sf="" hw="" p="1"/>
          <dmd:S s="0" e="0" sf="" hw="" p="1"/>
          <dmd:S s="0" e="0" sf="" hw="" p="1"/>
          <dmd:S s="0" e="0" sf="" hw="" p="1"/>
          <dmd:S s="0" e="0" sf="" hw="" p="1"/>
          <dmd:S s="0" e="0" sf="" hw="" p="1"/>
          <dmd:S s="0" e="0" sf="" hw="" p="1"/>
          <dmd:S s="0" e="0" sf="" hw="" p="1"/>
          <dmd:S s="0" e="0" sf="" hw="" p="1"/>
          <dmd:S s="0" e="0" sf="" hw="" p="1"/>
          <dmd:S s="0" e="0" sf="" hw="" p="1"/>
          <dmd:S s="0" e="0" sf="" hw="" p="1"/>
          <dmd:S s="0" e="0" sf="" hw="" p="1"/>
          <dmd:S s="0" e="0" sf="" hw="" p="1"/>
          <dmd:S s="0" e="0" sf="" hw="" p="1"/>
          <dmd:S s="0" e="0" sf="" hw="" p="1"/>
          <dmd:S s="0" e="0" sf="" hw="" p="1"/>
          <dmd:S s="0" e="0" sf="" hw="" p="1"/>
          <dmd:S s="0" e="0" sf="" hw="" p="1"/>
          <dmd:S s="0" e="0" sf="" hw="" p="1"/>
          <dmd:S s="0" e="0" sf="" hw="" p="1"/>
          <dmd:S s="0" e="0" sf="" hw="" p="1"/>
          <dmd:S s="0" e="0" sf="" hw="" p="1"/>
          <dmd:S s="0" e="0" sf="" hw="" p="1"/>
          <dmd:S s="0" e="0" sf="" hw="" p="1"/>
          <dmd:S s="0" e="0" sf="" hw="" p="1"/>
          <dmd:S s="0" e="0" sf="" hw="" p="1"/>
          <dmd:S s="0" e="0" sf="" hw="" p="1"/>
          <dmd:S s="0" e="0" sf="" hw="" p="1"/>
          <dmd:S s="0" e="0" sf="" hw="" p="1"/>
          <dmd:S s="0" e="0" sf="" hw="" p="1"/>
          <dmd:S s="0" e="0" sf="" hw="" p="1"/>
          <dmd:S s="0" e="0" sf="" hw="" p="1"/>
          <dmd:S s="0" e="0" sf="" hw="" p="1"/>
          <dmd:S s="0" e="0" sf="" hw="" p="1"/>
          <dmd:S s="0" e="0" sf="" hw="" p="1"/>
          <dmd:S s="0" e="0" sf="" hw="" p="1"/>
          <dmd:S s="0" e="0" sf="" hw="" p="1"/>
          <dmd:S s="0" e="0" sf="" hw="" p="1"/>
          <dmd:S s="0" e="0" sf="" hw="" p="1"/>
          <dmd:S s="0" e="0" sf="" hw="" p="1"/>
          <dmd:S s="0" e="0" sf="" hw="" p="1"/>
          <dmd:S s="0" e="0" sf="" hw="" p="1"/>
          <dmd:S s="0" e="0" sf="" hw="" p="1"/>
          <dmd:S s="0" e="0" sf="" hw="" p="1"/>
          <dmd:S s="0" e="0" sf="" hw="" p="1"/>
          <dmd:S s="0" e="0" sf="" hw="" p="1"/>
          <dmd:S s="0" e="0" sf="" hw="" p="1"/>
          <dmd:S s="0" e="0" sf="" hw="" p="1"/>
          <dmd:S s="0" e="0" sf="" hw="" p="1"/>
          <dmd:S s="0" e="0" sf="" hw="" p="1"/>
          <dmd:S s="0" e="0" sf="" hw="" p="1"/>
          <dmd:S s="0" e="0" sf="" hw="" p="1"/>
          <dmd:S s="0" e="0" sf="" hw="" p="1"/>
          <dmd:S s="0" e="0" sf="" hw="" p="1"/>
          <dmd:S s="0" e="0" sf="" hw="" p="1"/>
          <dmd:S s="0" e="0" sf="" hw="" p="1"/>
          <dmd:S s="0" e="0" sf="" hw="" p="1"/>
          <dmd:S s="0" e="0" sf="" hw="" p="1"/>
          <dmd:S s="0" e="0" sf="" hw="" p="1"/>
          <dmd:S s="0" e="0" sf="" hw="" p="1"/>
          <dmd:S s="0" e="0" sf="" hw="" p="1"/>
          <dmd:S s="0" e="0" sf="" hw="" p="1"/>
          <dmd:S s="0" e="0" sf="" hw="" p="1"/>
          <dmd:S s="0" e="0" sf="" hw="" p="1"/>
          <dmd:S s="0" e="0" sf="" hw="" p="1"/>
          <dmd:S s="0" e="0" sf="" hw="" p="1"/>
          <dmd:S s="0" e="0" sf="" hw="" p="1"/>
          <dmd:S s="0" e="0" sf="" hw="" p="1"/>
          <dmd:S s="0" e="0" sf="" hw="" p="1"/>
          <dmd:S s="0" e="0" sf="" hw="" p="1"/>
          <dmd:S s="0" e="0" sf="" hw="" p="1"/>
          <dmd:S s="0" e="0" sf="" hw="" p="1"/>
          <dmd:S s="0" e="0" sf="" hw="" p="1"/>
          <dmd:S s="0" e="0" sf="" hw="" p="1"/>
          <dmd:S s="0" e="0" sf="" hw="" p="1"/>
          <dmd:S s="0" e="0" sf="" hw="" p="1"/>
          <dmd:S s="0" e="0" sf="" hw="" p="1"/>
          <dmd:S s="0" e="0" sf="" hw="" p="1"/>
          <dmd:S s="0" e="0" sf="" hw="" p="1"/>
          <dmd:S s="0" e="0" sf="" hw="" p="1"/>
          <dmd:S s="0" e="0" sf="" hw="" p="1"/>
          <dmd:S s="0" e="0" sf="" hw="" p="1"/>
          <dmd:S s="0" e="0" sf="" hw="" p="1"/>
          <dmd:S s="0" e="0" sf="" hw="" p="1"/>
          <dmd:S s="0" e="0" sf="" hw="" p="1"/>
          <dmd:S s="0" e="0" sf="" hw="" p="1"/>
          <dmd:S s="0" e="0" sf="" hw="" p="1"/>
          <dmd:S s="0" e="0" sf="" hw="" p="1"/>
          <dmd:S s="0" e="0" sf="" hw="" p="1"/>
          <dmd:S s="0" e="0" sf="" hw="" p="1"/>
          <dmd:S s="0" e="0" sf="" hw="" p="1"/>
          <dmd:S s="0" e="0" sf="" hw="" p="1"/>
          <dmd:S s="0" e="0" sf="" hw="" p="1"/>
          <dmd:S s="0" e="0" sf="" hw="" p="1"/>
          <dmd:S s="0" e="0" sf="" hw="" p="1"/>
          <dmd:S s="0" e="0" sf="" hw="" p="1"/>
          <dmd:S s="0" e="0" sf="" hw="" p="1"/>
          <dmd:S s="0" e="0" sf="" hw="" p="1"/>
          <dmd:S s="0" e="0" sf="" hw="" p="1"/>
          <dmd:S s="0" e="0" sf="" hw="" p="1"/>
          <dmd:S s="0" e="0" sf="" hw="" p="1"/>
          <dmd:S s="0" e="0" sf="" hw="" p="1"/>
          <dmd:S s="0" e="0" sf="" hw="" p="1"/>
          <dmd:S s="0" e="0" sf="" hw="" p="1"/>
          <dmd:S s="0" e="0" sf="" hw="" p="1"/>
          <dmd:S s="0" e="0" sf="" hw="" p="1"/>
          <dmd:S s="0" e="0" sf="" hw="" p="1"/>
          <dmd:S s="0" e="0" sf="" hw="" p="1"/>
          <dmd:S s="0" e="0" sf="" hw="" p="1"/>
          <dmd:S s="0" e="0" sf="" hw="" p="1"/>
          <dmd:S s="0" e="0" sf="" hw="" p="1"/>
          <dmd:S s="0" e="0" sf="" hw="" p="1"/>
          <dmd:S s="0" e="0" sf="" hw="" p="1"/>
          <dmd:S s="0" e="0" sf="" hw="" p="1"/>
          <dmd:S s="0" e="0" sf="" hw="" p="1"/>
          <dmd:S s="0" e="0" sf="" hw="" p="1"/>
          <dmd:S s="0" e="0" sf="" hw="" p="1"/>
          <dmd:S s="0" e="0" sf="" hw="" p="1"/>
          <dmd:S s="0" e="0" sf="" hw="" p="1"/>
          <dmd:S s="0" e="0" sf="" hw="" p="1"/>
          <dmd:S s="0" e="0" sf="" hw="" p="1"/>
          <dmd:S s="0" e="0" sf="" hw="" p="1"/>
          <dmd:S s="0" e="0" sf="" hw="" p="1"/>
          <dmd:S s="0" e="0" sf="" hw="" p="1"/>
          <dmd:S s="0" e="0" sf="" hw="" p="1"/>
          <dmd:S s="0" e="0" sf="" hw="" p="1"/>
          <dmd:S s="0" e="0" sf="" hw="" p="1"/>
          <dmd:S s="0" e="0" sf="" hw="" p="1"/>
          <dmd:S s="0" e="0" sf="" hw="" p="1"/>
          <dmd:S s="0" e="0" sf="" hw="" p="1"/>
          <dmd:S s="0" e="0" sf="" hw="" p="1"/>
          <dmd:S s="0" e="0" sf="" hw="" p="1"/>
          <dmd:S s="0" e="0" sf="" hw="" p="1"/>
          <dmd:S s="0" e="0" sf="" hw="" p="1"/>
          <dmd:S s="0" e="0" sf="" hw="" p="1"/>
          <dmd:S s="0" e="0" sf="" hw="" p="1"/>
          <dmd:S s="0" e="0" sf="" hw="" p="1"/>
          <dmd:S s="0" e="0" sf="" hw="" p="1"/>
          <dmd:S s="0" e="0" sf="" hw="" p="1"/>
          <dmd:S s="0" e="0" sf="" hw="" p="1"/>
          <dmd:S s="0" e="0" sf="" hw="" p="1"/>
          <dmd:S s="0" e="0" sf="" hw="" p="1"/>
          <dmd:S s="0" e="0" sf="" hw="" p="1"/>
          <dmd:S s="0" e="0" sf="" hw="" p="1"/>
          <dmd:S s="0" e="0" sf="" hw="" p="1"/>
          <dmd:S s="0" e="0" sf="" hw="" p="1"/>
          <dmd:S s="0" e="0" sf="" hw="" p="1"/>
          <dmd:S s="0" e="0" sf="" hw="" p="1"/>
          <dmd:S s="0" e="0" sf="" hw="" p="1"/>
          <dmd:S s="0" e="0" sf="" hw="" p="1"/>
          <dmd:S s="0" e="0" sf="" hw="" p="1"/>
          <dmd:S s="0" e="0" sf="" hw="" p="1"/>
          <dmd:S s="0" e="0" sf="" hw="" p="1"/>
          <dmd:S s="0" e="0" sf="" hw="" p="1"/>
          <dmd:S s="0" e="0" sf="" hw="" p="1"/>
          <dmd:S s="0" e="0" sf="" hw="" p="1"/>
          <dmd:S s="0" e="0" sf="" hw="" p="1"/>
          <dmd:S s="0" e="0" sf="" hw="" p="1"/>
          <dmd:S s="0" e="0" sf="" hw="" p="1"/>
          <dmd:S s="0" e="0" sf="" hw="" p="1"/>
          <dmd:S s="0" e="0" sf="" hw="" p="1"/>
          <dmd:S s="0" e="0" sf="" hw="" p="1"/>
          <dmd:S s="0" e="0" sf="" hw="" p="1"/>
          <dmd:S s="0" e="0" sf="" hw="" p="1"/>
          <dmd:S s="0" e="0" sf="" hw="" p="1"/>
          <dmd:S s="0" e="0" sf="" hw="" p="1"/>
          <dmd:S s="0" e="0" sf="" hw="" p="1"/>
          <dmd:S s="0" e="0" sf="" hw="" p="1"/>
          <dmd:S s="0" e="0" sf="" hw="" p="1"/>
          <dmd:S s="0" e="0" sf="" hw="" p="1"/>
          <dmd:S s="0" e="0" sf="" hw="" p="1"/>
          <dmd:S s="0" e="0" sf="" hw="" p="1"/>
          <dmd:S s="0" e="0" sf="" hw="" p="1"/>
          <dmd:S s="0" e="0" sf="" hw="" p="1"/>
          <dmd:S s="0" e="0" sf="" hw="" p="1"/>
          <dmd:S s="0" e="0" sf="" hw="" p="1"/>
          <dmd:S s="0" e="0" sf="" hw="" p="1"/>
          <dmd:S s="0" e="0" sf="" hw="" p="1"/>
          <dmd:S s="0" e="0" sf="" hw="" p="1"/>
          <dmd:S s="0" e="0" sf="" hw="" p="1"/>
          <dmd:S s="0" e="0" sf="" hw="" p="1"/>
          <dmd:S s="0" e="0" sf="" hw="" p="1"/>
          <dmd:S s="0" e="0" sf="" hw="" p="1"/>
          <dmd:S s="0" e="0" sf="" hw="" p="1"/>
          <dmd:S s="0" e="0" sf="" hw="" p="1"/>
          <dmd:S s="0" e="0" sf="" hw="" p="1"/>
          <dmd:S s="0" e="0" sf="" hw="" p="1"/>
          <dmd:S s="0" e="0" sf="" hw="" p="1"/>
          <dmd:S s="0" e="0" sf="" hw="" p="1"/>
          <dmd:S s="0" e="0" sf="" hw="" p="1"/>
          <dmd:S s="0" e="0" sf="" hw="" p="1"/>
          <dmd:S s="0" e="0" sf="" hw="" p="1"/>
          <dmd:S s="0" e="0" sf="" hw="" p="1"/>
          <dmd:S s="0" e="0" sf="" hw="" p="1"/>
          <dmd:S s="0" e="0" sf="" hw="" p="1"/>
          <dmd:S s="0" e="0" sf="" hw="" p="1"/>
          <dmd:S s="0" e="0" sf="" hw="" p="1"/>
          <dmd:S s="0" e="0" sf="" hw="" p="1"/>
          <dmd:S s="0" e="0" sf="" hw="" p="1"/>
          <dmd:S s="0" e="0" sf="" hw="" p="1"/>
          <dmd:S s="0" e="0" sf="" hw="" p="1"/>
          <dmd:S s="0" e="0" sf="" hw="" p="1"/>
          <dmd:S s="0" e="0" sf="" hw="" p="1"/>
          <dmd:S s="0" e="0" sf="" hw="" p="1"/>
          <dmd:S s="0" e="0" sf="" hw="" p="1"/>
          <dmd:S s="0" e="0" sf="" hw="" p="1"/>
          <dmd:S s="0" e="0" sf="" hw="" p="1"/>
          <dmd:S s="0" e="0" sf="" hw="" p="1"/>
          <dmd:S s="0" e="0" sf="" hw="" p="1"/>
          <dmd:S s="0" e="0" sf="" hw="" p="1"/>
          <dmd:S s="0" e="0" sf="" hw="" p="1"/>
          <dmd:S s="0" e="0" sf="" hw="" p="1"/>
          <dmd:S s="0" e="0" sf="" hw="" p="1"/>
          <dmd:S s="0" e="0" sf="" hw="" p="1"/>
          <dmd:S s="0" e="0" sf="" hw="" p="1"/>
          <dmd:S s="0" e="0" sf="" hw="" p="1"/>
          <dmd:S s="0" e="0" sf="" hw="" p="1"/>
          <dmd:S s="0" e="0" sf="" hw="" p="1"/>
          <dmd:S s="0" e="0" sf="" hw="" p="1"/>
        </dmd:Surface>
        <dmd:Warnings>
          <dmd:W type="SLOPE" lat="-26.690865" lon="-49.501150" dist="10702" val="16.0"/>
          <dmd:W type="SLOPE" lat="-26.687156" lon="-49.520129" dist="13273" val="19.8"/>
          <dmd:W type="SLOPE" lat="-26.658539" lon="-49.521129" dist="16800" val="16.4"/>
          <dmd:W type="SLOPE" lat="-26.658275" lon="-49.519630" dist="16954" val="17.7"/>
          <dmd:W type="SLOPE" lat="-26.656651" lon="-49.520303" dist="17182" val="22.4"/>
          <dmd:W type="SLOPE" lat="-26.656028" lon="-49.521649" dist="17373" val="24.6"/>
          <dmd:W type="SLOPE" lat="-26.654986" lon="-49.523306" dist="17583" val="20.0"/>
          <dmd:W type="SLOPE" lat="-26.654270" lon="-49.522637" dist="17692" val="15.0"/>
          <dmd:W type="SLOPE" lat="-26.653239" lon="-49.522411" dist="17820" val="24.4"/>
          <dmd:W type="SLOPE" lat="-26.616582" lon="-49.521974" dist="23847" val="25.5"/>
          <dmd:W type="SLOPE" lat="-26.615388" lon="-49.523511" dist="24071" val="23.5"/>
          <dmd:W type="SLOPE" lat="-26.615241" lon="-49.524989" dist="24223" val="17.1"/>
          <dmd:W type="SLOPE" lat="-26.614920" lon="-49.526273" dist="24358" val="16.2"/>
          <dmd:W type="SLOPE" lat="-26.614223" lon="-49.530338" dist="24795" val="1556.5"/>
          <dmd:W type="SLOPE" lat="-26.611578" lon="-49.530738" dist="25092" val="275.4"/>
          <dmd:W type="SLOPE" lat="-26.499732" lon="-49.452751" dist="66831" val="16.7"/>
          <dmd:W type="SLOPE" lat="-26.500510" lon="-49.450428" dist="67081" val="23.3"/>
          <dmd:W type="SLOPE" lat="-26.502392" lon="-49.449549" dist="67307" val="15.4"/>
          <dmd:W type="SLOPE" lat="-26.523105" lon="-49.408149" dist="73060" val="16.1"/>
          <dmd:W type="SLOPE" lat="-26.522203" lon="-49.407337" dist="73189" val="25.5"/>
          <dmd:W type="SLOPE" lat="-26.521904" lon="-49.406374" dist="73291" val="16.3"/>
          <dmd:W type="SLOPE" lat="-26.572440" lon="-49.359732" dist="84136" val="27.8"/>
          <dmd:W type="SLOPE" lat="-26.572864" lon="-49.357754" dist="84368" val="15.4"/>
          <dmd:W type="SLOPE" lat="-26.572144" lon="-49.357018" dist="84477" val="19.6"/>
          <dmd:W type="SLOPE" lat="-26.572248" lon="-49.355312" dist="84689" val="27.1"/>
          <dmd:W type="SLOPE" lat="-26.573507" lon="-49.355514" dist="84884" val="24.7"/>
          <dmd:W type="SLOPE" lat="-26.574285" lon="-49.355062" dist="84989" val="16.6"/>
          <dmd:W type="SLOPE" lat="-26.574018" lon="-49.351336" dist="85442" val="16.6"/>
          <dmd:W type="SLOPE" lat="-26.576374" lon="-49.350480" dist="85857" val="16.2"/>
          <dmd:W type="SLOPE" lat="-26.580477" lon="-49.349694" dist="86564" val="21.9"/>
          <dmd:W type="SLOPE" lat="-26.582239" lon="-49.347564" dist="86884" val="15.2"/>
          <dmd:W type="SLOPE" lat="-26.586682" lon="-49.343350" dist="87603" val="21.1"/>
          <dmd:W type="SLOPE" lat="-26.587503" lon="-49.343879" dist="87780" val="27.5"/>
          <dmd:W type="SLOPE" lat="-26.590567" lon="-49.341393" dist="88383" val="17.2"/>
          <dmd:W type="SLOPE" lat="-26.599327" lon="-49.343082" dist="89733" val="16.5"/>
          <dmd:W type="SLOPE" lat="-26.609270" lon="-49.338884" dist="91005" val="17.0"/>
          <dmd:W type="SLOPE" lat="-26.609016" lon="-49.330311" dist="92952" val="18.2"/>
          <dmd:W type="SLOPE" lat="-26.600164" lon="-49.320888" dist="94770" val="20.8"/>
          <dmd:W type="SLOPE" lat="-26.600171" lon="-49.319094" dist="95048" val="16.2"/>
          <dmd:W type="SLOPE" lat="-26.602889" lon="-49.313285" dist="95891" val="25.3"/>
          <dmd:W type="SLOPE" lat="-26.624945" lon="-49.284350" dist="101147" val="15.3"/>
          <dmd:W type="SLOPE" lat="-26.627394" lon="-49.285059" dist="101448" val="15.2"/>
          <dmd:W type="SLOPE" lat="-26.650030" lon="-49.283906" dist="104524" val="20.3"/>
          <dmd:W type="SLOPE" lat="-26.650272" lon="-49.286322" dist="104789" val="17.0"/>
          <dmd:W type="SLOPE" lat="-26.658314" lon="-49.310245" dist="107742" val="15.6"/>
          <dmd:W type="SLOPE" lat="-26.662239" lon="-49.315984" dist="108474" val="18.0"/>
          <dmd:W type="SLOPE" lat="-26.663558" lon="-49.317231" dist="108670" val="28.2"/>
          <dmd:W type="SLOPE" lat="-26.664481" lon="-49.317866" dist="108799" val="16.0"/>
          <dmd:W type="SLOPE" lat="-26.664158" lon="-49.318798" dist="108901" val="17.9"/>
          <dmd:W type="SLOPE" lat="-26.664213" lon="-49.319845" dist="109015" val="21.6"/>
          <dmd:W type="SLOPE" lat="-26.665952" lon="-49.320569" dist="109229" val="25.3"/>
          <dmd:W type="SLOPE" lat="-26.666715" lon="-49.320722" dist="109334" val="22.5"/>
          <dmd:W type="SLOPE" lat="-26.665794" lon="-49.321158" dist="109474" val="16.6"/>
          <dmd:W type="SLOPE" lat="-26.666080" lon="-49.321743" dist="109620" val="16.9"/>
          <dmd:W type="SLOPE" lat="-26.667316" lon="-49.322488" dist="109791" val="28.3"/>
          <dmd:W type="SLOPE" lat="-26.667985" lon="-49.321843" dist="109965" val="22.3"/>
          <dmd:W type="SLOPE" lat="-26.669327" lon="-49.322023" dist="110136" val="23.7"/>
          <dmd:W type="SLOPE" lat="-26.671425" lon="-49.320674" dist="110430" val="19.4"/>
          <dmd:W type="SLOPE" lat="-26.660460" lon="-49.335417" dist="112651" val="19.7"/>
          <dmd:W type="SLOPE" lat="-26.659296" lon="-49.339551" dist="113108" val="24.1"/>
          <dmd:W type="SLOPE" lat="-26.658072" lon="-49.343098" dist="113496" val="15.4"/>
          <dmd:W type="SLOPE" lat="-26.658630" lon="-49.345473" dist="113785" val="36.5"/>
          <dmd:W type="SLOPE" lat="-26.657512" lon="-49.357880" dist="115276" val="15.8"/>
          <dmd:W type="SLOPE" lat="-26.657559" lon="-49.361583" dist="115764" val="29.7"/>
          <dmd:W type="SLOPE" lat="-26.657230" lon="-49.362501" dist="115871" val="19.0"/>
          <dmd:W type="SLOPE" lat="-26.656508" lon="-49.363083" dist="115987" val="47.5"/>
          <dmd:W type="SLOPE" lat="-26.656875" lon="-49.361725" dist="116130" val="16.1"/>
          <dmd:W type="SLOPE" lat="-26.657573" lon="-49.360945" dist="116244" val="21.1"/>
          <dmd:W type="SLOPE" lat="-26.656722" lon="-49.360383" dist="116364" val="28.3"/>
          <dmd:W type="SLOPE" lat="-26.655787" lon="-49.359128" dist="116529" val="15.5"/>
          <dmd:W type="SLOPE" lat="-26.654597" lon="-49.358419" dist="116683" val="15.0"/>
          <dmd:W type="SLOPE" lat="-26.654164" lon="-49.357525" dist="116794" val="15.2"/>
          <dmd:W type="SLOPE" lat="-26.653731" lon="-49.358613" dist="117019" val="18.8"/>
          <dmd:W type="SLOPE" lat="-26.654698" lon="-49.360071" dist="117210" val="20.9"/>
          <dmd:W type="SLOPE" lat="-26.654751" lon="-49.360384" dist="117318" val="29.2"/>
          <dmd:W type="SLOPE" lat="-26.653856" lon="-49.360222" dist="117427" val="24.8"/>
          <dmd:W type="SLOPE" lat="-26.652427" lon="-49.359996" dist="117599" val="18.2"/>
          <dmd:W type="SLOPE" lat="-26.651194" lon="-49.360499" dist="117758" val="15.5"/>
          <dmd:W type="SLOPE" lat="-26.636830" lon="-49.367656" dist="119980" val="15.4"/>
          <dmd:W type="SLOPE" lat="-26.633332" lon="-49.372382" dist="120969" val="20.8"/>
          <dmd:W type="SLOPE" lat="-26.611894" lon="-49.380645" dist="124599" val="16.2"/>
          <dmd:W type="SLOPE" lat="-26.614162" lon="-49.392011" dist="125940" val="16.4"/>
          <dmd:W type="SLOPE" lat="-26.632942" lon="-49.410154" dist="129592" val="20.2"/>
          <dmd:W type="SLOPE" lat="-26.634206" lon="-49.410323" dist="129809" val="15.3"/>
          <dmd:W type="SLOPE" lat="-26.634922" lon="-49.409927" dist="129935" val="15.9"/>
          <dmd:W type="SLOPE" lat="-26.637624" lon="-49.409975" dist="130409" val="16.8"/>
          <dmd:W type="SLOPE" lat="-26.646313" lon="-49.410669" dist="131592" val="19.1"/>
          <dmd:W type="SLOPE" lat="-26.629938" lon="-49.487755" dist="142115" val="23.0"/>
          <dmd:W type="SLOPE" lat="-26.630461" lon="-49.489605" dist="142373" val="26.2"/>
          <dmd:W type="SLOPE" lat="-26.630817" lon="-49.491259" dist="142550" val="21.6"/>
          <dmd:W type="SLOPE" lat="-26.629599" lon="-49.491927" dist="142712" val="25.0"/>
          <dmd:W type="SLOPE" lat="-26.623733" lon="-49.496722" dist="143601" val="20.1"/>
          <dmd:W type="SLOPE" lat="-26.616582" lon="-49.521974" dist="147144" val="25.5"/>
          <dmd:W type="SLOPE" lat="-26.615769" lon="-49.522588" dist="147260" val="18.0"/>
          <dmd:W type="SLOPE" lat="-26.615388" lon="-49.523511" dist="147368" val="23.5"/>
          <dmd:W type="SLOPE" lat="-26.615241" lon="-49.524989" dist="147521" val="19.7"/>
          <dmd:W type="SLOPE" lat="-26.614920" lon="-49.526273" dist="147655" val="16.2"/>
          <dmd:W type="SLOPE" lat="-26.604451" lon="-49.491336" dist="166411" val="17.2"/>
          <dmd:W type="SLOPE" lat="-26.601429" lon="-49.487180" dist="167263" val="16.3"/>
          <dmd:W type="SLOPE" lat="-26.601137" lon="-49.484528" dist="167649" val="21.4"/>
          <dmd:W type="SLOPE" lat="-26.599685" lon="-49.480540" dist="168103" val="17.9"/>
          <dmd:W type="SLOPE" lat="-26.598882" lon="-49.479677" dist="168228" val="15.1"/>
          <dmd:W type="SLOPE" lat="-26.596575" lon="-49.471487" dist="169265" val="16.6"/>
          <dmd:W type="SLOPE" lat="-26.596061" lon="-49.470784" dist="169378" val="16.8"/>
          <dmd:W type="SLOPE" lat="-26.597107" lon="-49.470241" dist="169539" val="24.2"/>
          <dmd:W type="SLOPE" lat="-26.596798" lon="-49.466233" dist="170158" val="17.3"/>
          <dmd:W type="SLOPE" lat="-26.602279" lon="-49.458465" dist="171493" val="20.5"/>
          <dmd:W type="SLOPE" lat="-26.602767" lon="-49.457686" dist="171661" val="21.7"/>
          <dmd:W type="SLOPE" lat="-26.621005" lon="-49.429784" dist="176306" val="16.9"/>
          <dmd:W type="SLOPE" lat="-26.632942" lon="-49.410154" dist="180198" val="20.2"/>
          <dmd:W type="SLOPE" lat="-26.634206" lon="-49.410323" dist="180415" val="15.3"/>
          <dmd:W type="SLOPE" lat="-26.634922" lon="-49.409927" dist="180540" val="15.9"/>
          <dmd:W type="SLOPE" lat="-26.637624" lon="-49.409975" dist="181014" val="16.8"/>
          <dmd:W type="SLOPE" lat="-26.646313" lon="-49.410669" dist="182198" val="19.1"/>
          <dmd:W type="SLOPE" lat="-26.654698" lon="-49.412800" dist="183432" val="16.1"/>
          <dmd:W type="SLOPE" lat="-26.655203" lon="-49.411478" dist="183663" val="17.6"/>
          <dmd:W type="SLOPE" lat="-26.656824" lon="-49.406718" dist="184274" val="18.7"/>
          <dmd:W type="SLOPE" lat="-26.671872" lon="-49.399620" dist="186788" val="16.8"/>
          <dmd:W type="SLOPE" lat="-26.674077" lon="-49.401779" dist="187153" val="18.2"/>
          <dmd:W type="SLOPE" lat="-26.680665" lon="-49.412575" dist="188930" val="18.3"/>
          <dmd:W type="SLOPE" lat="-26.688856" lon="-49.422342" dist="190733" val="19.3"/>
          <dmd:W type="SLOPE" lat="-26.690375" lon="-49.423401" dist="190941" val="30.8"/>
          <dmd:W type="SLOPE" lat="-26.691271" lon="-49.422639" dist="191112" val="31.4"/>
          <dmd:W type="SLOPE" lat="-26.692087" lon="-49.422869" dist="191222" val="15.4"/>
          <dmd:W type="SLOPE" lat="-26.693109" lon="-49.422409" dist="191348" val="19.2"/>
          <dmd:W type="SLOPE" lat="-26.693990" lon="-49.422385" dist="191452" val="16.3"/>
          <dmd:W type="SLOPE" lat="-26.693098" lon="-49.422875" dist="191592" val="15.2"/>
          <dmd:W type="SLOPE" lat="-26.691952" lon="-49.423467" dist="191750" val="25.9"/>
          <dmd:W type="SLOPE" lat="-26.692639" lon="-49.424363" dist="191886" val="32.4"/>
          <dmd:W type="SLOPE" lat="-26.692142" lon="-49.425832" dist="192053" val="24.7"/>
          <dmd:W type="SLOPE" lat="-26.691817" lon="-49.426383" dist="192184" val="20.1"/>
          <dmd:W type="SLOPE" lat="-26.691288" lon="-49.427514" dist="192387" val="17.9"/>
          <dmd:W type="SLOPE" lat="-26.684304" lon="-49.452631" dist="198499" val="37.1"/>
          <dmd:W type="SLOPE" lat="-26.682710" lon="-49.454117" dist="198735" val="29.4"/>
          <dmd:W type="SLOPE" lat="-26.684797" lon="-49.455104" dist="199097" val="21.3"/>
          <dmd:W type="SLOPE" lat="-26.690773" lon="-49.462651" dist="201027" val="16.6"/>
          <dmd:W type="SLOPE" lat="-26.705816" lon="-49.461263" dist="203052" val="17.8"/>
          <dmd:W type="SLOPE" lat="-26.713785" lon="-49.453129" dist="204363" val="15.1"/>
          <dmd:W type="SLOPE" lat="-26.715225" lon="-49.453870" dist="204552" val="16.7"/>
          <dmd:W type="SLOPE" lat="-26.717532" lon="-49.454350" dist="204885" val="17.1"/>
          <dmd:W type="SLOPE" lat="-26.718326" lon="-49.454174" dist="204986" val="18.1"/>
          <dmd:W type="SLOPE" lat="-26.718432" lon="-49.455038" dist="205096" val="20.0"/>
          <dmd:W type="SLOPE" lat="-26.718604" lon="-49.455305" dist="205204" val="17.8"/>
          <dmd:W type="SLOPE" lat="-26.719875" lon="-49.455578" dist="205369" val="35.2"/>
          <dmd:W type="SLOPE" lat="-26.720206" lon="-49.456560" dist="205496" val="48.1"/>
          <dmd:W type="SLOPE" lat="-26.720975" lon="-49.459569" dist="205820" val="27.9"/>
        </dmd:Warnings>
        <dmd:Stats dist="211979" gain="6258" loss="6258" eleMin="0.0" eleMax="986.8" time="0" paved="100" maxSlope="275.4" minSlope="-1556.5"/>
      </dmd:PreRendered>
    </extensions>
    <trkseg>
      <trkpt lat="-26.757944" lon="-49.45763"><ele>518.5</ele></trkpt>
      <trkpt lat="-26.757973" lon="-49.458037"><ele>518.75</ele></trkpt>
      <trkpt lat="-26.757668" lon="-49.46217"><ele>520.25</ele></trkpt>
      <trkpt lat="-26.757671" lon="-49.463256"><ele>523.25</ele></trkpt>
      <trkpt lat="-26.757859" lon="-49.465055"><ele>524.5</ele></trkpt>
      <trkpt lat="-26.757795" lon="-49.467358"><ele>522</ele></trkpt>
      <trkpt lat="-26.757182" lon="-49.469785"><ele>525.5</ele></trkpt>
      <trkpt lat="-26.757086" lon="-49.470905"><ele>523.25</ele></trkpt>
      <trkpt lat="-26.756949" lon="-49.471286"><ele>520.5</ele></trkpt>
      <trkpt lat="-26.756618" lon="-49.47164"><ele>517.75</ele></trkpt>
      <trkpt lat="-26.755066" lon="-49.472668"><ele>515.75</ele></trkpt>
      <trkpt lat="-26.754104" lon="-49.473031"><ele>515.5</ele></trkpt>
      <trkpt lat="-26.751804" lon="-49.473517"><ele>520.25</ele></trkpt>
      <trkpt lat="-26.751531" lon="-49.473544"><ele>522.25</ele></trkpt>
      <trkpt lat="-26.750339" lon="-49.473355"><ele>528.75</ele></trkpt>
      <trkpt lat="-26.749831" lon="-49.473496"><ele>533.5</ele></trkpt>
      <trkpt lat="-26.748727" lon="-49.474159"><ele>530.5</ele></trkpt>
      <trkpt lat="-26.747922" lon="-49.475041"><ele>534.75</ele></trkpt>
      <trkpt lat="-26.746916" lon="-49.475724"><ele>528.25</ele></trkpt>
      <trkpt lat="-26.746672" lon="-49.47605"><ele>525.5</ele></trkpt>
      <trkpt lat="-26.746341" lon="-49.476843"><ele>523</ele></trkpt>
      <trkpt lat="-26.746022" lon="-49.47722"><ele>519.5</ele></trkpt>
      <trkpt lat="-26.745307" lon="-49.477516"><ele>517.25</ele></trkpt>
      <trkpt lat="-26.744747" lon="-49.477917"><ele>520.25</ele></trkpt>
      <trkpt lat="-26.744169" lon="-49.478064"><ele>523.5</ele></trkpt>
      <trkpt lat="-26.743719" lon="-49.478033"><ele>526.25</ele></trkpt>
      <trkpt lat="-26.742835" lon="-49.477766"><ele>537.75</ele></trkpt>
      <trkpt lat="-26.741475" lon="-49.476265"><ele>528.75</ele></trkpt>
      <trkpt lat="-26.740192" lon="-49.475272"><ele>520.75</ele></trkpt>
      <trkpt lat="-26.73783" lon="-49.474461"><ele>523.75</ele></trkpt>
      <trkpt lat="-26.737201" lon="-49.474495"><ele>522.5</ele></trkpt>
      <trkpt lat="-26.73678" lon="-49.474797"><ele>521.5</ele></trkpt>
      <trkpt lat="-26.736632" lon="-49.475054"><ele>521.75</ele></trkpt>
      <trkpt lat="-26.736407" lon="-49.47589"><ele>532.75</ele></trkpt>
      <trkpt lat="-26.736128" lon="-49.476364"><ele>534</ele></trkpt>
      <trkpt lat="-26.735333" lon="-49.47688"><ele>526.25</ele></trkpt>
      <trkpt lat="-26.734825" lon="-49.477356"><ele>531</ele></trkpt>
      <trkpt lat="-26.733944" lon="-49.478606"><ele>532.75</ele></trkpt>
      <trkpt lat="-26.732482" lon="-49.479388"><ele>524.5</ele></trkpt>
      <trkpt lat="-26.731644" lon="-49.480016"><ele>523</ele></trkpt>
      <trkpt lat="-26.730501" lon="-49.480214"><ele>519.5</ele></trkpt>
      <trkpt lat="-26.729943" lon="-49.480454"><ele>518.25</ele></trkpt>
      <trkpt lat="-26.728395" lon="-49.481775"><ele>516.75</ele></trkpt>
      <trkpt lat="-26.727871" lon="-49.482496"><ele>516</ele></trkpt>
      <trkpt lat="-26.727358" lon="-49.483618"><ele>527.25</ele></trkpt>
      <trkpt lat="-26.726911" lon="-49.484024"><ele>535</ele></trkpt>
      <trkpt lat="-26.726416" lon="-49.484288"><ele>534</ele></trkpt>
      <trkpt lat="-26.722571" lon="-49.485042"><ele>516</ele></trkpt>
      <trkpt lat="-26.721907" lon="-49.484935"><ele>516</ele></trkpt>
      <trkpt lat="-26.720974" lon="-49.484258"><ele>517.5</ele></trkpt>
      <trkpt lat="-26.720568" lon="-49.484184"><ele>517.5</ele></trkpt>
      <trkpt lat="-26.715527" lon="-49.485759"><ele>517.75</ele></trkpt>
      <trkpt lat="-26.714636" lon="-49.485534"><ele>518.5</ele></trkpt>
      <trkpt lat="-26.714306" lon="-49.48519"><ele>518.75</ele></trkpt>
      <trkpt lat="-26.714159" lon="-49.4846"><ele>520.5</ele></trkpt>
      <trkpt lat="-26.71332" lon="-49.485283"><ele>527.5</ele></trkpt>
      <trkpt lat="-26.712833" lon="-49.485562"><ele>534.75</ele></trkpt>
      <trkpt lat="-26.712459" lon="-49.486061"><ele>532.5</ele></trkpt>
      <trkpt lat="-26.711487" lon="-49.486849"><ele>525.75</ele></trkpt>
      <trkpt lat="-26.711075" lon="-49.486973"><ele>527.75</ele></trkpt>
      <trkpt lat="-26.710629" lon="-49.486994"><ele>528.75</ele></trkpt>
      <trkpt lat="-26.710126" lon="-49.486742"><ele>531.25</ele></trkpt>
      <trkpt lat="-26.709479" lon="-49.486764"><ele>530.75</ele></trkpt>
      <trkpt lat="-26.709072" lon="-49.486914"><ele>529.5</ele></trkpt>
      <trkpt lat="-26.707893" lon="-49.487584"><ele>522.75</ele></trkpt>
      <trkpt lat="-26.705995" lon="-49.488197"><ele>520.5</ele></trkpt>
      <trkpt lat="-26.705085" lon="-49.488868"><ele>527.25</ele></trkpt>
      <trkpt lat="-26.704487" lon="-49.489056"><ele>530.5</ele></trkpt>
      <trkpt lat="-26.704014" lon="-49.489573"><ele>527.25</ele></trkpt>
      <trkpt lat="-26.703665" lon="-49.489713"><ele>527.75</ele></trkpt>
      <trkpt lat="-26.703274" lon="-49.489737"><ele>529.5</ele></trkpt>
      <trkpt lat="-26.701989" lon="-49.490047"><ele>519.25</ele></trkpt>
      <trkpt lat="-26.700705" lon="-49.49055"><ele>522</ele></trkpt>
      <trkpt lat="-26.700512" lon="-49.490708"><ele>520.5</ele></trkpt>
      <trkpt lat="-26.700355" lon="-49.49091"><ele>518.5</ele></trkpt>
      <trkpt lat="-26.700065" lon="-49.491737"><ele>518.75</ele></trkpt>
      <trkpt lat="-26.699896" lon="-49.491977"><ele>518.75</ele></trkpt>
      <trkpt lat="-26.698574" lon="-49.493007"><ele>517.75</ele></trkpt>
      <trkpt lat="-26.698313" lon="-49.493286"><ele>517</ele></trkpt>
      <trkpt lat="-26.698227" lon="-49.493553"><ele>517</ele></trkpt>
      <trkpt lat="-26.698216" lon="-49.493956"><ele>517</ele></trkpt>
      <trkpt lat="-26.698442" lon="-49.494746"><ele>517.5</ele></trkpt>
      <trkpt lat="-26.698424" lon="-49.495619"><ele>517.75</ele></trkpt>
      <trkpt lat="-26.698971" lon="-49.496507"><ele>517.75</ele></trkpt>
      <trkpt lat="-26.69905" lon="-49.497023"><ele>519.5</ele></trkpt>
      <trkpt lat="-26.697774" lon="-49.500656"><ele>522.25</ele></trkpt>
      <trkpt lat="-26.697117" lon="-49.501355"><ele>520.75</ele></trkpt>
      <trkpt lat="-26.696118" lon="-49.502046"><ele>522.75</ele></trkpt>
      <trkpt lat="-26.695652" lon="-49.502237"><ele>520.75</ele></trkpt>
      <trkpt lat="-26.693395" lon="-49.502423"><ele>519.25</ele></trkpt>
      <trkpt lat="-26.69307" lon="-49.502327"><ele>519.5</ele></trkpt>
      <trkpt lat="-26.691902" lon="-49.501151"><ele>535</ele></trkpt>
      <trkpt lat="-26.691585" lon="-49.500955"><ele>540</ele></trkpt>
      <trkpt lat="-26.691268" lon="-49.500893"><ele>537</ele></trkpt>
      <trkpt lat="-26.690865" lon="-49.50115"><ele>528.75</ele></trkpt>
      <trkpt lat="-26.690449" lon="-49.501693"><ele>523.5</ele></trkpt>
      <trkpt lat="-26.690392" lon="-49.501895"><ele>524</ele></trkpt>
      <trkpt lat="-26.690363" lon="-49.502101"><ele>524.5</ele></trkpt>
      <trkpt lat="-26.690592" lon="-49.502814"><ele>525</ele></trkpt>
      <trkpt lat="-26.691484" lon="-49.504361"><ele>528</ele></trkpt>
      <trkpt lat="-26.691749" lon="-49.504649"><ele>528</ele></trkpt>
      <trkpt lat="-26.692379" lon="-49.504874"><ele>523</ele></trkpt>
      <trkpt lat="-26.692697" lon="-49.505472"><ele>520.75</ele></trkpt>
      <trkpt lat="-26.69299" lon="-49.505817"><ele>520.5</ele></trkpt>
      <trkpt lat="-26.693785" lon="-49.506272"><ele>522</ele></trkpt>
      <trkpt lat="-26.694066" lon="-49.506559"><ele>521.25</ele></trkpt>
      <trkpt lat="-26.694275" lon="-49.507138"><ele>522</ele></trkpt>
      <trkpt lat="-26.693907" lon="-49.508552"><ele>521.75</ele></trkpt>
      <trkpt lat="-26.69391" lon="-49.509385"><ele>521.25</ele></trkpt>
      <trkpt lat="-26.694137" lon="-49.51047"><ele>519.5</ele></trkpt>
      <trkpt lat="-26.694789" lon="-49.511704"><ele>527.25</ele></trkpt>
      <trkpt lat="-26.694863" lon="-49.51199"><ele>527.25</ele></trkpt>
      <trkpt lat="-26.694851" lon="-49.51261"><ele>529.25</ele></trkpt>
      <trkpt lat="-26.694738" lon="-49.51298"><ele>531.5</ele></trkpt>
      <trkpt lat="-26.694586" lon="-49.513282"><ele>534.5</ele></trkpt>
      <trkpt lat="-26.693693" lon="-49.514043"><ele>536.25</ele></trkpt>
      <trkpt lat="-26.69342" lon="-49.514623"><ele>530.5</ele></trkpt>
      <trkpt lat="-26.693166" lon="-49.515447"><ele>531.5</ele></trkpt>
      <trkpt lat="-26.692222" lon="-49.51694"><ele>546.75</ele></trkpt>
      <trkpt lat="-26.690919" lon="-49.517707"><ele>547.75</ele></trkpt>
      <trkpt lat="-26.688839" lon="-49.519596"><ele>546.5</ele></trkpt>
      <trkpt lat="-26.688091" lon="-49.519638"><ele>545.5</ele></trkpt>
      <trkpt lat="-26.687726" lon="-49.519738"><ele>542.75</ele></trkpt>
      <trkpt lat="-26.687394" lon="-49.519934"><ele>540.5</ele></trkpt>
      <trkpt lat="-26.687156" lon="-49.520129"><ele>547</ele></trkpt>
      <trkpt lat="-26.686273" lon="-49.521397"><ele>544.25</ele></trkpt>
      <trkpt lat="-26.685685" lon="-49.521804"><ele>537.25</ele></trkpt>
      <trkpt lat="-26.685435" lon="-49.521851"><ele>537.75</ele></trkpt>
      <trkpt lat="-26.684445" lon="-49.521496"><ele>533.75</ele></trkpt>
      <trkpt lat="-26.683923" lon="-49.521132"><ele>535.25</ele></trkpt>
      <trkpt lat="-26.683561" lon="-49.520504"><ele>539.25</ele></trkpt>
      <trkpt lat="-26.683272" lon="-49.520276"><ele>539.75</ele></trkpt>
      <trkpt lat="-26.68226" lon="-49.519819"><ele>538.5</ele></trkpt>
      <trkpt lat="-26.681577" lon="-49.519387"><ele>537.25</ele></trkpt>
      <trkpt lat="-26.681103" lon="-49.519267"><ele>537</ele></trkpt>
      <trkpt lat="-26.680617" lon="-49.519307"><ele>536.5</ele></trkpt>
      <trkpt lat="-26.679308" lon="-49.519672"><ele>533</ele></trkpt>
      <trkpt lat="-26.678883" lon="-49.519641"><ele>532</ele></trkpt>
      <trkpt lat="-26.678094" lon="-49.519313"><ele>533.5</ele></trkpt>
      <trkpt lat="-26.67769" lon="-49.519443"><ele>530.5</ele></trkpt>
      <trkpt lat="-26.677034" lon="-49.520055"><ele>523.25</ele></trkpt>
      <trkpt lat="-26.67674" lon="-49.520229"><ele>523.5</ele></trkpt>
      <trkpt lat="-26.676375" lon="-49.520292"><ele>523.25</ele></trkpt>
      <trkpt lat="-26.675528" lon="-49.519963"><ele>524.25</ele></trkpt>
      <trkpt lat="-26.675173" lon="-49.519931"><ele>525.25</ele></trkpt>
      <trkpt lat="-26.673781" lon="-49.520335"><ele>526.5</ele></trkpt>
      <trkpt lat="-26.673118" lon="-49.520382"><ele>526.5</ele></trkpt>
      <trkpt lat="-26.672119" lon="-49.520135"><ele>528.5</ele></trkpt>
      <trkpt lat="-26.670341" lon="-49.519043"><ele>535.75</ele></trkpt>
      <trkpt lat="-26.669662" lon="-49.518961"><ele>537.75</ele></trkpt>
      <trkpt lat="-26.668887" lon="-49.519097"><ele>533.25</ele></trkpt>
      <trkpt lat="-26.668083" lon="-49.519511"><ele>530</ele></trkpt>
      <trkpt lat="-26.667676" lon="-49.519521"><ele>531.25</ele></trkpt>
      <trkpt lat="-26.666844" lon="-49.519202"><ele>533.75</ele></trkpt>
      <trkpt lat="-26.66627" lon="-49.519239"><ele>535.25</ele></trkpt>
      <trkpt lat="-26.66594" lon="-49.519387"><ele>535.5</ele></trkpt>
      <trkpt lat="-26.665644" lon="-49.519667"><ele>532.5</ele></trkpt>
      <trkpt lat="-26.665161" lon="-49.52037"><ele>528.25</ele></trkpt>
      <trkpt lat="-26.664726" lon="-49.520663"><ele>526</ele></trkpt>
      <trkpt lat="-26.663846" lon="-49.520755"><ele>527</ele></trkpt>
      <trkpt lat="-26.661648" lon="-49.520534"><ele>530.5</ele></trkpt>
      <trkpt lat="-26.660914" lon="-49.52075"><ele>532.5</ele></trkpt>
      <trkpt lat="-26.66001" lon="-49.521405"><ele>537.5</ele></trkpt>
      <trkpt lat="-26.659537" lon="-49.521579"><ele>537.75</ele></trkpt>
      <trkpt lat="-26.6592" lon="-49.521593"><ele>540</ele></trkpt>
      <trkpt lat="-26.658895" lon="-49.521465"><ele>545</ele></trkpt>
      <trkpt lat="-26.658539" lon="-49.521129"><ele>553.5</ele></trkpt>
      <trkpt lat="-26.658429" lon="-49.520924"><ele>557.75</ele></trkpt>
      <trkpt lat="-26.658275" lon="-49.51963"><ele>580.75</ele></trkpt>
      <trkpt lat="-26.658005" lon="-49.519368"><ele>584</ele></trkpt>
      <trkpt lat="-26.657822" lon="-49.519332"><ele>583.5</ele></trkpt>
      <trkpt lat="-26.657612" lon="-49.519408"><ele>581.25</ele></trkpt>
      <trkpt lat="-26.657128" lon="-49.520096"><ele>589.25</ele></trkpt>
      <trkpt lat="-26.656651" lon="-49.520303"><ele>602</ele></trkpt>
      <trkpt lat="-26.65635" lon="-49.520283"><ele>619</ele></trkpt>
      <trkpt lat="-26.656036" lon="-49.520559"><ele>628.25</ele></trkpt>
      <trkpt lat="-26.655889" lon="-49.521045"><ele>627.75</ele></trkpt>
      <trkpt lat="-26.656028" lon="-49.521649"><ele>612.5</ele></trkpt>
      <trkpt lat="-26.655973" lon="-49.521815"><ele>612.5</ele></trkpt>
      <trkpt lat="-26.655593" lon="-49.522177"><ele>625.75</ele></trkpt>
      <trkpt lat="-26.655261" lon="-49.523111"><ele>622.5</ele></trkpt>
      <trkpt lat="-26.654986" lon="-49.523306"><ele>629.75</ele></trkpt>
      <trkpt lat="-26.654811" lon="-49.523251"><ele>631.75</ele></trkpt>
      <trkpt lat="-26.654484" lon="-49.522714"><ele>649.75</ele></trkpt>
      <trkpt lat="-26.65427" lon="-49.522637"><ele>653.5</ele></trkpt>
      <trkpt lat="-26.653609" lon="-49.522715"><ele>643.75</ele></trkpt>
      <trkpt lat="-26.653438" lon="-49.522668"><ele>643.75</ele></trkpt>
      <trkpt lat="-26.653239" lon="-49.522411"><ele>652</ele></trkpt>
      <trkpt lat="-26.653344" lon="-49.521415"><ele>668.5</ele></trkpt>
      <trkpt lat="-26.652833" lon="-49.520459"><ele>673</ele></trkpt>
      <trkpt lat="-26.652942" lon="-49.517593"><ele>698</ele></trkpt>
      <trkpt lat="-26.652824" lon="-49.517224"><ele>700.5</ele></trkpt>
      <trkpt lat="-26.651527" lon="-49.515738"><ele>711.75</ele></trkpt>
      <trkpt lat="-26.651268" lon="-49.515235"><ele>710</ele></trkpt>
      <trkpt lat="-26.651218" lon="-49.514764"><ele>708</ele></trkpt>
      <trkpt lat="-26.651331" lon="-49.513792"><ele>706.25</ele></trkpt>
      <trkpt lat="-26.651282" lon="-49.513425"><ele>706.75</ele></trkpt>
      <trkpt lat="-26.651116" lon="-49.513074"><ele>708.5</ele></trkpt>
      <trkpt lat="-26.650795" lon="-49.512738"><ele>709.5</ele></trkpt>
      <trkpt lat="-26.650391" lon="-49.51259"><ele>714</ele></trkpt>
      <trkpt lat="-26.648909" lon="-49.512909"><ele>718.5</ele></trkpt>
      <trkpt lat="-26.648333" lon="-49.512847"><ele>717.75</ele></trkpt>
      <trkpt lat="-26.647825" lon="-49.512656"><ele>720.25</ele></trkpt>
      <trkpt lat="-26.647544" lon="-49.512459"><ele>723</ele></trkpt>
      <trkpt lat="-26.647273" lon="-49.512109"><ele>729</ele></trkpt>
      <trkpt lat="-26.64647" lon="-49.510662"><ele>729.25</ele></trkpt>
      <trkpt lat="-26.646062" lon="-49.51033"><ele>732</ele></trkpt>
      <trkpt lat="-26.645768" lon="-49.510233"><ele>734.25</ele></trkpt>
      <trkpt lat="-26.645515" lon="-49.510247"><ele>734.75</ele></trkpt>
      <trkpt lat="-26.645217" lon="-49.510378"><ele>732.75</ele></trkpt>
      <trkpt lat="-26.644162" lon="-49.510968"><ele>721.75</ele></trkpt>
      <trkpt lat="-26.642934" lon="-49.511333"><ele>709.5</ele></trkpt>
      <trkpt lat="-26.642618" lon="-49.511502"><ele>707</ele></trkpt>
      <trkpt lat="-26.642308" lon="-49.511817"><ele>709.75</ele></trkpt>
      <trkpt lat="-26.641561" lon="-49.513053"><ele>721.75</ele></trkpt>
      <trkpt lat="-26.641259" lon="-49.514077"><ele>735.5</ele></trkpt>
      <trkpt lat="-26.641149" lon="-49.514989"><ele>743.25</ele></trkpt>
      <trkpt lat="-26.64122" lon="-49.516423"><ele>740.5</ele></trkpt>
      <trkpt lat="-26.641096" lon="-49.516861"><ele>736</ele></trkpt>
      <trkpt lat="-26.640723" lon="-49.517361"><ele>733.25</ele></trkpt>
      <trkpt lat="-26.640017" lon="-49.517682"><ele>735.25</ele></trkpt>
      <trkpt lat="-26.639092" lon="-49.518546"><ele>732.25</ele></trkpt>
      <trkpt lat="-26.638655" lon="-49.518787"><ele>727.5</ele></trkpt>
      <trkpt lat="-26.638061" lon="-49.518633"><ele>721</ele></trkpt>
      <trkpt lat="-26.637212" lon="-49.517773"><ele>717.5</ele></trkpt>
      <trkpt lat="-26.636713" lon="-49.517473"><ele>712.5</ele></trkpt>
      <trkpt lat="-26.635284" lon="-49.517323"><ele>705.25</ele></trkpt>
      <trkpt lat="-26.634862" lon="-49.51713"><ele>705.75</ele></trkpt>
      <trkpt lat="-26.634474" lon="-49.516738"><ele>709</ele></trkpt>
      <trkpt lat="-26.633256" lon="-49.514951"><ele>717.5</ele></trkpt>
      <trkpt lat="-26.632811" lon="-49.514448"><ele>720.5</ele></trkpt>
      <trkpt lat="-26.63222" lon="-49.51421"><ele>718</ele></trkpt>
      <trkpt lat="-26.631727" lon="-49.514185"><ele>715.25</ele></trkpt>
      <trkpt lat="-26.631151" lon="-49.514394"><ele>711.75</ele></trkpt>
      <trkpt lat="-26.629945" lon="-49.515716"><ele>697.5</ele></trkpt>
      <trkpt lat="-26.629667" lon="-49.515864"><ele>695</ele></trkpt>
      <trkpt lat="-26.626451" lon="-49.515976"><ele>682.25</ele></trkpt>
      <trkpt lat="-26.62539" lon="-49.516397"><ele>678.75</ele></trkpt>
      <trkpt lat="-26.624979" lon="-49.51669"><ele>676</ele></trkpt>
      <trkpt lat="-26.623413" lon="-49.518404"><ele>678</ele></trkpt>
      <trkpt lat="-26.622562" lon="-49.518613"><ele>686</ele></trkpt>
      <trkpt lat="-26.622083" lon="-49.518932"><ele>691.25</ele></trkpt>
      <trkpt lat="-26.621903" lon="-49.519246"><ele>695.75</ele></trkpt>
      <trkpt lat="-26.621603" lon="-49.520225"><ele>709.5</ele></trkpt>
      <trkpt lat="-26.621447" lon="-49.520391"><ele>711.5</ele></trkpt>
      <trkpt lat="-26.621222" lon="-49.520499"><ele>713.75</ele></trkpt>
      <trkpt lat="-26.6205" lon="-49.520627"><ele>718</ele></trkpt>
      <trkpt lat="-26.620073" lon="-49.520925"><ele>726</ele></trkpt>
      <trkpt lat="-26.619872" lon="-49.520976"><ele>729</ele></trkpt>
      <trkpt lat="-26.617587" lon="-49.52063"><ele>749.25</ele></trkpt>
      <trkpt lat="-26.616999" lon="-49.520788"><ele>746.75</ele></trkpt>
      <trkpt lat="-26.616807" lon="-49.520941"><ele>748</ele></trkpt>
      <trkpt lat="-26.616654" lon="-49.521228"><ele>752.5</ele></trkpt>
      <trkpt lat="-26.616582" lon="-49.521974"><ele>771.5</ele></trkpt>
      <trkpt lat="-26.616452" lon="-49.522247"><ele>776.5</ele></trkpt>
      <trkpt lat="-26.616344" lon="-49.522392"><ele>778</ele></trkpt>
      <trkpt lat="-26.615769" lon="-49.522588"><ele>768.25</ele></trkpt>
      <trkpt lat="-26.615546" lon="-49.522768"><ele>768.25</ele></trkpt>
      <trkpt lat="-26.615421" lon="-49.523041"><ele>772.5</ele></trkpt>
      <trkpt lat="-26.615388" lon="-49.523511"><ele>783.5</ele></trkpt>
      <trkpt lat="-26.615184" lon="-49.524034"><ele>781.25</ele></trkpt>
      <trkpt lat="-26.615241" lon="-49.524989"><ele>797.5</ele></trkpt>
      <trkpt lat="-26.614935" lon="-49.525807"><ele>804.25</ele></trkpt>
      <trkpt lat="-26.61492" lon="-49.526273"><ele>811.75</ele></trkpt>
      <trkpt lat="-26.614707" lon="-49.527405"><ele>809</ele></trkpt>
      <trkpt lat="-26.614726" lon="-49.528044"><ele>816.5</ele></trkpt>
      <trkpt lat="-26.614906" lon="-49.529047"><ele>826.25</ele></trkpt>
      <trkpt lat="-26.614882" lon="-49.529449"><ele>826.25</ele></trkpt>
      <trkpt lat="-26.614606" lon="-49.53002"><ele>825.75</ele></trkpt>
      <trkpt lat="-26.614222675636" lon="-49.530337707262"></trkpt>
      <trkpt lat="-26.611578" lon="-49.530738"><ele>817.25</ele></trkpt>
      <trkpt lat="-26.611118" lon="-49.530944"><ele>822</ele></trkpt>
      <trkpt lat="-26.610761" lon="-49.531354"><ele>827.25</ele></trkpt>
      <trkpt lat="-26.610478" lon="-49.531895"><ele>831.75</ele></trkpt>
      <trkpt lat="-26.609804" lon="-49.534128"><ele>842.75</ele></trkpt>
      <trkpt lat="-26.609602" lon="-49.534514"><ele>845</ele></trkpt>
      <trkpt lat="-26.609119" lon="-49.534918"><ele>848.25</ele></trkpt>
      <trkpt lat="-26.607793" lon="-49.535438"><ele>843.75</ele></trkpt>
      <trkpt lat="-26.606733" lon="-49.536214"><ele>829</ele></trkpt>
      <trkpt lat="-26.606162" lon="-49.536393"><ele>829</ele></trkpt>
      <trkpt lat="-26.605536" lon="-49.536259"><ele>833</ele></trkpt>
      <trkpt lat="-26.605205" lon="-49.53605"><ele>836.75</ele></trkpt>
      <trkpt lat="-26.604549" lon="-49.535173"><ele>842.25</ele></trkpt>
      <trkpt lat="-26.603752" lon="-49.53438"><ele>842.75</ele></trkpt>
      <trkpt lat="-26.603285" lon="-49.534205"><ele>844</ele></trkpt>
      <trkpt lat="-26.602799" lon="-49.534137"><ele>844.5</ele></trkpt>
      <trkpt lat="-26.60238" lon="-49.534189"><ele>845</ele></trkpt>
      <trkpt lat="-26.601614" lon="-49.534593"><ele>841.25</ele></trkpt>
      <trkpt lat="-26.598647" lon="-49.537472"><ele>827.25</ele></trkpt>
      <trkpt lat="-26.598209" lon="-49.537707"><ele>826.25</ele></trkpt>
      <trkpt lat="-26.597573" lon="-49.537896"><ele>830.75</ele></trkpt>
      <trkpt lat="-26.596867" lon="-49.537858"><ele>837</ele></trkpt>
      <trkpt lat="-26.595381" lon="-49.537579"><ele>854</ele></trkpt>
      <trkpt lat="-26.593901" lon="-49.537491"><ele>870.5</ele></trkpt>
      <trkpt lat="-26.592415" lon="-49.536955"><ele>878.5</ele></trkpt>
      <trkpt lat="-26.591882" lon="-49.536838"><ele>880.25</ele></trkpt>
      <trkpt lat="-26.591267" lon="-49.536809"><ele>881.75</ele></trkpt>
      <trkpt lat="-26.590652" lon="-49.536908"><ele>882.25</ele></trkpt>
      <trkpt lat="-26.590087" lon="-49.5371"><ele>882</ele></trkpt>
      <trkpt lat="-26.589402" lon="-49.537499"><ele>885</ele></trkpt>
      <trkpt lat="-26.588863" lon="-49.538048"><ele>884</ele></trkpt>
      <trkpt lat="-26.586068" lon="-49.542102"><ele>901.75</ele></trkpt>
      <trkpt lat="-26.585303" lon="-49.542804"><ele>900</ele></trkpt>
      <trkpt lat="-26.583898" lon="-49.54367"><ele>907</ele></trkpt>
      <trkpt lat="-26.583365" lon="-49.543973"><ele>907.75</ele></trkpt>
      <trkpt lat="-26.581916" lon="-49.544274"><ele>914</ele></trkpt>
      <trkpt lat="-26.581015" lon="-49.544252"><ele>915.25</ele></trkpt>
      <trkpt lat="-26.579547" lon="-49.543941"><ele>924.25</ele></trkpt>
      <trkpt lat="-26.578615" lon="-49.543985"><ele>927</ele></trkpt>
      <trkpt lat="-26.577116" lon="-49.54461"><ele>932.25</ele></trkpt>
      <trkpt lat="-26.575991" lon="-49.545905"><ele>935.5</ele></trkpt>
      <trkpt lat="-26.574384" lon="-49.548694"><ele>927.75</ele></trkpt>
      <trkpt lat="-26.573899" lon="-49.5492"><ele>930.5</ele></trkpt>
      <trkpt lat="-26.572814" lon="-49.550641"><ele>920</ele></trkpt>
      <trkpt lat="-26.572494" lon="-49.550915"><ele>916.25</ele></trkpt>
      <trkpt lat="-26.571511" lon="-49.551183"><ele>907.75</ele></trkpt>
      <trkpt lat="-26.570439" lon="-49.55109"><ele>920</ele></trkpt>
      <trkpt lat="-26.569703" lon="-49.550769"><ele>929.25</ele></trkpt>
      <trkpt lat="-26.568942" lon="-49.550929"><ele>939.25</ele></trkpt>
      <trkpt lat="-26.568489" lon="-49.551204"><ele>943</ele></trkpt>
      <trkpt lat="-26.568091" lon="-49.551598"><ele>945.5</ele></trkpt>
      <trkpt lat="-26.567709" lon="-49.552414"><ele>947.5</ele></trkpt>
      <trkpt lat="-26.567452" lon="-49.552782"><ele>948</ele></trkpt>
      <trkpt lat="-26.566485" lon="-49.553613"><ele>948.75</ele></trkpt>
      <trkpt lat="-26.565347" lon="-49.554032"><ele>957</ele></trkpt>
      <trkpt lat="-26.564683" lon="-49.554112"><ele>957.25</ele></trkpt>
      <trkpt lat="-26.564034" lon="-49.554031"><ele>954.25</ele></trkpt>
      <trkpt lat="-26.55762" lon="-49.552524"><ele>933.25</ele></trkpt>
      <trkpt lat="-26.556953" lon="-49.552449"><ele>930.75</ele></trkpt>
      <trkpt lat="-26.555767" lon="-49.552693"><ele>923.75</ele></trkpt>
      <trkpt lat="-26.555206" lon="-49.553061"><ele>923.5</ele></trkpt>
      <trkpt lat="-26.554346" lon="-49.553956"><ele>930</ele></trkpt>
      <trkpt lat="-26.553637" lon="-49.555284"><ele>932.5</ele></trkpt>
      <trkpt lat="-26.552375" lon="-49.556376"><ele>940.75</ele></trkpt>
      <trkpt lat="-26.552068" lon="-49.556735"><ele>941.75</ele></trkpt>
      <trkpt lat="-26.551777" lon="-49.557314"><ele>946</ele></trkpt>
      <trkpt lat="-26.551671" lon="-49.558096"><ele>953.25</ele></trkpt>
      <trkpt lat="-26.551767" lon="-49.558878"><ele>957.75</ele></trkpt>
      <trkpt lat="-26.552052" lon="-49.55957"><ele>961.5</ele></trkpt>
      <trkpt lat="-26.552694" lon="-49.560557"><ele>968.5</ele></trkpt>
      <trkpt lat="-26.552843" lon="-49.561051"><ele>970.25</ele></trkpt>
      <trkpt lat="-26.552799" lon="-49.561979"><ele>967.75</ele></trkpt>
      <trkpt lat="-26.552507" lon="-49.562555"><ele>964</ele></trkpt>
      <trkpt lat="-26.551928" lon="-49.562979"><ele>962</ele></trkpt>
      <trkpt lat="-26.55145" lon="-49.563138"><ele>962</ele></trkpt>
      <trkpt lat="-26.550808" lon="-49.563018"><ele>962.25</ele></trkpt>
      <trkpt lat="-26.549836" lon="-49.562482"><ele>965</ele></trkpt>
      <trkpt lat="-26.549086" lon="-49.562534"><ele>961.5</ele></trkpt>
      <trkpt lat="-26.548625" lon="-49.562805"><ele>959.75</ele></trkpt>
      <trkpt lat="-26.548178" lon="-49.563457"><ele>956.5</ele></trkpt>
      <trkpt lat="-26.547868" lon="-49.564703"><ele>953.25</ele></trkpt>
      <trkpt lat="-26.547712" lon="-49.565022"><ele>954</ele></trkpt>
      <trkpt lat="-26.547474" lon="-49.565348"><ele>956</ele></trkpt>
      <trkpt lat="-26.546906" lon="-49.565791"><ele>954.75</ele></trkpt>
      <trkpt lat="-26.545984" lon="-49.566162"><ele>953.25</ele></trkpt>
      <trkpt lat="-26.545635" lon="-49.566387"><ele>952.25</ele></trkpt>
      <trkpt lat="-26.545315" lon="-49.566861"><ele>950.75</ele></trkpt>
      <trkpt lat="-26.544916" lon="-49.567924"><ele>950.25</ele></trkpt>
      <trkpt lat="-26.544544" lon="-49.568452"><ele>944</ele></trkpt>
      <trkpt lat="-26.544003" lon="-49.568936"><ele>940.75</ele></trkpt>
      <trkpt lat="-26.542309" lon="-49.569666"><ele>940.25</ele></trkpt>
      <trkpt lat="-26.541877" lon="-49.570202"><ele>938.5</ele></trkpt>
      <trkpt lat="-26.541592" lon="-49.571148"><ele>935.25</ele></trkpt>
      <trkpt lat="-26.541161" lon="-49.571863"><ele>933.25</ele></trkpt>
      <trkpt lat="-26.537917" lon="-49.574134"><ele>918</ele></trkpt>
      <trkpt lat="-26.537399" lon="-49.574571"><ele>916.75</ele></trkpt>
      <trkpt lat="-26.537023" lon="-49.575172"><ele>914</ele></trkpt>
      <trkpt lat="-26.536326" lon="-49.576848"><ele>909.25</ele></trkpt>
      <trkpt lat="-26.534979" lon="-49.579416"><ele>910.5</ele></trkpt>
      <trkpt lat="-26.534557" lon="-49.579907"><ele>907.25</ele></trkpt>
      <trkpt lat="-26.534411" lon="-49.579978"><ele>906.25</ele></trkpt>
      <trkpt lat="-26.533516" lon="-49.579617"><ele>903</ele></trkpt>
      <trkpt lat="-26.532291" lon="-49.578961"><ele>895.25</ele></trkpt>
      <trkpt lat="-26.53186" lon="-49.579023"><ele>895.75</ele></trkpt>
      <trkpt lat="-26.530884" lon="-49.579406"><ele>905.75</ele></trkpt>
      <trkpt lat="-26.530374" lon="-49.579395"><ele>909.75</ele></trkpt>
      <trkpt lat="-26.530087" lon="-49.579303"><ele>911.5</ele></trkpt>
      <trkpt lat="-26.528509" lon="-49.578472"><ele>910.5</ele></trkpt>
      <trkpt lat="-26.527291" lon="-49.577672"><ele>903.75</ele></trkpt>
      <trkpt lat="-26.526997" lon="-49.577586"><ele>903.75</ele></trkpt>
      <trkpt lat="-26.525838" lon="-49.57755"><ele>916.75</ele></trkpt>
      <trkpt lat="-26.525021" lon="-49.577342"><ele>926.75</ele></trkpt>
      <trkpt lat="-26.524437" lon="-49.577044"><ele>929.5</ele></trkpt>
      <trkpt lat="-26.523531" lon="-49.57631"><ele>934</ele></trkpt>
      <trkpt lat="-26.522794" lon="-49.576049"><ele>937.75</ele></trkpt>
      <trkpt lat="-26.521909" lon="-49.576125"><ele>936.75</ele></trkpt>
      <trkpt lat="-26.51524" lon="-49.577734"><ele>927.25</ele></trkpt>
      <trkpt lat="-26.514542" lon="-49.577685"><ele>934.75</ele></trkpt>
      <trkpt lat="-26.514158" lon="-49.577491"><ele>938.75</ele></trkpt>
      <trkpt lat="-26.513839" lon="-49.577216"><ele>938</ele></trkpt>
      <trkpt lat="-26.513073" lon="-49.575828"><ele>939.25</ele></trkpt>
      <trkpt lat="-26.510892" lon="-49.573162"><ele>943</ele></trkpt>
      <trkpt lat="-26.510394" lon="-49.572076"><ele>943</ele></trkpt>
      <trkpt lat="-26.510137" lon="-49.570765"><ele>937.25</ele></trkpt>
      <trkpt lat="-26.509962" lon="-49.570275"><ele>938.5</ele></trkpt>
      <trkpt lat="-26.509547" lon="-49.569651"><ele>942.25</ele></trkpt>
      <trkpt lat="-26.509078" lon="-49.569367"><ele>943.25</ele></trkpt>
      <trkpt lat="-26.506396" lon="-49.568276"><ele>928.5</ele></trkpt>
      <trkpt lat="-26.506101" lon="-49.568084"><ele>927.5</ele></trkpt>
      <trkpt lat="-26.505587" lon="-49.567491"><ele>929</ele></trkpt>
      <trkpt lat="-26.504864" lon="-49.565915"><ele>935.5</ele></trkpt>
      <trkpt lat="-26.504194" lon="-49.565097"><ele>932.25</ele></trkpt>
      <trkpt lat="-26.503632" lon="-49.56476"><ele>938.25</ele></trkpt>
      <trkpt lat="-26.502853" lon="-49.56459"><ele>947.25</ele></trkpt>
      <trkpt lat="-26.502426" lon="-49.564613"><ele>953.5</ele></trkpt>
      <trkpt lat="-26.501865" lon="-49.56479"><ele>960.75</ele></trkpt>
      <trkpt lat="-26.4975" lon="-49.566652"><ele>956</ele></trkpt>
      <trkpt lat="-26.496328" lon="-49.566858"><ele>960.75</ele></trkpt>
      <trkpt lat="-26.495692" lon="-49.566812"><ele>968</ele></trkpt>
      <trkpt lat="-26.488462" lon="-49.564789"><ele>977.25</ele></trkpt>
      <trkpt lat="-26.483671" lon="-49.56465"><ele>986.75</ele></trkpt>
      <trkpt lat="-26.48302" lon="-49.564798"><ele>986.75</ele></trkpt>
      <trkpt lat="-26.480185" lon="-49.56616"><ele>980.5</ele></trkpt>
      <trkpt lat="-26.479626" lon="-49.566284"><ele>978.25</ele></trkpt>
      <trkpt lat="-26.478829" lon="-49.566176"><ele>976.75</ele></trkpt>
      <trkpt lat="-26.476931" lon="-49.56509"><ele>973.75</ele></trkpt>
      <trkpt lat="-26.476252" lon="-49.564931"><ele>974</ele></trkpt>
      <trkpt lat="-26.475744" lon="-49.564948"><ele>974</ele></trkpt>
      <trkpt lat="-26.472769" lon="-49.566355"><ele>975.5</ele></trkpt>
      <trkpt lat="-26.472367" lon="-49.566651"><ele>976.25</ele></trkpt>
      <trkpt lat="-26.470786" lon="-49.56893"><ele>977.75</ele></trkpt>
      <trkpt lat="-26.469668" lon="-49.571612"><ele>984.75</ele></trkpt>
      <trkpt lat="-26.468856" lon="-49.572304"><ele>983.5</ele></trkpt>
      <trkpt lat="-26.468514" lon="-49.572492"><ele>983.5</ele></trkpt>
      <trkpt lat="-26.467951" lon="-49.572641"><ele>980.5</ele></trkpt>
      <trkpt lat="-26.467251" lon="-49.572631"><ele>977.5</ele></trkpt>
      <trkpt lat="-26.466781" lon="-49.572524"><ele>978.5</ele></trkpt>
      <trkpt lat="-26.465402" lon="-49.571797"><ele>977</ele></trkpt>
      <trkpt lat="-26.464771" lon="-49.571565"><ele>977.25</ele></trkpt>
      <trkpt lat="-26.464109" lon="-49.571529"><ele>975.5</ele></trkpt>
      <trkpt lat="-26.463405" lon="-49.571839"><ele>975.25</ele></trkpt>
      <trkpt lat="-26.462827" lon="-49.572304"><ele>978.5</ele></trkpt>
      <trkpt lat="-26.461426" lon="-49.574198"><ele>971.75</ele></trkpt>
      <trkpt lat="-26.460865" lon="-49.574727"><ele>971</ele></trkpt>
      <trkpt lat="-26.460093" lon="-49.575081"><ele>969.25</ele></trkpt>
      <trkpt lat="-26.459364" lon="-49.5752"><ele>961.75</ele></trkpt>
      <trkpt lat="-26.458522" lon="-49.575016"><ele>959</ele></trkpt>
      <trkpt lat="-26.458043" lon="-49.575024"><ele>960.5</ele></trkpt>
      <trkpt lat="-26.453765" lon="-49.573786"><ele>949.75</ele></trkpt>
      <trkpt lat="-26.453647" lon="-49.573668"><ele>949.25</ele></trkpt>
      <trkpt lat="-26.452771" lon="-49.57401"><ele>943.5</ele></trkpt>
      <trkpt lat="-26.451728" lon="-49.57413"><ele>941</ele></trkpt>
      <trkpt lat="-26.451117" lon="-49.574058"><ele>938.25</ele></trkpt>
      <trkpt lat="-26.450349" lon="-49.57383"><ele>926.5</ele></trkpt>
      <trkpt lat="-26.449938" lon="-49.573638"><ele>921</ele></trkpt>
      <trkpt lat="-26.449085" lon="-49.57305"><ele>907</ele></trkpt>
      <trkpt lat="-26.445974" lon="-49.570499"><ele>885.75</ele></trkpt>
      <trkpt lat="-26.445396" lon="-49.570192"><ele>882.25</ele></trkpt>
      <trkpt lat="-26.444598" lon="-49.569926"><ele>875.25</ele></trkpt>
      <trkpt lat="-26.443642" lon="-49.569801"><ele>869.25</ele></trkpt>
      <trkpt lat="-26.442299" lon="-49.56991"><ele>864.5</ele></trkpt>
      <trkpt lat="-26.441517" lon="-49.570183"><ele>854.5</ele></trkpt>
      <trkpt lat="-26.440793" lon="-49.570575"><ele>845.25</ele></trkpt>
      <trkpt lat="-26.440732" lon="-49.569961"><ele>844.75</ele></trkpt>
      <trkpt lat="-26.441045" lon="-49.568838"><ele>847.25</ele></trkpt>
      <trkpt lat="-26.441625" lon="-49.568164"><ele>850.25</ele></trkpt>
      <trkpt lat="-26.443546" lon="-49.567295"><ele>847.5</ele></trkpt>
      <trkpt lat="-26.44444" lon="-49.567121"><ele>843.25</ele></trkpt>
      <trkpt lat="-26.446224" lon="-49.567614"><ele>844.75</ele></trkpt>
      <trkpt lat="-26.446479" lon="-49.567577"><ele>843.5</ele></trkpt>
      <trkpt lat="-26.44693" lon="-49.566938"><ele>839</ele></trkpt>
      <trkpt lat="-26.447627" lon="-49.565522"><ele>839.5</ele></trkpt>
      <trkpt lat="-26.448225" lon="-49.564707"><ele>842.25</ele></trkpt>
      <trkpt lat="-26.448467" lon="-49.564648"><ele>843.75</ele></trkpt>
      <trkpt lat="-26.449497" lon="-49.564921"><ele>857.75</ele></trkpt>
      <trkpt lat="-26.450391" lon="-49.565043"><ele>865.5</ele></trkpt>
      <trkpt lat="-26.450929" lon="-49.56472"><ele>864.75</ele></trkpt>
      <trkpt lat="-26.451099" lon="-49.564693"><ele>863.5</ele></trkpt>
      <trkpt lat="-26.451983" lon="-49.564945"><ele>861.25</ele></trkpt>
      <trkpt lat="-26.452446" lon="-49.56497"><ele>857.25</ele></trkpt>
      <trkpt lat="-26.452619" lon="-49.564811"><ele>855</ele></trkpt>
      <trkpt lat="-26.453044" lon="-49.563583"><ele>852.75</ele></trkpt>
      <trkpt lat="-26.4543" lon="-49.562185"><ele>848.25</ele></trkpt>
      <trkpt lat="-26.454407" lon="-49.561375"><ele>842.75</ele></trkpt>
      <trkpt lat="-26.454266" lon="-49.559872"><ele>834.75</ele></trkpt>
      <trkpt lat="-26.45467" lon="-49.558216"><ele>836</ele></trkpt>
      <trkpt lat="-26.456524" lon="-49.556822"><ele>837.75</ele></trkpt>
      <trkpt lat="-26.457056" lon="-49.555844"><ele>835.5</ele></trkpt>
      <trkpt lat="-26.457232" lon="-49.555247"><ele>834.5</ele></trkpt>
      <trkpt lat="-26.457954" lon="-49.554123"><ele>832.75</ele></trkpt>
      <trkpt lat="-26.457992" lon="-49.553794"><ele>835</ele></trkpt>
      <trkpt lat="-26.457884" lon="-49.552649"><ele>845.25</ele></trkpt>
      <trkpt lat="-26.458807" lon="-49.549973"><ele>848.5</ele></trkpt>
      <trkpt lat="-26.459182" lon="-49.549647"><ele>850</ele></trkpt>
      <trkpt lat="-26.460351" lon="-49.549327"><ele>853.75</ele></trkpt>
      <trkpt lat="-26.460902" lon="-49.549048"><ele>855.5</ele></trkpt>
      <trkpt lat="-26.461092" lon="-49.548837"><ele>854.5</ele></trkpt>
      <trkpt lat="-26.461659" lon="-49.547775"><ele>858.25</ele></trkpt>
      <trkpt lat="-26.462506" lon="-49.546903"><ele>863</ele></trkpt>
      <trkpt lat="-26.46251" lon="-49.546034"><ele>861</ele></trkpt>
      <trkpt lat="-26.461679" lon="-49.544299"><ele>846</ele></trkpt>
      <trkpt lat="-26.461492" lon="-49.543658"><ele>843</ele></trkpt>
      <trkpt lat="-26.461219" lon="-49.542342"><ele>839.75</ele></trkpt>
      <trkpt lat="-26.461247" lon="-49.541528"><ele>838</ele></trkpt>
      <trkpt lat="-26.461386" lon="-49.54116"><ele>838.5</ele></trkpt>
      <trkpt lat="-26.461732" lon="-49.540767"><ele>838.25</ele></trkpt>
      <trkpt lat="-26.462335" lon="-49.540384"><ele>842.25</ele></trkpt>
      <trkpt lat="-26.463743" lon="-49.539755"><ele>862.75</ele></trkpt>
      <trkpt lat="-26.463953" lon="-49.539548"><ele>865.25</ele></trkpt>
      <trkpt lat="-26.465509" lon="-49.535022"><ele>866.5</ele></trkpt>
      <trkpt lat="-26.462421" lon="-49.534374"><ele>868.5</ele></trkpt>
      <trkpt lat="-26.460714" lon="-49.534459"><ele>853.25</ele></trkpt>
      <trkpt lat="-26.460217" lon="-49.534188"><ele>851.25</ele></trkpt>
      <trkpt lat="-26.45983" lon="-49.534355"><ele>848.25</ele></trkpt>
      <trkpt lat="-26.459591" lon="-49.53428"><ele>847.5</ele></trkpt>
      <trkpt lat="-26.45983" lon="-49.534355"><ele>848.25</ele></trkpt>
      <trkpt lat="-26.460217" lon="-49.534188"><ele>851.25</ele></trkpt>
      <trkpt lat="-26.460714" lon="-49.534459"><ele>853.25</ele></trkpt>
      <trkpt lat="-26.462421" lon="-49.534374"><ele>868.5</ele></trkpt>
      <trkpt lat="-26.465509" lon="-49.535022"><ele>866.5</ele></trkpt>
      <trkpt lat="-26.465881" lon="-49.534345"><ele>866.75</ele></trkpt>
      <trkpt lat="-26.467794" lon="-49.532398"><ele>868.75</ele></trkpt>
      <trkpt lat="-26.468067" lon="-49.531985"><ele>864.75</ele></trkpt>
      <trkpt lat="-26.468129" lon="-49.5316"><ele>860.25</ele></trkpt>
      <trkpt lat="-26.468079" lon="-49.529631"><ele>871.25</ele></trkpt>
      <trkpt lat="-26.468211" lon="-49.52925"><ele>873.5</ele></trkpt>
      <trkpt lat="-26.469051" lon="-49.528662"><ele>881</ele></trkpt>
      <trkpt lat="-26.471106" lon="-49.526611"><ele>886.25</ele></trkpt>
      <trkpt lat="-26.471565" lon="-49.526222"><ele>887</ele></trkpt>
      <trkpt lat="-26.47204" lon="-49.525997"><ele>887</ele></trkpt>
      <trkpt lat="-26.472203" lon="-49.525775"><ele>886.5</ele></trkpt>
      <trkpt lat="-26.4723" lon="-49.52544"><ele>887.25</ele></trkpt>
      <trkpt lat="-26.472273" lon="-49.525187"><ele>887.25</ele></trkpt>
      <trkpt lat="-26.471798" lon="-49.524475"><ele>881.75</ele></trkpt>
      <trkpt lat="-26.47181" lon="-49.524265"><ele>880.5</ele></trkpt>
      <trkpt lat="-26.471946" lon="-49.523997"><ele>878.25</ele></trkpt>
      <trkpt lat="-26.473425" lon="-49.52274"><ele>875.5</ele></trkpt>
      <trkpt lat="-26.475289" lon="-49.522082"><ele>888.75</ele></trkpt>
      <trkpt lat="-26.476561" lon="-49.521327"><ele>892.25</ele></trkpt>
      <trkpt lat="-26.476744" lon="-49.521133"><ele>891.75</ele></trkpt>
      <trkpt lat="-26.476841" lon="-49.520689"><ele>892</ele></trkpt>
      <trkpt lat="-26.476654" lon="-49.52023"><ele>895</ele></trkpt>
      <trkpt lat="-26.476452" lon="-49.520047"><ele>896.5</ele></trkpt>
      <trkpt lat="-26.474853" lon="-49.519191"><ele>906.5</ele></trkpt>
      <trkpt lat="-26.474604" lon="-49.518915"><ele>907.5</ele></trkpt>
      <trkpt lat="-26.474538" lon="-49.518658"><ele>907.75</ele></trkpt>
      <trkpt lat="-26.474608" lon="-49.518316"><ele>909.75</ele></trkpt>
      <trkpt lat="-26.475102" lon="-49.5173"><ele>912.5</ele></trkpt>
      <trkpt lat="-26.475164" lon="-49.516716"><ele>910</ele></trkpt>
      <trkpt lat="-26.475418" lon="-49.515931"><ele>909</ele></trkpt>
      <trkpt lat="-26.475378" lon="-49.515576"><ele>910.25</ele></trkpt>
      <trkpt lat="-26.475028" lon="-49.514732"><ele>912.25</ele></trkpt>
      <trkpt lat="-26.47502" lon="-49.514296"><ele>913.75</ele></trkpt>
      <trkpt lat="-26.475133" lon="-49.513993"><ele>913.75</ele></trkpt>
      <trkpt lat="-26.475674" lon="-49.513549"><ele>916</ele></trkpt>
      <trkpt lat="-26.476981" lon="-49.51288"><ele>921.25</ele></trkpt>
      <trkpt lat="-26.477752" lon="-49.512234"><ele>917.25</ele></trkpt>
      <trkpt lat="-26.478051" lon="-49.511744"><ele>914.25</ele></trkpt>
      <trkpt lat="-26.478191" lon="-49.511121"><ele>911.75</ele></trkpt>
      <trkpt lat="-26.478125" lon="-49.51081"><ele>911</ele></trkpt>
      <trkpt lat="-26.477137" lon="-49.510273"><ele>916.5</ele></trkpt>
      <trkpt lat="-26.476296" lon="-49.509281"><ele>919.25</ele></trkpt>
      <trkpt lat="-26.47616" lon="-49.508946"><ele>918.25</ele></trkpt>
      <trkpt lat="-26.476094" lon="-49.508378"><ele>919</ele></trkpt>
      <trkpt lat="-26.475487" lon="-49.507584"><ele>919.75</ele></trkpt>
      <trkpt lat="-26.475051" lon="-49.506327"><ele>918.75</ele></trkpt>
      <trkpt lat="-26.475125" lon="-49.505864"><ele>922.75</ele></trkpt>
      <trkpt lat="-26.475826" lon="-49.504358"><ele>923.75</ele></trkpt>
      <trkpt lat="-26.47668" lon="-49.503006"><ele>911</ele></trkpt>
      <trkpt lat="-26.476865" lon="-49.502238"><ele>905.75</ele></trkpt>
      <trkpt lat="-26.476905" lon="-49.501699"><ele>904.25</ele></trkpt>
      <trkpt lat="-26.476361" lon="-49.500313"><ele>914</ele></trkpt>
      <trkpt lat="-26.475487" lon="-49.499443"><ele>928.25</ele></trkpt>
      <trkpt lat="-26.474883" lon="-49.499009"><ele>930.5</ele></trkpt>
      <trkpt lat="-26.47384" lon="-49.498707"><ele>924.75</ele></trkpt>
      <trkpt lat="-26.473131" lon="-49.498039"><ele>917.75</ele></trkpt>
      <trkpt lat="-26.472811" lon="-49.496873"><ele>918.25</ele></trkpt>
      <trkpt lat="-26.472362" lon="-49.495958"><ele>922.25</ele></trkpt>
      <trkpt lat="-26.472134" lon="-49.495285"><ele>922</ele></trkpt>
      <trkpt lat="-26.472193" lon="-49.49497"><ele>924.25</ele></trkpt>
      <trkpt lat="-26.47295" lon="-49.493017"><ele>914.5</ele></trkpt>
      <trkpt lat="-26.472947" lon="-49.492624"><ele>909.75</ele></trkpt>
      <trkpt lat="-26.472763" lon="-49.491812"><ele>906.75</ele></trkpt>
      <trkpt lat="-26.472984" lon="-49.490697"><ele>918.25</ele></trkpt>
      <trkpt lat="-26.472955" lon="-49.489602"><ele>924.75</ele></trkpt>
      <trkpt lat="-26.473149" lon="-49.489312"><ele>923</ele></trkpt>
      <trkpt lat="-26.474139" lon="-49.488397"><ele>916.5</ele></trkpt>
      <trkpt lat="-26.474336" lon="-49.487927"><ele>917.75</ele></trkpt>
      <trkpt lat="-26.474518" lon="-49.484908"><ele>940.75</ele></trkpt>
      <trkpt lat="-26.474715" lon="-49.483759"><ele>935</ele></trkpt>
      <trkpt lat="-26.475079" lon="-49.482406"><ele>923</ele></trkpt>
      <trkpt lat="-26.475253" lon="-49.480519"><ele>926.25</ele></trkpt>
      <trkpt lat="-26.476697" lon="-49.4785"><ele>908.5</ele></trkpt>
      <trkpt lat="-26.476945" lon="-49.478345"><ele>907.5</ele></trkpt>
      <trkpt lat="-26.47743" lon="-49.478329"><ele>909.5</ele></trkpt>
      <trkpt lat="-26.478011" lon="-49.478109"><ele>912.75</ele></trkpt>
      <trkpt lat="-26.478131" lon="-49.477798"><ele>912.75</ele></trkpt>
      <trkpt lat="-26.478117" lon="-49.477444"><ele>910.75</ele></trkpt>
      <trkpt lat="-26.47877" lon="-49.476183"><ele>911.75</ele></trkpt>
      <trkpt lat="-26.479607" lon="-49.475636"><ele>907.75</ele></trkpt>
      <trkpt lat="-26.479885" lon="-49.475314"><ele>904.5</ele></trkpt>
      <trkpt lat="-26.480527" lon="-49.475293"><ele>910</ele></trkpt>
      <trkpt lat="-26.480911" lon="-49.474783"><ele>906.25</ele></trkpt>
      <trkpt lat="-26.481583" lon="-49.474407"><ele>905</ele></trkpt>
      <trkpt lat="-26.482001" lon="-49.473394"><ele>910.25</ele></trkpt>
      <trkpt lat="-26.482179" lon="-49.473141"><ele>913.5</ele></trkpt>
      <trkpt lat="-26.482323" lon="-49.472004"><ele>910.25</ele></trkpt>
      <trkpt lat="-26.482702" lon="-49.471452"><ele>911</ele></trkpt>
      <trkpt lat="-26.482798" lon="-49.470593"><ele>913.75</ele></trkpt>
      <trkpt lat="-26.48299" lon="-49.47033"><ele>917.5</ele></trkpt>
      <trkpt lat="-26.483274" lon="-49.470121"><ele>922.75</ele></trkpt>
      <trkpt lat="-26.48396" lon="-49.469826"><ele>926.25</ele></trkpt>
      <trkpt lat="-26.484354" lon="-49.46952"><ele>927.25</ele></trkpt>
      <trkpt lat="-26.484517" lon="-49.469086"><ele>927.5</ele></trkpt>
      <trkpt lat="-26.484608" lon="-49.46819"><ele>917.75</ele></trkpt>
      <trkpt lat="-26.484892" lon="-49.467123"><ele>913</ele></trkpt>
      <trkpt lat="-26.485634" lon="-49.465723"><ele>929.75</ele></trkpt>
      <trkpt lat="-26.486807" lon="-49.465025"><ele>938.25</ele></trkpt>
      <trkpt lat="-26.488026" lon="-49.464687"><ele>942</ele></trkpt>
      <trkpt lat="-26.488247" lon="-49.464521"><ele>942.75</ele></trkpt>
      <trkpt lat="-26.488982" lon="-49.463399"><ele>940.5</ele></trkpt>
      <trkpt lat="-26.489278" lon="-49.462339"><ele>928</ele></trkpt>
      <trkpt lat="-26.489439" lon="-49.46129"><ele>919.75</ele></trkpt>
      <trkpt lat="-26.48968" lon="-49.461082"><ele>917</ele></trkpt>
      <trkpt lat="-26.490663" lon="-49.460758"><ele>917</ele></trkpt>
      <trkpt lat="-26.491049" lon="-49.460214"><ele>919.5</ele></trkpt>
      <trkpt lat="-26.491169" lon="-49.459658"><ele>925</ele></trkpt>
      <trkpt lat="-26.490624" lon="-49.458976"><ele>925.25</ele></trkpt>
      <trkpt lat="-26.490545" lon="-49.458729"><ele>925.25</ele></trkpt>
      <trkpt lat="-26.490624" lon="-49.458347"><ele>927.5</ele></trkpt>
      <trkpt lat="-26.491037" lon="-49.457919"><ele>928.75</ele></trkpt>
      <trkpt lat="-26.491432" lon="-49.457511"><ele>927.25</ele></trkpt>
      <trkpt lat="-26.492268" lon="-49.457273"><ele>922.5</ele></trkpt>
      <trkpt lat="-26.494356" lon="-49.457268"><ele>926.75</ele></trkpt>
      <trkpt lat="-26.495368" lon="-49.457676"><ele>938</ele></trkpt>
      <trkpt lat="-26.497447" lon="-49.457005"><ele>927.25</ele></trkpt>
      <trkpt lat="-26.498006" lon="-49.456465"><ele>928</ele></trkpt>
      <trkpt lat="-26.497924" lon="-49.455818"><ele>922.5</ele></trkpt>
      <trkpt lat="-26.498838" lon="-49.454526"><ele>931.25</ele></trkpt>
      <trkpt lat="-26.498753" lon="-49.454066"><ele>933.5</ele></trkpt>
      <trkpt lat="-26.499207" lon="-49.453146"><ele>946.75</ele></trkpt>
      <trkpt lat="-26.499732" lon="-49.452751"><ele>958.5</ele></trkpt>
      <trkpt lat="-26.500236" lon="-49.450804"><ele>957.25</ele></trkpt>
      <trkpt lat="-26.50051" lon="-49.450428"><ele>946</ele></trkpt>
      <trkpt lat="-26.502392" lon="-49.449549"><ele>911</ele></trkpt>
      <trkpt lat="-26.502668" lon="-49.449256"><ele>908.25</ele></trkpt>
      <trkpt lat="-26.5033" lon="-49.448883"><ele>908.5</ele></trkpt>
      <trkpt lat="-26.505342" lon="-49.448374"><ele>907</ele></trkpt>
      <trkpt lat="-26.506852" lon="-49.447778"><ele>905.5</ele></trkpt>
      <trkpt lat="-26.507208" lon="-49.447417"><ele>903.75</ele></trkpt>
      <trkpt lat="-26.507351" lon="-49.446883"><ele>899.5</ele></trkpt>
      <trkpt lat="-26.507388" lon="-49.446009"><ele>892.5</ele></trkpt>
      <trkpt lat="-26.508946" lon="-49.443822"><ele>882</ele></trkpt>
      <trkpt lat="-26.50939" lon="-49.442743"><ele>890.75</ele></trkpt>
      <trkpt lat="-26.509383" lon="-49.44231"><ele>893</ele></trkpt>
      <trkpt lat="-26.509619" lon="-49.441997"><ele>894.75</ele></trkpt>
      <trkpt lat="-26.509573" lon="-49.441894"><ele>895</ele></trkpt>
      <trkpt lat="-26.50882" lon="-49.441398"><ele>902</ele></trkpt>
      <trkpt lat="-26.508757" lon="-49.440875"><ele>908.5</ele></trkpt>
      <trkpt lat="-26.508323" lon="-49.440078"><ele>919.5</ele></trkpt>
      <trkpt lat="-26.508322" lon="-49.439877"><ele>921</ele></trkpt>
      <trkpt lat="-26.508589" lon="-49.439241"><ele>924.5</ele></trkpt>
      <trkpt lat="-26.508589" lon="-49.438946"><ele>925.25</ele></trkpt>
      <trkpt lat="-26.508206" lon="-49.43794"><ele>923.25</ele></trkpt>
      <trkpt lat="-26.508589" lon="-49.437274"><ele>920.75</ele></trkpt>
      <trkpt lat="-26.508977" lon="-49.437042"><ele>916.75</ele></trkpt>
      <trkpt lat="-26.50937" lon="-49.436975"><ele>915.5</ele></trkpt>
      <trkpt lat="-26.509707" lon="-49.43665"><ele>913.5</ele></trkpt>
      <trkpt lat="-26.509795" lon="-49.436262"><ele>910.25</ele></trkpt>
      <trkpt lat="-26.509545" lon="-49.435793"><ele>903.75</ele></trkpt>
      <trkpt lat="-26.509605" lon="-49.435437"><ele>900</ele></trkpt>
      <trkpt lat="-26.510298" lon="-49.43347"><ele>905.5</ele></trkpt>
      <trkpt lat="-26.509868" lon="-49.432247"><ele>911.5</ele></trkpt>
      <trkpt lat="-26.509873" lon="-49.431395"><ele>913.75</ele></trkpt>
      <trkpt lat="-26.510113" lon="-49.430636"><ele>915.25</ele></trkpt>
      <trkpt lat="-26.510566" lon="-49.430203"><ele>920.75</ele></trkpt>
      <trkpt lat="-26.511148" lon="-49.430022"><ele>924.25</ele></trkpt>
      <trkpt lat="-26.511859" lon="-49.429955"><ele>924.75</ele></trkpt>
      <trkpt lat="-26.513277" lon="-49.428277"><ele>894.75</ele></trkpt>
      <trkpt lat="-26.513633" lon="-49.42758"><ele>890.5</ele></trkpt>
      <trkpt lat="-26.513808" lon="-49.426466"><ele>899.25</ele></trkpt>
      <trkpt lat="-26.514677" lon="-49.425676"><ele>912</ele></trkpt>
      <trkpt lat="-26.514686" lon="-49.424736"><ele>919.75</ele></trkpt>
      <trkpt lat="-26.514834" lon="-49.424427"><ele>921.25</ele></trkpt>
      <trkpt lat="-26.51579" lon="-49.423147"><ele>925</ele></trkpt>
      <trkpt lat="-26.515688" lon="-49.422125"><ele>931.5</ele></trkpt>
      <trkpt lat="-26.516155" lon="-49.420943"><ele>930.5</ele></trkpt>
      <trkpt lat="-26.516182" lon="-49.420561"><ele>931</ele></trkpt>
      <trkpt lat="-26.51543" lon="-49.418878"><ele>929.5</ele></trkpt>
      <trkpt lat="-26.515808" lon="-49.417928"><ele>936</ele></trkpt>
      <trkpt lat="-26.516025" lon="-49.41622"><ele>937.75</ele></trkpt>
      <trkpt lat="-26.516356" lon="-49.415822"><ele>937</ele></trkpt>
      <trkpt lat="-26.518008" lon="-49.41537"><ele>931.75</ele></trkpt>
      <trkpt lat="-26.518932" lon="-49.414603"><ele>927.25</ele></trkpt>
      <trkpt lat="-26.51916" lon="-49.414575"><ele>927.5</ele></trkpt>
      <trkpt lat="-26.51982" lon="-49.414865"><ele>922.25</ele></trkpt>
      <trkpt lat="-26.520879" lon="-49.415119"><ele>926.25</ele></trkpt>
      <trkpt lat="-26.521443" lon="-49.414062"><ele>937.25</ele></trkpt>
      <trkpt lat="-26.522177" lon="-49.413407"><ele>935.5</ele></trkpt>
      <trkpt lat="-26.522584" lon="-49.412725"><ele>932.75</ele></trkpt>
      <trkpt lat="-26.52284" lon="-49.411993"><ele>931</ele></trkpt>
      <trkpt lat="-26.523728" lon="-49.41083"><ele>934.75</ele></trkpt>
      <trkpt lat="-26.523714" lon="-49.41015"><ele>935.5</ele></trkpt>
      <trkpt lat="-26.523596" lon="-49.409797"><ele>934.25</ele></trkpt>
      <trkpt lat="-26.523285" lon="-49.409395"><ele>931</ele></trkpt>
      <trkpt lat="-26.523203" lon="-49.408424"><ele>919.5</ele></trkpt>
      <trkpt lat="-26.523105" lon="-49.408149"><ele>914.75</ele></trkpt>
      <trkpt lat="-26.522525" lon="-49.407702"><ele>911.75</ele></trkpt>
      <trkpt lat="-26.522203" lon="-49.407337"><ele>898.75</ele></trkpt>
      <trkpt lat="-26.521904" lon="-49.406374"><ele>882.25</ele></trkpt>
      <trkpt lat="-26.521733" lon="-49.406077"><ele>878</ele></trkpt>
      <trkpt lat="-26.521698" lon="-49.40562"><ele>875</ele></trkpt>
      <trkpt lat="-26.520916" lon="-49.40366"><ele>861</ele></trkpt>
      <trkpt lat="-26.520968" lon="-49.402803"><ele>857.25</ele></trkpt>
      <trkpt lat="-26.520821" lon="-49.401916"><ele>854.25</ele></trkpt>
      <trkpt lat="-26.520681" lon="-49.401549"><ele>851.75</ele></trkpt>
      <trkpt lat="-26.520029" lon="-49.401003"><ele>842.25</ele></trkpt>
      <trkpt lat="-26.520126" lon="-49.400388"><ele>843</ele></trkpt>
      <trkpt lat="-26.519978" lon="-49.398985"><ele>838.5</ele></trkpt>
      <trkpt lat="-26.519125" lon="-49.397781"><ele>840.75</ele></trkpt>
      <trkpt lat="-26.517811" lon="-49.396991"><ele>839.75</ele></trkpt>
      <trkpt lat="-26.517422" lon="-49.396199"><ele>833.5</ele></trkpt>
      <trkpt lat="-26.517401" lon="-49.395204"><ele>826</ele></trkpt>
      <trkpt lat="-26.517741" lon="-49.394015"><ele>815.5</ele></trkpt>
      <trkpt lat="-26.518063" lon="-49.393614"><ele>808</ele></trkpt>
      <trkpt lat="-26.518304" lon="-49.39345"><ele>803.5</ele></trkpt>
      <trkpt lat="-26.518885" lon="-49.393252"><ele>797.5</ele></trkpt>
      <trkpt lat="-26.519429" lon="-49.393201"><ele>796.75</ele></trkpt>
      <trkpt lat="-26.520001" lon="-49.392656"><ele>796.75</ele></trkpt>
      <trkpt lat="-26.52051" lon="-49.392562"><ele>799</ele></trkpt>
      <trkpt lat="-26.522153" lon="-49.392965"><ele>805.75</ele></trkpt>
      <trkpt lat="-26.522529" lon="-49.39347"><ele>803.75</ele></trkpt>
      <trkpt lat="-26.523135" lon="-49.393656"><ele>802.25</ele></trkpt>
      <trkpt lat="-26.524344" lon="-49.393646"><ele>798</ele></trkpt>
      <trkpt lat="-26.525624" lon="-49.393426"><ele>808.5</ele></trkpt>
      <trkpt lat="-26.526219" lon="-49.39382"><ele>811.75</ele></trkpt>
      <trkpt lat="-26.527793" lon="-49.393564"><ele>821.25</ele></trkpt>
      <trkpt lat="-26.52843" lon="-49.393308"><ele>822.75</ele></trkpt>
      <trkpt lat="-26.528923" lon="-49.393294"><ele>822.75</ele></trkpt>
      <trkpt lat="-26.529146" lon="-49.393162"><ele>822.5</ele></trkpt>
      <trkpt lat="-26.529244" lon="-49.392981"><ele>823</ele></trkpt>
      <trkpt lat="-26.529263" lon="-49.392437"><ele>821.25</ele></trkpt>
      <trkpt lat="-26.528915" lon="-49.391672"><ele>811.5</ele></trkpt>
      <trkpt lat="-26.528849" lon="-49.391298"><ele>810.75</ele></trkpt>
      <trkpt lat="-26.528988" lon="-49.389155"><ele>805.25</ele></trkpt>
      <trkpt lat="-26.529174" lon="-49.388854"><ele>805.5</ele></trkpt>
      <trkpt lat="-26.529879" lon="-49.388251"><ele>798.25</ele></trkpt>
      <trkpt lat="-26.530271" lon="-49.387523"><ele>798</ele></trkpt>
      <trkpt lat="-26.530607" lon="-49.386367"><ele>797.25</ele></trkpt>
      <trkpt lat="-26.530637" lon="-49.385555"><ele>796</ele></trkpt>
      <trkpt lat="-26.530996" lon="-49.38436"><ele>795.75</ele></trkpt>
      <trkpt lat="-26.531908" lon="-49.383398"><ele>790</ele></trkpt>
      <trkpt lat="-26.532305" lon="-49.382135"><ele>785.25</ele></trkpt>
      <trkpt lat="-26.533951" lon="-49.380534"><ele>768</ele></trkpt>
      <trkpt lat="-26.534207" lon="-49.379673"><ele>768.75</ele></trkpt>
      <trkpt lat="-26.534543" lon="-49.379555"><ele>771.75</ele></trkpt>
      <trkpt lat="-26.536038" lon="-49.380049"><ele>782.5</ele></trkpt>
      <trkpt lat="-26.537958" lon="-49.37993"><ele>787.5</ele></trkpt>
      <trkpt lat="-26.538515" lon="-49.380187"><ele>789.75</ele></trkpt>
      <trkpt lat="-26.53901" lon="-49.380138"><ele>790</ele></trkpt>
      <trkpt lat="-26.541336" lon="-49.379614"><ele>800.5</ele></trkpt>
      <trkpt lat="-26.543008" lon="-49.377844"><ele>785.25</ele></trkpt>
      <trkpt lat="-26.5433" lon="-49.3773"><ele>784.75</ele></trkpt>
      <trkpt lat="-26.543577" lon="-49.376104"><ele>781.75</ele></trkpt>
      <trkpt lat="-26.544724" lon="-49.373939"><ele>770.75</ele></trkpt>
      <trkpt lat="-26.545016" lon="-49.373672"><ele>768</ele></trkpt>
      <trkpt lat="-26.545423" lon="-49.373751"><ele>767.25</ele></trkpt>
      <trkpt lat="-26.545838" lon="-49.374038"><ele>768.5</ele></trkpt>
      <trkpt lat="-26.546351" lon="-49.374137"><ele>765.25</ele></trkpt>
      <trkpt lat="-26.547139" lon="-49.374562"><ele>761</ele></trkpt>
      <trkpt lat="-26.547404" lon="-49.375007"><ele>758.5</ele></trkpt>
      <trkpt lat="-26.54782" lon="-49.375056"><ele>761.5</ele></trkpt>
      <trkpt lat="-26.548058" lon="-49.374829"><ele>761.5</ele></trkpt>
      <trkpt lat="-26.548333" lon="-49.374354"><ele>757.25</ele></trkpt>
      <trkpt lat="-26.548819" lon="-49.374216"><ele>755.5</ele></trkpt>
      <trkpt lat="-26.549323" lon="-49.374265"><ele>755.5</ele></trkpt>
      <trkpt lat="-26.550262" lon="-49.375074"><ele>755.75</ele></trkpt>
      <trkpt lat="-26.550703" lon="-49.37556"><ele>754</ele></trkpt>
      <trkpt lat="-26.551021" lon="-49.375699"><ele>753.5</ele></trkpt>
      <trkpt lat="-26.551287" lon="-49.376114"><ele>755.75</ele></trkpt>
      <trkpt lat="-26.551463" lon="-49.376816"><ele>756.5</ele></trkpt>
      <trkpt lat="-26.555859" lon="-49.378912"><ele>754.5</ele></trkpt>
      <trkpt lat="-26.556717" lon="-49.379476"><ele>754.5</ele></trkpt>
      <trkpt lat="-26.559149" lon="-49.379476"><ele>764.75</ele></trkpt>
      <trkpt lat="-26.560033" lon="-49.379693"><ele>765.5</ele></trkpt>
      <trkpt lat="-26.560953" lon="-49.379535"><ele>769.25</ele></trkpt>
      <trkpt lat="-26.562589" lon="-49.378536"><ele>776</ele></trkpt>
      <trkpt lat="-26.563473" lon="-49.377478"><ele>780.75</ele></trkpt>
      <trkpt lat="-26.56396" lon="-49.377202"><ele>784.5</ele></trkpt>
      <trkpt lat="-26.56464" lon="-49.37738"><ele>791.5</ele></trkpt>
      <trkpt lat="-26.565038" lon="-49.377894"><ele>793</ele></trkpt>
      <trkpt lat="-26.566002" lon="-49.377795"><ele>792</ele></trkpt>
      <trkpt lat="-26.566391" lon="-49.377251"><ele>790.75</ele></trkpt>
      <trkpt lat="-26.56801" lon="-49.376134"><ele>767.25</ele></trkpt>
      <trkpt lat="-26.568699" lon="-49.373573"><ele>748.25</ele></trkpt>
      <trkpt lat="-26.568186" lon="-49.372169"><ele>749.25</ele></trkpt>
      <trkpt lat="-26.56824" lon="-49.371378"><ele>753.5</ele></trkpt>
      <trkpt lat="-26.56839" lon="-49.370894"><ele>756.5</ele></trkpt>
      <trkpt lat="-26.568098" lon="-49.37035"><ele>756.75</ele></trkpt>
      <trkpt lat="-26.568107" lon="-49.369678"><ele>760.25</ele></trkpt>
      <trkpt lat="-26.567859" lon="-49.369015"><ele>760</ele></trkpt>
      <trkpt lat="-26.567983" lon="-49.368699"><ele>760.5</ele></trkpt>
      <trkpt lat="-26.568523" lon="-49.368373"><ele>762.75</ele></trkpt>
      <trkpt lat="-26.568779" lon="-49.367226"><ele>757</ele></trkpt>
      <trkpt lat="-26.569168" lon="-49.366969"><ele>757.75</ele></trkpt>
      <trkpt lat="-26.569548" lon="-49.366138"><ele>760</ele></trkpt>
      <trkpt lat="-26.570724" lon="-49.365318"><ele>766</ele></trkpt>
      <trkpt lat="-26.571052" lon="-49.364556"><ele>763.75</ele></trkpt>
      <trkpt lat="-26.570954" lon="-49.363973"><ele>755</ele></trkpt>
      <trkpt lat="-26.572007" lon="-49.363182"><ele>754.5</ele></trkpt>
      <trkpt lat="-26.57213" lon="-49.362193"><ele>745.5</ele></trkpt>
      <trkpt lat="-26.572528" lon="-49.361323"><ele>747.75</ele></trkpt>
      <trkpt lat="-26.5729" lon="-49.360948"><ele>754</ele></trkpt>
      <trkpt lat="-26.573041" lon="-49.360503"><ele>756.25</ele></trkpt>
      <trkpt lat="-26.57244" lon="-49.359732"><ele>728</ele></trkpt>
      <trkpt lat="-26.572289" lon="-49.359326"><ele>723</ele></trkpt>
      <trkpt lat="-26.572962" lon="-49.358595"><ele>731</ele></trkpt>
      <trkpt lat="-26.572864" lon="-49.357754"><ele>718</ele></trkpt>
      <trkpt lat="-26.572144" lon="-49.357018"><ele>696.75</ele></trkpt>
      <trkpt lat="-26.571819" lon="-49.356856"><ele>687.25</ele></trkpt>
      <trkpt lat="-26.571717" lon="-49.356682"><ele>686.5</ele></trkpt>
      <trkpt lat="-26.572257" lon="-49.355636"><ele>679.5</ele></trkpt>
      <trkpt lat="-26.572248" lon="-49.355312"><ele>670.75</ele></trkpt>
      <trkpt lat="-26.572691" lon="-49.354865"><ele>663.5</ele></trkpt>
      <trkpt lat="-26.572896" lon="-49.354787"><ele>661.5</ele></trkpt>
      <trkpt lat="-26.573075" lon="-49.354844"><ele>663</ele></trkpt>
      <trkpt lat="-26.573253" lon="-49.354996"><ele>666</ele></trkpt>
      <trkpt lat="-26.573507" lon="-49.355514"><ele>680.5</ele></trkpt>
      <trkpt lat="-26.573772" lon="-49.355556"><ele>681.5</ele></trkpt>
      <trkpt lat="-26.574285" lon="-49.355062"><ele>669</ele></trkpt>
      <trkpt lat="-26.574682" lon="-49.354822"><ele>673.25</ele></trkpt>
      <trkpt lat="-26.574683" lon="-49.354689"><ele>674.25</ele></trkpt>
      <trkpt lat="-26.574208" lon="-49.353661"><ele>670.75</ele></trkpt>
      <trkpt lat="-26.573737" lon="-49.35328"><ele>663.25</ele></trkpt>
      <trkpt lat="-26.573706" lon="-49.352331"><ele>672.75</ele></trkpt>
      <trkpt lat="-26.573625" lon="-49.35201"><ele>670</ele></trkpt>
      <trkpt lat="-26.573726" lon="-49.351675"><ele>675</ele></trkpt>
      <trkpt lat="-26.574018" lon="-49.351336"><ele>682.75</ele></trkpt>
      <trkpt lat="-26.574012" lon="-49.350788"><ele>676</ele></trkpt>
      <trkpt lat="-26.574573" lon="-49.349888"><ele>679</ele></trkpt>
      <trkpt lat="-26.574795" lon="-49.349673"><ele>681.5</ele></trkpt>
      <trkpt lat="-26.575346" lon="-49.349554"><ele>676.25</ele></trkpt>
      <trkpt lat="-26.575481" lon="-49.349643"><ele>675.25</ele></trkpt>
      <trkpt lat="-26.57572" lon="-49.350141"><ele>681.5</ele></trkpt>
      <trkpt lat="-26.575893" lon="-49.350332"><ele>683.25</ele></trkpt>
      <trkpt lat="-26.576374" lon="-49.35048"><ele>674.25</ele></trkpt>
      <trkpt lat="-26.576611" lon="-49.351055"><ele>675.25</ele></trkpt>
      <trkpt lat="-26.576773" lon="-49.351179"><ele>674.25</ele></trkpt>
      <trkpt lat="-26.576936" lon="-49.351193"><ele>674.5</ele></trkpt>
      <trkpt lat="-26.577106" lon="-49.351169"><ele>674.25</ele></trkpt>
      <trkpt lat="-26.577708" lon="-49.350514"><ele>677.75</ele></trkpt>
      <trkpt lat="-26.577733" lon="-49.350193"><ele>678.5</ele></trkpt>
      <trkpt lat="-26.57759" lon="-49.349783"><ele>674.5</ele></trkpt>
      <trkpt lat="-26.577613" lon="-49.34958"><ele>673</ele></trkpt>
      <trkpt lat="-26.57843" lon="-49.349017"><ele>678.5</ele></trkpt>
      <trkpt lat="-26.578594" lon="-49.349046"><ele>677</ele></trkpt>
      <trkpt lat="-26.578891" lon="-49.349896"><ele>689.5</ele></trkpt>
      <trkpt lat="-26.579783" lon="-49.349805"><ele>686.25</ele></trkpt>
      <trkpt lat="-26.580115" lon="-49.349856"><ele>686.5</ele></trkpt>
      <trkpt lat="-26.580477" lon="-49.349694"><ele>677</ele></trkpt>
      <trkpt lat="-26.58087" lon="-49.349771"><ele>676</ele></trkpt>
      <trkpt lat="-26.581074" lon="-49.349597"><ele>674</ele></trkpt>
      <trkpt lat="-26.581499" lon="-49.348575"><ele>670.25</ele></trkpt>
      <trkpt lat="-26.581791" lon="-49.348168"><ele>674.25</ele></trkpt>
      <trkpt lat="-26.581893" lon="-49.347819"><ele>672.75</ele></trkpt>
      <trkpt lat="-26.582239" lon="-49.347564"><ele>679.75</ele></trkpt>
      <trkpt lat="-26.582268" lon="-49.347056"><ele>672.25</ele></trkpt>
      <trkpt lat="-26.582402" lon="-49.346821"><ele>671</ele></trkpt>
      <trkpt lat="-26.582798" lon="-49.346576"><ele>670</ele></trkpt>
      <trkpt lat="-26.583179" lon="-49.346608"><ele>672.75</ele></trkpt>
      <trkpt lat="-26.5838" lon="-49.346518"><ele>677.5</ele></trkpt>
      <trkpt lat="-26.584292" lon="-49.346025"><ele>676</ele></trkpt>
      <trkpt lat="-26.584712" lon="-49.344936"><ele>670.5</ele></trkpt>
      <trkpt lat="-26.585167" lon="-49.344923"><ele>677.75</ele></trkpt>
      <trkpt lat="-26.586183" lon="-49.344181"><ele>671</ele></trkpt>
      <trkpt lat="-26.586417" lon="-49.343975"><ele>669.75</ele></trkpt>
      <trkpt lat="-26.586682" lon="-49.34335"><ele>655.25</ele></trkpt>
      <trkpt lat="-26.587497" lon="-49.343146"><ele>647.25</ele></trkpt>
      <trkpt lat="-26.587614" lon="-49.343218"><ele>647.25</ele></trkpt>
      <trkpt lat="-26.587642" lon="-49.343373"><ele>648.75</ele></trkpt>
      <trkpt lat="-26.587503" lon="-49.343879"><ele>663.25</ele></trkpt>
      <trkpt lat="-26.587589" lon="-49.344026"><ele>666</ele></trkpt>
      <trkpt lat="-26.588141" lon="-49.343781"><ele>654</ele></trkpt>
      <trkpt lat="-26.588529" lon="-49.343942"><ele>655</ele></trkpt>
      <trkpt lat="-26.588915" lon="-49.343845"><ele>653</ele></trkpt>
      <trkpt lat="-26.589164" lon="-49.343568"><ele>651.25</ele></trkpt>
      <trkpt lat="-26.589341" lon="-49.342902"><ele>657.5</ele></trkpt>
      <trkpt lat="-26.589294" lon="-49.342753"><ele>656.75</ele></trkpt>
      <trkpt lat="-26.588996" lon="-49.342517"><ele>652.75</ele></trkpt>
      <trkpt lat="-26.588949" lon="-49.342264"><ele>649.25</ele></trkpt>
      <trkpt lat="-26.589421" lon="-49.341395"><ele>647.75</ele></trkpt>
      <trkpt lat="-26.589643" lon="-49.341172"><ele>648.5</ele></trkpt>
      <trkpt lat="-26.589837" lon="-49.341165"><ele>650.75</ele></trkpt>
      <trkpt lat="-26.590567" lon="-49.341393"><ele>665.25</ele></trkpt>
      <trkpt lat="-26.591471" lon="-49.341185"><ele>656</ele></trkpt>
      <trkpt lat="-26.591602" lon="-49.341232"><ele>656.5</ele></trkpt>
      <trkpt lat="-26.591813" lon="-49.34162"><ele>659</ele></trkpt>
      <trkpt lat="-26.592562" lon="-49.34248"><ele>661.75</ele></trkpt>
      <trkpt lat="-26.592734" lon="-49.342579"><ele>663.25</ele></trkpt>
      <trkpt lat="-26.59309" lon="-49.342616"><ele>660</ele></trkpt>
      <trkpt lat="-26.59356" lon="-49.342411"><ele>654.5</ele></trkpt>
      <trkpt lat="-26.593893" lon="-49.34212"><ele>653.75</ele></trkpt>
      <trkpt lat="-26.594103" lon="-49.341461"><ele>650.5</ele></trkpt>
      <trkpt lat="-26.593982" lon="-49.340969"><ele>649.5</ele></trkpt>
      <trkpt lat="-26.594176" lon="-49.34069"><ele>650.25</ele></trkpt>
      <trkpt lat="-26.59536" lon="-49.340465"><ele>659.75</ele></trkpt>
      <trkpt lat="-26.595875" lon="-49.34048"><ele>664.5</ele></trkpt>
      <trkpt lat="-26.597012" lon="-49.340238"><ele>655.75</ele></trkpt>
      <trkpt lat="-26.59751" lon="-49.340245"><ele>656.25</ele></trkpt>
      <trkpt lat="-26.597985" lon="-49.34035"><ele>652.25</ele></trkpt>
      <trkpt lat="-26.598152" lon="-49.340457"><ele>651.25</ele></trkpt>
      <trkpt lat="-26.598375" lon="-49.34079"><ele>651.75</ele></trkpt>
      <trkpt lat="-26.598567" lon="-49.341124"><ele>654.25</ele></trkpt>
      <trkpt lat="-26.59902" lon="-49.342734"><ele>658.25</ele></trkpt>
      <trkpt lat="-26.599327" lon="-49.343082"><ele>650.25</ele></trkpt>
      <trkpt lat="-26.600093" lon="-49.342969"><ele>645.5</ele></trkpt>
      <trkpt lat="-26.600874" lon="-49.342647"><ele>652.25</ele></trkpt>
      <trkpt lat="-26.60235" lon="-49.342731"><ele>653.25</ele></trkpt>
      <trkpt lat="-26.603517" lon="-49.342657"><ele>644.75</ele></trkpt>
      <trkpt lat="-26.60431" lon="-49.342301"><ele>645</ele></trkpt>
      <trkpt lat="-26.604707" lon="-49.341804"><ele>645.75</ele></trkpt>
      <trkpt lat="-26.60582" lon="-49.341088"><ele>648.75</ele></trkpt>
      <trkpt lat="-26.606409" lon="-49.340863"><ele>649</ele></trkpt>
      <trkpt lat="-26.606629" lon="-49.34065"><ele>648</ele></trkpt>
      <trkpt lat="-26.607115" lon="-49.339866"><ele>648.5</ele></trkpt>
      <trkpt lat="-26.607584" lon="-49.339582"><ele>648.75</ele></trkpt>
      <trkpt lat="-26.607956" lon="-49.339452"><ele>647</ele></trkpt>
      <trkpt lat="-26.609177" lon="-49.339459"><ele>649.75</ele></trkpt>
      <trkpt lat="-26.609271" lon="-49.339284"><ele>647.5</ele></trkpt>
      <trkpt lat="-26.60927" lon="-49.338884"><ele>640.75</ele></trkpt>
      <trkpt lat="-26.609715" lon="-49.338477"><ele>638.25</ele></trkpt>
      <trkpt lat="-26.610288" lon="-49.337674"><ele>630.75</ele></trkpt>
      <trkpt lat="-26.611311" lon="-49.337077"><ele>634.25</ele></trkpt>
      <trkpt lat="-26.61151" lon="-49.336626"><ele>636.25</ele></trkpt>
      <trkpt lat="-26.611518" lon="-49.336163"><ele>640.25</ele></trkpt>
      <trkpt lat="-26.611489" lon="-49.335837"><ele>642.25</ele></trkpt>
      <trkpt lat="-26.611272" lon="-49.33544"><ele>636.5</ele></trkpt>
      <trkpt lat="-26.61181" lon="-49.334452"><ele>639.75</ele></trkpt>
      <trkpt lat="-26.61218" lon="-49.333264"><ele>638.5</ele></trkpt>
      <trkpt lat="-26.61233" lon="-49.331988"><ele>634.25</ele></trkpt>
      <trkpt lat="-26.612334" lon="-49.3307"><ele>630</ele></trkpt>
      <trkpt lat="-26.612497" lon="-49.328344"><ele>634.75</ele></trkpt>
      <trkpt lat="-26.612746" lon="-49.327807"><ele>634</ele></trkpt>
      <trkpt lat="-26.613062" lon="-49.327484"><ele>631.75</ele></trkpt>
      <trkpt lat="-26.612948" lon="-49.326978"><ele>628</ele></trkpt>
      <trkpt lat="-26.612171" lon="-49.327174"><ele>634</ele></trkpt>
      <trkpt lat="-26.611791" lon="-49.327656"><ele>637.25</ele></trkpt>
      <trkpt lat="-26.611503" lon="-49.32846"><ele>634.5</ele></trkpt>
      <trkpt lat="-26.611225" lon="-49.328785"><ele>636</ele></trkpt>
      <trkpt lat="-26.610122" lon="-49.329429"><ele>652</ele></trkpt>
      <trkpt lat="-26.609676" lon="-49.330204"><ele>659.25</ele></trkpt>
      <trkpt lat="-26.609016" lon="-49.330311"><ele>672.75</ele></trkpt>
      <trkpt lat="-26.608625" lon="-49.330488"><ele>674</ele></trkpt>
      <trkpt lat="-26.608205" lon="-49.330861"><ele>668</ele></trkpt>
      <trkpt lat="-26.607584" lon="-49.33059"><ele>666.25</ele></trkpt>
      <trkpt lat="-26.607373" lon="-49.330046"><ele>671.25</ele></trkpt>
      <trkpt lat="-26.606448" lon="-49.329541"><ele>673</ele></trkpt>
      <trkpt lat="-26.606131" lon="-49.329482"><ele>673.75</ele></trkpt>
      <trkpt lat="-26.605357" lon="-49.329854"><ele>664.75</ele></trkpt>
      <trkpt lat="-26.604716" lon="-49.329863"><ele>661.5</ele></trkpt>
      <trkpt lat="-26.604112" lon="-49.329584"><ele>658.75</ele></trkpt>
      <trkpt lat="-26.603986" lon="-49.329329"><ele>660.75</ele></trkpt>
      <trkpt lat="-26.603359" lon="-49.328742"><ele>663</ele></trkpt>
      <trkpt lat="-26.602505" lon="-49.328675"><ele>655</ele></trkpt>
      <trkpt lat="-26.601968" lon="-49.328423"><ele>649</ele></trkpt>
      <trkpt lat="-26.60173" lon="-49.328165"><ele>648.25</ele></trkpt>
      <trkpt lat="-26.601078" lon="-49.32684"><ele>649.75</ele></trkpt>
      <trkpt lat="-26.60109" lon="-49.32629"><ele>649.75</ele></trkpt>
      <trkpt lat="-26.601272" lon="-49.325384"><ele>648.75</ele></trkpt>
      <trkpt lat="-26.601884" lon="-49.324976"><ele>657.5</ele></trkpt>
      <trkpt lat="-26.601939" lon="-49.324705"><ele>658</ele></trkpt>
      <trkpt lat="-26.60173" lon="-49.324107"><ele>653.25</ele></trkpt>
      <trkpt lat="-26.601354" lon="-49.323413"><ele>653</ele></trkpt>
      <trkpt lat="-26.600872" lon="-49.322785"><ele>656.75</ele></trkpt>
      <trkpt lat="-26.60039" lon="-49.322581"><ele>654</ele></trkpt>
      <trkpt lat="-26.600253" lon="-49.322447"><ele>654</ele></trkpt>
      <trkpt lat="-26.60002" lon="-49.322023"><ele>654.5</ele></trkpt>
      <trkpt lat="-26.599987" lon="-49.321623"><ele>657.25</ele></trkpt>
      <trkpt lat="-26.600164" lon="-49.320888"><ele>673</ele></trkpt>
      <trkpt lat="-26.59996" lon="-49.320685"><ele>666.5</ele></trkpt>
      <trkpt lat="-26.599504" lon="-49.32054"><ele>658.75</ele></trkpt>
      <trkpt lat="-26.599448" lon="-49.320416"><ele>658.5</ele></trkpt>
      <trkpt lat="-26.599456" lon="-49.3203"><ele>659.5</ele></trkpt>
      <trkpt lat="-26.599584" lon="-49.320175"><ele>661.25</ele></trkpt>
      <trkpt lat="-26.600255" lon="-49.319738"><ele>666</ele></trkpt>
      <trkpt lat="-26.600171" lon="-49.319094"><ele>655.5</ele></trkpt>
      <trkpt lat="-26.60002" lon="-49.318926"><ele>652.75</ele></trkpt>
      <trkpt lat="-26.599423" lon="-49.318625"><ele>648.25</ele></trkpt>
      <trkpt lat="-26.599277" lon="-49.318434"><ele>646.25</ele></trkpt>
      <trkpt lat="-26.599258" lon="-49.318271"><ele>646</ele></trkpt>
      <trkpt lat="-26.599469" lon="-49.317914"><ele>648</ele></trkpt>
      <trkpt lat="-26.59997" lon="-49.317506"><ele>648</ele></trkpt>
      <trkpt lat="-26.600627" lon="-49.317262"><ele>647.5</ele></trkpt>
      <trkpt lat="-26.600959" lon="-49.31681"><ele>646.25</ele></trkpt>
      <trkpt lat="-26.601395" lon="-49.316659"><ele>650.5</ele></trkpt>
      <trkpt lat="-26.601462" lon="-49.316125"><ele>651.25</ele></trkpt>
      <trkpt lat="-26.601642" lon="-49.315932"><ele>654.25</ele></trkpt>
      <trkpt lat="-26.601821" lon="-49.315441"><ele>659</ele></trkpt>
      <trkpt lat="-26.602527" lon="-49.314304"><ele>676</ele></trkpt>
      <trkpt lat="-26.602426" lon="-49.313555"><ele>670</ele></trkpt>
      <trkpt lat="-26.602484" lon="-49.313435"><ele>670.75</ele></trkpt>
      <trkpt lat="-26.602889" lon="-49.313285"><ele>682.75</ele></trkpt>
      <trkpt lat="-26.603011" lon="-49.313043"><ele>685.5</ele></trkpt>
      <trkpt lat="-26.603179" lon="-49.311396"><ele>677.75</ele></trkpt>
      <trkpt lat="-26.603555" lon="-49.310554"><ele>677.25</ele></trkpt>
      <trkpt lat="-26.603877" lon="-49.310087"><ele>680.5</ele></trkpt>
      <trkpt lat="-26.60445" lon="-49.309556"><ele>683.25</ele></trkpt>
      <trkpt lat="-26.605285" lon="-49.309256"><ele>680.5</ele></trkpt>
      <trkpt lat="-26.60597" lon="-49.30881"><ele>679.25</ele></trkpt>
      <trkpt lat="-26.606596" lon="-49.30873"><ele>682.5</ele></trkpt>
      <trkpt lat="-26.60781" lon="-49.307925"><ele>685</ele></trkpt>
      <trkpt lat="-26.608642" lon="-49.306372"><ele>690.25</ele></trkpt>
      <trkpt lat="-26.608596" lon="-49.305514"><ele>689.5</ele></trkpt>
      <trkpt lat="-26.608911" lon="-49.304696"><ele>690.75</ele></trkpt>
      <trkpt lat="-26.608911" lon="-49.304055"><ele>688.25</ele></trkpt>
      <trkpt lat="-26.609441" lon="-49.303511"><ele>693.25</ele></trkpt>
      <trkpt lat="-26.609683" lon="-49.302548"><ele>696.25</ele></trkpt>
      <trkpt lat="-26.610196" lon="-49.301477"><ele>700.5</ele></trkpt>
      <trkpt lat="-26.610633" lon="-49.301023"><ele>703</ele></trkpt>
      <trkpt lat="-26.610906" lon="-49.300539"><ele>704.25</ele></trkpt>
      <trkpt lat="-26.611177" lon="-49.300246"><ele>708.25</ele></trkpt>
      <trkpt lat="-26.611642" lon="-49.299404"><ele>712.25</ele></trkpt>
      <trkpt lat="-26.611726" lon="-49.298693"><ele>714.25</ele></trkpt>
      <trkpt lat="-26.611668" lon="-49.29846"><ele>712.75</ele></trkpt>
      <trkpt lat="-26.611234" lon="-49.297779"><ele>714.75</ele></trkpt>
      <trkpt lat="-26.61109" lon="-49.297237"><ele>714</ele></trkpt>
      <trkpt lat="-26.611184" lon="-49.296679"><ele>718</ele></trkpt>
      <trkpt lat="-26.610366" lon="-49.295332"><ele>710.25</ele></trkpt>
      <trkpt lat="-26.61027" lon="-49.295043"><ele>709</ele></trkpt>
      <trkpt lat="-26.610258" lon="-49.294391"><ele>710</ele></trkpt>
      <trkpt lat="-26.610129" lon="-49.294193"><ele>710</ele></trkpt>
      <trkpt lat="-26.609261" lon="-49.293619"><ele>707.75</ele></trkpt>
      <trkpt lat="-26.609227" lon="-49.293345"><ele>707.25</ele></trkpt>
      <trkpt lat="-26.609405" lon="-49.292825"><ele>709.25</ele></trkpt>
      <trkpt lat="-26.609328" lon="-49.292615"><ele>709.5</ele></trkpt>
      <trkpt lat="-26.609107" lon="-49.292318"><ele>713.5</ele></trkpt>
      <trkpt lat="-26.607887" lon="-49.2914"><ele>710.5</ele></trkpt>
      <trkpt lat="-26.607747" lon="-49.291237"><ele>711</ele></trkpt>
      <trkpt lat="-26.607433" lon="-49.290472"><ele>713.75</ele></trkpt>
      <trkpt lat="-26.607433" lon="-49.28948"><ele>716.5</ele></trkpt>
      <trkpt lat="-26.60792" lon="-49.288324"><ele>719</ele></trkpt>
      <trkpt lat="-26.608409" lon="-49.28771"><ele>715.75</ele></trkpt>
      <trkpt lat="-26.609347" lon="-49.287752"><ele>717.25</ele></trkpt>
      <trkpt lat="-26.60998" lon="-49.287425"><ele>716</ele></trkpt>
      <trkpt lat="-26.610429" lon="-49.287419"><ele>714.75</ele></trkpt>
      <trkpt lat="-26.610752" lon="-49.287126"><ele>715.25</ele></trkpt>
      <trkpt lat="-26.611352" lon="-49.286802"><ele>718.5</ele></trkpt>
      <trkpt lat="-26.61176" lon="-49.286713"><ele>721</ele></trkpt>
      <trkpt lat="-26.613148" lon="-49.285539"><ele>729</ele></trkpt>
      <trkpt lat="-26.613399" lon="-49.285102"><ele>723.5</ele></trkpt>
      <trkpt lat="-26.613652" lon="-49.284874"><ele>721.75</ele></trkpt>
      <trkpt lat="-26.61439" lon="-49.28435"><ele>720.25</ele></trkpt>
      <trkpt lat="-26.615148" lon="-49.284137"><ele>723.5</ele></trkpt>
      <trkpt lat="-26.61574" lon="-49.284288"><ele>728.75</ele></trkpt>
      <trkpt lat="-26.616776" lon="-49.283996"><ele>728.25</ele></trkpt>
      <trkpt lat="-26.617376" lon="-49.284014"><ele>730</ele></trkpt>
      <trkpt lat="-26.617478" lon="-49.283977"><ele>729.75</ele></trkpt>
      <trkpt lat="-26.617704" lon="-49.283638"><ele>728.5</ele></trkpt>
      <trkpt lat="-26.618313" lon="-49.283342"><ele>731.75</ele></trkpt>
      <trkpt lat="-26.620313" lon="-49.283219"><ele>737.5</ele></trkpt>
      <trkpt lat="-26.621932" lon="-49.283447"><ele>735.5</ele></trkpt>
      <trkpt lat="-26.622246" lon="-49.283154"><ele>730.75</ele></trkpt>
      <trkpt lat="-26.622513" lon="-49.283115"><ele>729</ele></trkpt>
      <trkpt lat="-26.622852" lon="-49.283207"><ele>728</ele></trkpt>
      <trkpt lat="-26.623389" lon="-49.283524"><ele>728.25</ele></trkpt>
      <trkpt lat="-26.623723" lon="-49.283897"><ele>729.75</ele></trkpt>
      <trkpt lat="-26.624593" lon="-49.284328"><ele>721</ele></trkpt>
      <trkpt lat="-26.624945" lon="-49.28435"><ele>715</ele></trkpt>
      <trkpt lat="-26.625149" lon="-49.284486"><ele>713.75</ele></trkpt>
      <trkpt lat="-26.625188" lon="-49.284633"><ele>713.75</ele></trkpt>
      <trkpt lat="-26.625673" lon="-49.284535"><ele>713.5</ele></trkpt>
      <trkpt lat="-26.625954" lon="-49.284812"><ele>712.75</ele></trkpt>
      <trkpt lat="-26.626141" lon="-49.284794"><ele>713.25</ele></trkpt>
      <trkpt lat="-26.626981" lon="-49.28504"><ele>709.5</ele></trkpt>
      <trkpt lat="-26.627394" lon="-49.285059"><ele>702.5</ele></trkpt>
      <trkpt lat="-26.627956" lon="-49.284735"><ele>693.75</ele></trkpt>
      <trkpt lat="-26.628295" lon="-49.284686"><ele>691.5</ele></trkpt>
      <trkpt lat="-26.628499" lon="-49.284464"><ele>689</ele></trkpt>
      <trkpt lat="-26.628711" lon="-49.284375"><ele>688</ele></trkpt>
      <trkpt lat="-26.628981" lon="-49.284439"><ele>688</ele></trkpt>
      <trkpt lat="-26.629843" lon="-49.284119"><ele>687.25</ele></trkpt>
      <trkpt lat="-26.630192" lon="-49.283857"><ele>688.75</ele></trkpt>
      <trkpt lat="-26.630683" lon="-49.283182"><ele>685</ele></trkpt>
      <trkpt lat="-26.631178" lon="-49.282991"><ele>684.25</ele></trkpt>
      <trkpt lat="-26.633076" lon="-49.281642"><ele>681</ele></trkpt>
      <trkpt lat="-26.633597" lon="-49.281118"><ele>683.5</ele></trkpt>
      <trkpt lat="-26.635216" lon="-49.280924"><ele>682.5</ele></trkpt>
      <trkpt lat="-26.635486" lon="-49.280776"><ele>682</ele></trkpt>
      <trkpt lat="-26.635538" lon="-49.280203"><ele>689.75</ele></trkpt>
      <trkpt lat="-26.636188" lon="-49.279935"><ele>684.75</ele></trkpt>
      <trkpt lat="-26.636364" lon="-49.279537"><ele>683.75</ele></trkpt>
      <trkpt lat="-26.636857" lon="-49.279426"><ele>677.25</ele></trkpt>
      <trkpt lat="-26.637067" lon="-49.279735"><ele>678.75</ele></trkpt>
      <trkpt lat="-26.637147" lon="-49.279728"><ele>678.5</ele></trkpt>
      <trkpt lat="-26.637472" lon="-49.279198"><ele>671.5</ele></trkpt>
      <trkpt lat="-26.638031" lon="-49.2791"><ele>667.75</ele></trkpt>
      <trkpt lat="-26.638391" lon="-49.279319"><ele>669.5</ele></trkpt>
      <trkpt lat="-26.638865" lon="-49.27939"><ele>662.75</ele></trkpt>
      <trkpt lat="-26.63903" lon="-49.279556"><ele>661</ele></trkpt>
      <trkpt lat="-26.639245" lon="-49.279858"><ele>658.5</ele></trkpt>
      <trkpt lat="-26.639314" lon="-49.280693"><ele>659.25</ele></trkpt>
      <trkpt lat="-26.639512" lon="-49.281167"><ele>658.75</ele></trkpt>
      <trkpt lat="-26.639807" lon="-49.281364"><ele>656.75</ele></trkpt>
      <trkpt lat="-26.640319" lon="-49.281441"><ele>655.5</ele></trkpt>
      <trkpt lat="-26.640622" lon="-49.281186"><ele>656.75</ele></trkpt>
      <trkpt lat="-26.640793" lon="-49.281204"><ele>657.5</ele></trkpt>
      <trkpt lat="-26.641026" lon="-49.281503"><ele>659.5</ele></trkpt>
      <trkpt lat="-26.641192" lon="-49.281957"><ele>658.5</ele></trkpt>
      <trkpt lat="-26.641621" lon="-49.282493"><ele>653</ele></trkpt>
      <trkpt lat="-26.641752" lon="-49.282852"><ele>654.75</ele></trkpt>
      <trkpt lat="-26.642587" lon="-49.283503"><ele>661.25</ele></trkpt>
      <trkpt lat="-26.643224" lon="-49.283629"><ele>666</ele></trkpt>
      <trkpt lat="-26.64366" lon="-49.283568"><ele>670.5</ele></trkpt>
      <trkpt lat="-26.644581" lon="-49.283949"><ele>675.5</ele></trkpt>
      <trkpt lat="-26.644808" lon="-49.283907"><ele>678</ele></trkpt>
      <trkpt lat="-26.645606" lon="-49.283385"><ele>680.25</ele></trkpt>
      <trkpt lat="-26.64582" lon="-49.28334"><ele>678</ele></trkpt>
      <trkpt lat="-26.64658" lon="-49.283287"><ele>678.5</ele></trkpt>
      <trkpt lat="-26.647295" lon="-49.28349"><ele>682.25</ele></trkpt>
      <trkpt lat="-26.647805" lon="-49.283311"><ele>676.5</ele></trkpt>
      <trkpt lat="-26.648329" lon="-49.283482"><ele>681.75</ele></trkpt>
      <trkpt lat="-26.648997" lon="-49.2835"><ele>679.25</ele></trkpt>
      <trkpt lat="-26.649358" lon="-49.283844"><ele>681.5</ele></trkpt>
      <trkpt lat="-26.65003" lon="-49.283906"><ele>666.25</ele></trkpt>
      <trkpt lat="-26.650192" lon="-49.284008"><ele>662.25</ele></trkpt>
      <trkpt lat="-26.650269" lon="-49.284154"><ele>659.75</ele></trkpt>
      <trkpt lat="-26.650181" lon="-49.284818"><ele>658</ele></trkpt>
      <trkpt lat="-26.650254" lon="-49.285266"><ele>652.5</ele></trkpt>
      <trkpt lat="-26.650081" lon="-49.285776"><ele>651</ele></trkpt>
      <trkpt lat="-26.650116" lon="-49.286101"><ele>647.5</ele></trkpt>
      <trkpt lat="-26.650272" lon="-49.286322"><ele>642.75</ele></trkpt>
      <trkpt lat="-26.650961" lon="-49.286559"><ele>630.75</ele></trkpt>
      <trkpt lat="-26.651259" lon="-49.286776"><ele>630.5</ele></trkpt>
      <trkpt lat="-26.651683" lon="-49.287338"><ele>631</ele></trkpt>
      <trkpt lat="-26.651747" lon="-49.288497"><ele>629.75</ele></trkpt>
      <trkpt lat="-26.651995" lon="-49.289129"><ele>629</ele></trkpt>
      <trkpt lat="-26.652445" lon="-49.289891"><ele>626.5</ele></trkpt>
      <trkpt lat="-26.652922" lon="-49.290158"><ele>625.25</ele></trkpt>
      <trkpt lat="-26.654659" lon="-49.290528"><ele>629</ele></trkpt>
      <trkpt lat="-26.654799" lon="-49.290679"><ele>629.5</ele></trkpt>
      <trkpt lat="-26.65495" lon="-49.291115"><ele>629.25</ele></trkpt>
      <trkpt lat="-26.654708" lon="-49.291906"><ele>628.5</ele></trkpt>
      <trkpt lat="-26.654981" lon="-49.292995"><ele>623.75</ele></trkpt>
      <trkpt lat="-26.654942" lon="-49.293431"><ele>622.75</ele></trkpt>
      <trkpt lat="-26.654752" lon="-49.293718"><ele>621.75</ele></trkpt>
      <trkpt lat="-26.654514" lon="-49.293855"><ele>620.75</ele></trkpt>
      <trkpt lat="-26.654407" lon="-49.294063"><ele>619.25</ele></trkpt>
      <trkpt lat="-26.654377" lon="-49.294372"><ele>618.75</ele></trkpt>
      <trkpt lat="-26.654499" lon="-49.295196"><ele>620</ele></trkpt>
      <trkpt lat="-26.654879" lon="-49.29595"><ele>621.75</ele></trkpt>
      <trkpt lat="-26.654563" lon="-49.296729"><ele>620.5</ele></trkpt>
      <trkpt lat="-26.654548" lon="-49.297177"><ele>625</ele></trkpt>
      <trkpt lat="-26.654151" lon="-49.298117"><ele>619.25</ele></trkpt>
      <trkpt lat="-26.65416" lon="-49.300232"><ele>613.5</ele></trkpt>
      <trkpt lat="-26.654617" lon="-49.300877"><ele>612.25</ele></trkpt>
      <trkpt lat="-26.654904" lon="-49.301742"><ele>607</ele></trkpt>
      <trkpt lat="-26.655779" lon="-49.302346"><ele>614.25</ele></trkpt>
      <trkpt lat="-26.655828" lon="-49.302674"><ele>612.75</ele></trkpt>
      <trkpt lat="-26.655441" lon="-49.304237"><ele>615.25</ele></trkpt>
      <trkpt lat="-26.655441" lon="-49.304694"><ele>615.25</ele></trkpt>
      <trkpt lat="-26.655656" lon="-49.305752"><ele>613.75</ele></trkpt>
      <trkpt lat="-26.656248" lon="-49.306914"><ele>612.5</ele></trkpt>
      <trkpt lat="-26.656699" lon="-49.307276"><ele>607</ele></trkpt>
      <trkpt lat="-26.657695" lon="-49.308751"><ele>590.5</ele></trkpt>
      <trkpt lat="-26.657718" lon="-49.308992"><ele>587.25</ele></trkpt>
      <trkpt lat="-26.658275" lon="-49.309538"><ele>579.25</ele></trkpt>
      <trkpt lat="-26.658314" lon="-49.310245"><ele>568.25</ele></trkpt>
      <trkpt lat="-26.658571" lon="-49.310812"><ele>560</ele></trkpt>
      <trkpt lat="-26.659136" lon="-49.311335"><ele>553.75</ele></trkpt>
      <trkpt lat="-26.659355" lon="-49.311681"><ele>550.25</ele></trkpt>
      <trkpt lat="-26.659647" lon="-49.312542"><ele>543.25</ele></trkpt>
      <trkpt lat="-26.660198" lon="-49.313136"><ele>542.75</ele></trkpt>
      <trkpt lat="-26.660337" lon="-49.313598"><ele>543.25</ele></trkpt>
      <trkpt lat="-26.660719" lon="-49.314058"><ele>538.5</ele></trkpt>
      <trkpt lat="-26.660965" lon="-49.31458"><ele>531.25</ele></trkpt>
      <trkpt lat="-26.661562" lon="-49.315125"><ele>527.25</ele></trkpt>
      <trkpt lat="-26.662239" lon="-49.315984"><ele>506.75</ele></trkpt>
      <trkpt lat="-26.662734" lon="-49.316434"><ele>491.5</ele></trkpt>
      <trkpt lat="-26.66316" lon="-49.316652"><ele>487</ele></trkpt>
      <trkpt lat="-26.663558" lon="-49.317231"><ele>466.5</ele></trkpt>
      <trkpt lat="-26.664327" lon="-49.317512"><ele>458.75</ele></trkpt>
      <trkpt lat="-26.664481" lon="-49.317866"><ele>452.5</ele></trkpt>
      <trkpt lat="-26.664202" lon="-49.318324"><ele>439.5</ele></trkpt>
      <trkpt lat="-26.664158" lon="-49.318798"><ele>431</ele></trkpt>
      <trkpt lat="-26.663982" lon="-49.319273"><ele>420.75</ele></trkpt>
      <trkpt lat="-26.664213" lon="-49.319845"><ele>407.25</ele></trkpt>
      <trkpt lat="-26.664943" lon="-49.32034"><ele>394.25</ele></trkpt>
      <trkpt lat="-26.665705" lon="-49.320357"><ele>386.75</ele></trkpt>
      <trkpt lat="-26.665952" lon="-49.320569"><ele>378</ele></trkpt>
      <trkpt lat="-26.666459" lon="-49.320409"><ele>375</ele></trkpt>
      <trkpt lat="-26.666667" lon="-49.320516"><ele>370.25</ele></trkpt>
      <trkpt lat="-26.666715" lon="-49.320722"><ele>365.5</ele></trkpt>
      <trkpt lat="-26.666492" lon="-49.320963"><ele>363</ele></trkpt>
      <trkpt lat="-26.666361" lon="-49.321317"><ele>354.75</ele></trkpt>
      <trkpt lat="-26.666123" lon="-49.321335"><ele>354.75</ele></trkpt>
      <trkpt lat="-26.665794" lon="-49.321158"><ele>361.5</ele></trkpt>
      <trkpt lat="-26.665671" lon="-49.321174"><ele>361.75</ele></trkpt>
      <trkpt lat="-26.665428" lon="-49.321432"><ele>354</ele></trkpt>
      <trkpt lat="-26.665419" lon="-49.321594"><ele>348.5</ele></trkpt>
      <trkpt lat="-26.66586" lon="-49.321575"><ele>347.75</ele></trkpt>
      <trkpt lat="-26.66608" lon="-49.321743"><ele>342.75</ele></trkpt>
      <trkpt lat="-26.666413" lon="-49.322263"><ele>325</ele></trkpt>
      <trkpt lat="-26.666919" lon="-49.322225"><ele>320.25</ele></trkpt>
      <trkpt lat="-26.667316" lon="-49.322488"><ele>305.75</ele></trkpt>
      <trkpt lat="-26.66789" lon="-49.322715"><ele>291</ele></trkpt>
      <trkpt lat="-26.668048" lon="-49.322638"><ele>289.75</ele></trkpt>
      <trkpt lat="-26.668187" lon="-49.322359"><ele>291.5</ele></trkpt>
      <trkpt lat="-26.667985" lon="-49.321843"><ele>304</ele></trkpt>
      <trkpt lat="-26.6681" lon="-49.321599"><ele>305.5</ele></trkpt>
      <trkpt lat="-26.66862" lon="-49.321711"><ele>292.25</ele></trkpt>
      <trkpt lat="-26.669327" lon="-49.322023"><ele>272.25</ele></trkpt>
      <trkpt lat="-26.669892" lon="-49.321987"><ele>262.5</ele></trkpt>
      <trkpt lat="-26.67006" lon="-49.32183"><ele>261.75</ele></trkpt>
      <trkpt lat="-26.670258" lon="-49.32145"><ele>259.25</ele></trkpt>
      <trkpt lat="-26.670973" lon="-49.320647"><ele>243.5</ele></trkpt>
      <trkpt lat="-26.671425" lon="-49.320674"><ele>233.75</ele></trkpt>
      <trkpt lat="-26.67276" lon="-49.321375"><ele>227</ele></trkpt>
      <trkpt lat="-26.672025" lon="-49.322876"><ele>221</ele></trkpt>
      <trkpt lat="-26.671116" lon="-49.325242"><ele>225.75</ele></trkpt>
      <trkpt lat="-26.670698" lon="-49.326666"><ele>231.75</ele></trkpt>
      <trkpt lat="-26.670489" lon="-49.326931"><ele>233.25</ele></trkpt>
      <trkpt lat="-26.669861" lon="-49.327325"><ele>236.75</ele></trkpt>
      <trkpt lat="-26.669571" lon="-49.327844"><ele>242</ele></trkpt>
      <trkpt lat="-26.669153" lon="-49.328269"><ele>246.75</ele></trkpt>
      <trkpt lat="-26.668283" lon="-49.328779"><ele>250.25</ele></trkpt>
      <trkpt lat="-26.667119" lon="-49.329129"><ele>250.5</ele></trkpt>
      <trkpt lat="-26.665637" lon="-49.32999"><ele>258.5</ele></trkpt>
      <trkpt lat="-26.665072" lon="-49.33021"><ele>264.5</ele></trkpt>
      <trkpt lat="-26.66463" lon="-49.330774"><ele>275.5</ele></trkpt>
      <trkpt lat="-26.663807" lon="-49.331527"><ele>284.5</ele></trkpt>
      <trkpt lat="-26.662705" lon="-49.332144"><ele>278.75</ele></trkpt>
      <trkpt lat="-26.662031" lon="-49.33276"><ele>283.75</ele></trkpt>
      <trkpt lat="-26.661702" lon="-49.333312"><ele>287.5</ele></trkpt>
      <trkpt lat="-26.660827" lon="-49.334359"><ele>296.75</ele></trkpt>
      <trkpt lat="-26.66046" lon="-49.335417"><ele>319</ele></trkpt>
      <trkpt lat="-26.659432" lon="-49.336993"><ele>326.5</ele></trkpt>
      <trkpt lat="-26.659072" lon="-49.338919"><ele>336.75</ele></trkpt>
      <trkpt lat="-26.659296" lon="-49.339551"><ele>353</ele></trkpt>
      <trkpt lat="-26.658677" lon="-49.341735"><ele>381.25</ele></trkpt>
      <trkpt lat="-26.658126" lon="-49.342398"><ele>373.25</ele></trkpt>
      <trkpt lat="-26.658072" lon="-49.343098"><ele>384</ele></trkpt>
      <trkpt lat="-26.657725" lon="-49.344065"><ele>378</ele></trkpt>
      <trkpt lat="-26.657725" lon="-49.344384"><ele>378</ele></trkpt>
      <trkpt lat="-26.657881" lon="-49.344796"><ele>383.25</ele></trkpt>
      <trkpt lat="-26.658167" lon="-49.345214"><ele>389.75</ele></trkpt>
      <trkpt lat="-26.65863" lon="-49.345473"><ele>410.75</ele></trkpt>
      <trkpt lat="-26.658827" lon="-49.345755"><ele>418.5</ele></trkpt>
      <trkpt lat="-26.658983" lon="-49.346744"><ele>410.5</ele></trkpt>
      <trkpt lat="-26.657898" lon="-49.348736"><ele>410</ele></trkpt>
      <trkpt lat="-26.657703" lon="-49.349593"><ele>413.5</ele></trkpt>
      <trkpt lat="-26.657659" lon="-49.350271"><ele>422.25</ele></trkpt>
      <trkpt lat="-26.657544" lon="-49.35056"><ele>422.75</ele></trkpt>
      <trkpt lat="-26.657323" lon="-49.350847"><ele>423</ele></trkpt>
      <trkpt lat="-26.656928" lon="-49.351105"><ele>419.5</ele></trkpt>
      <trkpt lat="-26.656017" lon="-49.351616"><ele>416.25</ele></trkpt>
      <trkpt lat="-26.655653" lon="-49.35167"><ele>418.75</ele></trkpt>
      <trkpt lat="-26.65564" lon="-49.352254"><ele>426.75</ele></trkpt>
      <trkpt lat="-26.655893" lon="-49.353227"><ele>430</ele></trkpt>
      <trkpt lat="-26.656089" lon="-49.353424"><ele>433.25</ele></trkpt>
      <trkpt lat="-26.656521" lon="-49.35439"><ele>436.25</ele></trkpt>
      <trkpt lat="-26.656247" lon="-49.355232"><ele>445.5</ele></trkpt>
      <trkpt lat="-26.656295" lon="-49.355425"><ele>447</ele></trkpt>
      <trkpt lat="-26.656458" lon="-49.355763"><ele>446.5</ele></trkpt>
      <trkpt lat="-26.656966" lon="-49.356138"><ele>447</ele></trkpt>
      <trkpt lat="-26.657397" lon="-49.357288"><ele>448.25</ele></trkpt>
      <trkpt lat="-26.657512" lon="-49.35788"><ele>457.75</ele></trkpt>
      <trkpt lat="-26.657945" lon="-49.358591"><ele>461</ele></trkpt>
      <trkpt lat="-26.658022" lon="-49.359162"><ele>466</ele></trkpt>
      <trkpt lat="-26.658609" lon="-49.360109"><ele>467.75</ele></trkpt>
      <trkpt lat="-26.658667" lon="-49.360626"><ele>472</ele></trkpt>
      <trkpt lat="-26.658571" lon="-49.361142"><ele>474.75</ele></trkpt>
      <trkpt lat="-26.658205" lon="-49.361498"><ele>481.75</ele></trkpt>
      <trkpt lat="-26.657559" lon="-49.361583"><ele>503.25</ele></trkpt>
      <trkpt lat="-26.65741" lon="-49.361681"><ele>507.25</ele></trkpt>
      <trkpt lat="-26.657212" lon="-49.362064"><ele>510.25</ele></trkpt>
      <trkpt lat="-26.65723" lon="-49.362501"><ele>502</ele></trkpt>
      <trkpt lat="-26.657038" lon="-49.362628"><ele>508.25</ele></trkpt>
      <trkpt lat="-26.656823" lon="-49.362652"><ele>515.5</ele></trkpt>
      <trkpt lat="-26.656579" lon="-49.363153"><ele>511.25</ele></trkpt>
      <trkpt lat="-26.656508" lon="-49.363083"><ele>516.25</ele></trkpt>
      <trkpt lat="-26.656627" lon="-49.362575"><ele>525</ele></trkpt>
      <trkpt lat="-26.656812" lon="-49.362267"><ele>524.25</ele></trkpt>
      <trkpt lat="-26.656875" lon="-49.361725"><ele>533</ele></trkpt>
      <trkpt lat="-26.657076" lon="-49.361527"><ele>527.75</ele></trkpt>
      <trkpt lat="-26.657234" lon="-49.361148"><ele>530.25</ele></trkpt>
      <trkpt lat="-26.657573" lon="-49.360945"><ele>521.25</ele></trkpt>
      <trkpt lat="-26.657544" lon="-49.360741"><ele>523.75</ele></trkpt>
      <trkpt lat="-26.657437" lon="-49.360626"><ele>526</ele></trkpt>
      <trkpt lat="-26.656722" lon="-49.360383"><ele>549.5</ele></trkpt>
      <trkpt lat="-26.656296" lon="-49.35982"><ele>556.25</ele></trkpt>
      <trkpt lat="-26.655925" lon="-49.359485"><ele>563.25</ele></trkpt>
      <trkpt lat="-26.655787" lon="-49.359128"><ele>557.25</ele></trkpt>
      <trkpt lat="-26.655434" lon="-49.359032"><ele>565</ele></trkpt>
      <trkpt lat="-26.655268" lon="-49.358787"><ele>564</ele></trkpt>
      <trkpt lat="-26.654597" lon="-49.358419"><ele>576.5</ele></trkpt>
      <trkpt lat="-26.654505" lon="-49.35825"><ele>576.5</ele></trkpt>
      <trkpt lat="-26.654544" lon="-49.357919"><ele>569.5</ele></trkpt>
      <trkpt lat="-26.654164" lon="-49.357525"><ele>578.25</ele></trkpt>
      <trkpt lat="-26.65408" lon="-49.357393"><ele>579.75</ele></trkpt>
      <trkpt lat="-26.654085" lon="-49.357078"><ele>576.5</ele></trkpt>
      <trkpt lat="-26.653982" lon="-49.357042"><ele>580.5</ele></trkpt>
      <trkpt lat="-26.653942" lon="-49.357468"><ele>585</ele></trkpt>
      <trkpt lat="-26.654029" lon="-49.357816"><ele>585.75</ele></trkpt>
      <trkpt lat="-26.653975" lon="-49.358154"><ele>590.5</ele></trkpt>
      <trkpt lat="-26.653731" lon="-49.358613"><ele>600.5</ele></trkpt>
      <trkpt lat="-26.65375" lon="-49.358817"><ele>602.75</ele></trkpt>
      <trkpt lat="-26.654063" lon="-49.358984"><ele>600</ele></trkpt>
      <trkpt lat="-26.654299" lon="-49.359528"><ele>605.75</ele></trkpt>
      <trkpt lat="-26.654554" lon="-49.359748"><ele>607</ele></trkpt>
      <trkpt lat="-26.654698" lon="-49.360071"><ele>614.5</ele></trkpt>
      <trkpt lat="-26.65478" lon="-49.360136"><ele>615.5</ele></trkpt>
      <trkpt lat="-26.655069" lon="-49.360028"><ele>607.5</ele></trkpt>
      <trkpt lat="-26.655131" lon="-49.360162"><ele>609</ele></trkpt>
      <trkpt lat="-26.655078" lon="-49.360233"><ele>612.25</ele></trkpt>
      <trkpt lat="-26.654751" lon="-49.360384"><ele>623.75</ele></trkpt>
      <trkpt lat="-26.654361" lon="-49.360098"><ele>620</ele></trkpt>
      <trkpt lat="-26.653856" lon="-49.360222"><ele>634.25</ele></trkpt>
      <trkpt lat="-26.653457" lon="-49.36013"><ele>637.25</ele></trkpt>
      <trkpt lat="-26.652918" lon="-49.359824"><ele>633</ele></trkpt>
      <trkpt lat="-26.652649" lon="-49.359845"><ele>636.25</ele></trkpt>
      <trkpt lat="-26.652427" lon="-49.359996"><ele>641.5</ele></trkpt>
      <trkpt lat="-26.652124" lon="-49.359937"><ele>644.25</ele></trkpt>
      <trkpt lat="-26.651749" lon="-49.359996"><ele>649</ele></trkpt>
      <trkpt lat="-26.651345" lon="-49.360222"><ele>655.75</ele></trkpt>
      <trkpt lat="-26.651194" lon="-49.360499"><ele>660.75</ele></trkpt>
      <trkpt lat="-26.651073" lon="-49.360573"><ele>662</ele></trkpt>
      <trkpt lat="-26.650508" lon="-49.360475"><ele>659.5</ele></trkpt>
      <trkpt lat="-26.649863" lon="-49.361153"><ele>671.5</ele></trkpt>
      <trkpt lat="-26.648867" lon="-49.361691"><ele>681.5</ele></trkpt>
      <trkpt lat="-26.647857" lon="-49.361266"><ele>672.5</ele></trkpt>
      <trkpt lat="-26.647472" lon="-49.361465"><ele>676.25</ele></trkpt>
      <trkpt lat="-26.646529" lon="-49.362095"><ele>675.75</ele></trkpt>
      <trkpt lat="-26.646428" lon="-49.362364"><ele>677</ele></trkpt>
      <trkpt lat="-26.646443" lon="-49.362703"><ele>677.75</ele></trkpt>
      <trkpt lat="-26.646635" lon="-49.363032"><ele>679.5</ele></trkpt>
      <trkpt lat="-26.647068" lon="-49.36343"><ele>684.25</ele></trkpt>
      <trkpt lat="-26.647188" lon="-49.363715"><ele>686.75</ele></trkpt>
      <trkpt lat="-26.647059" lon="-49.364065"><ele>687.25</ele></trkpt>
      <trkpt lat="-26.646322" lon="-49.36441"><ele>687</ele></trkpt>
      <trkpt lat="-26.645889" lon="-49.36449"><ele>685.5</ele></trkpt>
      <trkpt lat="-26.644865" lon="-49.364921"><ele>689</ele></trkpt>
      <trkpt lat="-26.644538" lon="-49.365233"><ele>691</ele></trkpt>
      <trkpt lat="-26.644667" lon="-49.365879"><ele>690.75</ele></trkpt>
      <trkpt lat="-26.644456" lon="-49.366364"><ele>685.75</ele></trkpt>
      <trkpt lat="-26.643936" lon="-49.366746"><ele>684</ele></trkpt>
      <trkpt lat="-26.643662" lon="-49.367252"><ele>678.25</ele></trkpt>
      <trkpt lat="-26.642907" lon="-49.368057"><ele>667.5</ele></trkpt>
      <trkpt lat="-26.642315" lon="-49.368184"><ele>664.75</ele></trkpt>
      <trkpt lat="-26.641835" lon="-49.368127"><ele>662.75</ele></trkpt>
      <trkpt lat="-26.640907" lon="-49.367449"><ele>660.5</ele></trkpt>
      <trkpt lat="-26.640144" lon="-49.367671"><ele>659.5</ele></trkpt>
      <trkpt lat="-26.639502" lon="-49.368007"><ele>657.25</ele></trkpt>
      <trkpt lat="-26.638708" lon="-49.367689"><ele>657.75</ele></trkpt>
      <trkpt lat="-26.638389" lon="-49.367688"><ele>655.5</ele></trkpt>
      <trkpt lat="-26.637739" lon="-49.367855"><ele>659.75</ele></trkpt>
      <trkpt lat="-26.637151" lon="-49.367494"><ele>655.5</ele></trkpt>
      <trkpt lat="-26.636989" lon="-49.367512"><ele>657.5</ele></trkpt>
      <trkpt lat="-26.63683" lon="-49.367656"><ele>661</ele></trkpt>
      <trkpt lat="-26.636609" lon="-49.368325"><ele>668.5</ele></trkpt>
      <trkpt lat="-26.635507" lon="-49.368431"><ele>667.5</ele></trkpt>
      <trkpt lat="-26.634807" lon="-49.368184"><ele>663.75</ele></trkpt>
      <trkpt lat="-26.634477" lon="-49.368761"><ele>666</ele></trkpt>
      <trkpt lat="-26.63383" lon="-49.369203"><ele>664.5</ele></trkpt>
      <trkpt lat="-26.633703" lon="-49.369246"><ele>663</ele></trkpt>
      <trkpt lat="-26.633174" lon="-49.369166"><ele>656</ele></trkpt>
      <trkpt lat="-26.633094" lon="-49.369233"><ele>655.75</ele></trkpt>
      <trkpt lat="-26.633135" lon="-49.369839"><ele>658.25</ele></trkpt>
      <trkpt lat="-26.632951" lon="-49.370071"><ele>656.25</ele></trkpt>
      <trkpt lat="-26.63241" lon="-49.370304"><ele>648.25</ele></trkpt>
      <trkpt lat="-26.632056" lon="-49.370729"><ele>644.5</ele></trkpt>
      <trkpt lat="-26.631951" lon="-49.371052"><ele>643.25</ele></trkpt>
      <trkpt lat="-26.631994" lon="-49.371413"><ele>643.25</ele></trkpt>
      <trkpt lat="-26.632237" lon="-49.371608"><ele>644</ele></trkpt>
      <trkpt lat="-26.632649" lon="-49.371651"><ele>648.25</ele></trkpt>
      <trkpt lat="-26.632985" lon="-49.371783"><ele>653.75</ele></trkpt>
      <trkpt lat="-26.633294" lon="-49.372144"><ele>651.5</ele></trkpt>
      <trkpt lat="-26.633332" lon="-49.372382"><ele>646.5</ele></trkpt>
      <trkpt lat="-26.633203" lon="-49.37267"><ele>647</ele></trkpt>
      <trkpt lat="-26.632936" lon="-49.372802"><ele>650</ele></trkpt>
      <trkpt lat="-26.631892" lon="-49.373031"><ele>655.5</ele></trkpt>
      <trkpt lat="-26.63105" lon="-49.372878"><ele>649.5</ele></trkpt>
      <trkpt lat="-26.629901" lon="-49.372328"><ele>645.75</ele></trkpt>
      <trkpt lat="-26.629459" lon="-49.372215"><ele>648.5</ele></trkpt>
      <trkpt lat="-26.628287" lon="-49.371323"><ele>646</ele></trkpt>
      <trkpt lat="-26.627406" lon="-49.370888"><ele>646</ele></trkpt>
      <trkpt lat="-26.626903" lon="-49.370761"><ele>642.75</ele></trkpt>
      <trkpt lat="-26.62519" lon="-49.371413"><ele>639.25</ele></trkpt>
      <trkpt lat="-26.623798" lon="-49.372186"><ele>637.25</ele></trkpt>
      <trkpt lat="-26.623656" lon="-49.372382"><ele>637.25</ele></trkpt>
      <trkpt lat="-26.62354" lon="-49.373119"><ele>638.25</ele></trkpt>
      <trkpt lat="-26.623603" lon="-49.374018"><ele>641.25</ele></trkpt>
      <trkpt lat="-26.623885" lon="-49.374959"><ele>642</ele></trkpt>
      <trkpt lat="-26.623701" lon="-49.375956"><ele>649.75</ele></trkpt>
      <trkpt lat="-26.623204" lon="-49.376253"><ele>646.75</ele></trkpt>
      <trkpt lat="-26.622782" lon="-49.376283"><ele>648</ele></trkpt>
      <trkpt lat="-26.622469" lon="-49.37607"><ele>645.75</ele></trkpt>
      <trkpt lat="-26.62217" lon="-49.376184"><ele>644.5</ele></trkpt>
      <trkpt lat="-26.622" lon="-49.37655"><ele>644.75</ele></trkpt>
      <trkpt lat="-26.621646" lon="-49.376854"><ele>643.5</ele></trkpt>
      <trkpt lat="-26.621149" lon="-49.377105"><ele>643.75</ele></trkpt>
      <trkpt lat="-26.620822" lon="-49.377463"><ele>642.75</ele></trkpt>
      <trkpt lat="-26.620646" lon="-49.378224"><ele>647.25</ele></trkpt>
      <trkpt lat="-26.620723" lon="-49.380141"><ele>652.5</ele></trkpt>
      <trkpt lat="-26.620646" lon="-49.381254"><ele>643.25</ele></trkpt>
      <trkpt lat="-26.620465" lon="-49.381426"><ele>640.75</ele></trkpt>
      <trkpt lat="-26.619462" lon="-49.381571"><ele>643.25</ele></trkpt>
      <trkpt lat="-26.619135" lon="-49.381437"><ele>645</ele></trkpt>
      <trkpt lat="-26.618515" lon="-49.380501"><ele>643.5</ele></trkpt>
      <trkpt lat="-26.617549" lon="-49.379793"><ele>641.5</ele></trkpt>
      <trkpt lat="-26.616943" lon="-49.379694"><ele>640.5</ele></trkpt>
      <trkpt lat="-26.616542" lon="-49.379899"><ele>641.25</ele></trkpt>
      <trkpt lat="-26.616174" lon="-49.379975"><ele>642.5</ele></trkpt>
      <trkpt lat="-26.615923" lon="-49.379777"><ele>643</ele></trkpt>
      <trkpt lat="-26.615786" lon="-49.379237"><ele>643</ele></trkpt>
      <trkpt lat="-26.615228" lon="-49.378681"><ele>647.25</ele></trkpt>
      <trkpt lat="-26.614589" lon="-49.378202"><ele>648</ele></trkpt>
      <trkpt lat="-26.614003" lon="-49.377996"><ele>648.75</ele></trkpt>
      <trkpt lat="-26.613824" lon="-49.377981"><ele>647.5</ele></trkpt>
      <trkpt lat="-26.613636" lon="-49.37811"><ele>648.25</ele></trkpt>
      <trkpt lat="-26.613282" lon="-49.378666"><ele>658</ele></trkpt>
      <trkpt lat="-26.612867" lon="-49.37907"><ele>657.25</ele></trkpt>
      <trkpt lat="-26.612009" lon="-49.379511"><ele>648.25</ele></trkpt>
      <trkpt lat="-26.611771" lon="-49.379914"><ele>648.5</ele></trkpt>
      <trkpt lat="-26.611751" lon="-49.380257"><ele>650.5</ele></trkpt>
      <trkpt lat="-26.611894" lon="-49.380645"><ele>657.25</ele></trkpt>
      <trkpt lat="-26.611839" lon="-49.381132"><ele>654.25</ele></trkpt>
      <trkpt lat="-26.611981" lon="-49.381898"><ele>657</ele></trkpt>
      <trkpt lat="-26.611526" lon="-49.383254"><ele>655</ele></trkpt>
      <trkpt lat="-26.61153" lon="-49.383428"><ele>654.25</ele></trkpt>
      <trkpt lat="-26.611877" lon="-49.383996"><ele>650</ele></trkpt>
      <trkpt lat="-26.612678" lon="-49.384257"><ele>656.5</ele></trkpt>
      <trkpt lat="-26.61359" lon="-49.385031"><ele>659.75</ele></trkpt>
      <trkpt lat="-26.613997" lon="-49.386156"><ele>659</ele></trkpt>
      <trkpt lat="-26.61418" lon="-49.386469"><ele>658.75</ele></trkpt>
      <trkpt lat="-26.614078" lon="-49.38726"><ele>655.25</ele></trkpt>
      <trkpt lat="-26.614187" lon="-49.387671"><ele>653.75</ele></trkpt>
      <trkpt lat="-26.614635" lon="-49.388438"><ele>656.5</ele></trkpt>
      <trkpt lat="-26.614574" lon="-49.388746"><ele>658.5</ele></trkpt>
      <trkpt lat="-26.613914" lon="-49.389737"><ele>659.5</ele></trkpt>
      <trkpt lat="-26.613751" lon="-49.39032"><ele>660.75</ele></trkpt>
      <trkpt lat="-26.613815" lon="-49.391173"><ele>662.5</ele></trkpt>
      <trkpt lat="-26.614167" lon="-49.391812"><ele>672.25</ele></trkpt>
      <trkpt lat="-26.614162" lon="-49.392011"><ele>675.5</ele></trkpt>
      <trkpt lat="-26.613972" lon="-49.392225"><ele>674</ele></trkpt>
      <trkpt lat="-26.613669" lon="-49.392309"><ele>667</ele></trkpt>
      <trkpt lat="-26.613494" lon="-49.392445"><ele>663.75</ele></trkpt>
      <trkpt lat="-26.613276" lon="-49.392955"><ele>663</ele></trkpt>
      <trkpt lat="-26.613298" lon="-49.39311"><ele>664.25</ele></trkpt>
      <trkpt lat="-26.613432" lon="-49.393297"><ele>667.75</ele></trkpt>
      <trkpt lat="-26.614541" lon="-49.394043"><ele>667.5</ele></trkpt>
      <trkpt lat="-26.61521" lon="-49.394604"><ele>668.5</ele></trkpt>
      <trkpt lat="-26.615387" lon="-49.394963"><ele>670.25</ele></trkpt>
      <trkpt lat="-26.614783" lon="-49.397039"><ele>665.75</ele></trkpt>
      <trkpt lat="-26.614359" lon="-49.397907"><ele>667.5</ele></trkpt>
      <trkpt lat="-26.614196" lon="-49.399031"><ele>664.75</ele></trkpt>
      <trkpt lat="-26.614262" lon="-49.399851"><ele>664.75</ele></trkpt>
      <trkpt lat="-26.613779" lon="-49.401176"><ele>671.25</ele></trkpt>
      <trkpt lat="-26.613738" lon="-49.401556"><ele>671.5</ele></trkpt>
      <trkpt lat="-26.61386" lon="-49.401845"><ele>672.5</ele></trkpt>
      <trkpt lat="-26.614043" lon="-49.402016"><ele>673.5</ele></trkpt>
      <trkpt lat="-26.614555" lon="-49.402119"><ele>678</ele></trkpt>
      <trkpt lat="-26.61533" lon="-49.402432"><ele>676.75</ele></trkpt>
      <trkpt lat="-26.616004" lon="-49.403231"><ele>675.5</ele></trkpt>
      <trkpt lat="-26.616549" lon="-49.403436"><ele>676.75</ele></trkpt>
      <trkpt lat="-26.618311" lon="-49.403535"><ele>677.75</ele></trkpt>
      <trkpt lat="-26.619339" lon="-49.403733"><ele>681.5</ele></trkpt>
      <trkpt lat="-26.619917" lon="-49.404289"><ele>680.5</ele></trkpt>
      <trkpt lat="-26.621013" lon="-49.405088"><ele>676.25</ele></trkpt>
      <trkpt lat="-26.621496" lon="-49.405164"><ele>677.5</ele></trkpt>
      <trkpt lat="-26.622476" lon="-49.404959"><ele>690</ele></trkpt>
      <trkpt lat="-26.62281" lon="-49.405149"><ele>688.5</ele></trkpt>
      <trkpt lat="-26.623551" lon="-49.405865"><ele>685</ele></trkpt>
      <trkpt lat="-26.623898" lon="-49.406466"><ele>680.75</ele></trkpt>
      <trkpt lat="-26.624607" lon="-49.40693"><ele>677.5</ele></trkpt>
      <trkpt lat="-26.624936" lon="-49.408192"><ele>677.5</ele></trkpt>
      <trkpt lat="-26.62544" lon="-49.408173"><ele>681.25</ele></trkpt>
      <trkpt lat="-26.625895" lon="-49.408339"><ele>687.25</ele></trkpt>
      <trkpt lat="-26.627268" lon="-49.408948"><ele>681.25</ele></trkpt>
      <trkpt lat="-26.627736" lon="-49.409245"><ele>681.75</ele></trkpt>
      <trkpt lat="-26.628284" lon="-49.409106"><ele>682.5</ele></trkpt>
      <trkpt lat="-26.62908" lon="-49.409433"><ele>683.5</ele></trkpt>
      <trkpt lat="-26.630052" lon="-49.408909"><ele>685.5</ele></trkpt>
      <trkpt lat="-26.630405" lon="-49.408909"><ele>688.25</ele></trkpt>
      <trkpt lat="-26.631351" lon="-49.409186"><ele>694.25</ele></trkpt>
      <trkpt lat="-26.631837" lon="-49.409522"><ele>700.75</ele></trkpt>
      <trkpt lat="-26.632588" lon="-49.40969"><ele>702.25</ele></trkpt>
      <trkpt lat="-26.632942" lon="-49.410154"><ele>714.5</ele></trkpt>
      <trkpt lat="-26.633101" lon="-49.410135"><ele>713.25</ele></trkpt>
      <trkpt lat="-26.633514" lon="-49.40959"><ele>697.25</ele></trkpt>
      <trkpt lat="-26.633883" lon="-49.409662"><ele>694.75</ele></trkpt>
      <trkpt lat="-26.634162" lon="-49.409799"><ele>693.75</ele></trkpt>
      <trkpt lat="-26.634206" lon="-49.410323"><ele>701.75</ele></trkpt>
      <trkpt lat="-26.63434" lon="-49.410563"><ele>705.5</ele></trkpt>
      <trkpt lat="-26.634495" lon="-49.41058"><ele>705.75</ele></trkpt>
      <trkpt lat="-26.634922" lon="-49.409927"><ele>693</ele></trkpt>
      <trkpt lat="-26.63531" lon="-49.409907"><ele>691.5</ele></trkpt>
      <trkpt lat="-26.635673" lon="-49.410164"><ele>694.25</ele></trkpt>
      <trkpt lat="-26.635941" lon="-49.410753"><ele>703.5</ele></trkpt>
      <trkpt lat="-26.636152" lon="-49.410844"><ele>706.25</ele></trkpt>
      <trkpt lat="-26.636277" lon="-49.410796"><ele>706.75</ele></trkpt>
      <trkpt lat="-26.63633" lon="-49.409841"><ele>697</ele></trkpt>
      <trkpt lat="-26.636426" lon="-49.409691"><ele>696.25</ele></trkpt>
      <trkpt lat="-26.637135" lon="-49.409444"><ele>696</ele></trkpt>
      <trkpt lat="-26.637423" lon="-49.409552"><ele>698.5</ele></trkpt>
      <trkpt lat="-26.637624" lon="-49.409975"><ele>706.5</ele></trkpt>
      <trkpt lat="-26.637759" lon="-49.410099"><ele>708</ele></trkpt>
      <trkpt lat="-26.638018" lon="-49.41027"><ele>709.75</ele></trkpt>
      <trkpt lat="-26.638344" lon="-49.41034"><ele>708.25</ele></trkpt>
      <trkpt lat="-26.639188" lon="-49.410898"><ele>704.75</ele></trkpt>
      <trkpt lat="-26.639358" lon="-49.411311"><ele>709.25</ele></trkpt>
      <trkpt lat="-26.639706" lon="-49.411654"><ele>709.25</ele></trkpt>
      <trkpt lat="-26.64086" lon="-49.411351"><ele>696.5</ele></trkpt>
      <trkpt lat="-26.641444" lon="-49.410827"><ele>698.25</ele></trkpt>
      <trkpt lat="-26.642142" lon="-49.410995"><ele>705.25</ele></trkpt>
      <trkpt lat="-26.643025" lon="-49.410629"><ele>719.25</ele></trkpt>
      <trkpt lat="-26.643114" lon="-49.410342"><ele>723.25</ele></trkpt>
      <trkpt lat="-26.643078" lon="-49.409967"><ele>725.25</ele></trkpt>
      <trkpt lat="-26.643291" lon="-49.409433"><ele>728.75</ele></trkpt>
      <trkpt lat="-26.643724" lon="-49.409393"><ele>733</ele></trkpt>
      <trkpt lat="-26.645208" lon="-49.410184"><ele>740</ele></trkpt>
      <trkpt lat="-26.646313" lon="-49.410669"><ele>765.25</ele></trkpt>
      <trkpt lat="-26.646675" lon="-49.411301"><ele>775</ele></trkpt>
      <trkpt lat="-26.646675" lon="-49.411598"><ele>771</ele></trkpt>
      <trkpt lat="-26.646799" lon="-49.411904"><ele>769.5</ele></trkpt>
      <trkpt lat="-26.647232" lon="-49.412379"><ele>777.75</ele></trkpt>
      <trkpt lat="-26.647585" lon="-49.413002"><ele>777.5</ele></trkpt>
      <trkpt lat="-26.64831" lon="-49.413111"><ele>783.25</ele></trkpt>
      <trkpt lat="-26.649422" lon="-49.412554"><ele>785.75</ele></trkpt>
      <trkpt lat="-26.650213" lon="-49.412348"><ele>792.75</ele></trkpt>
      <trkpt lat="-26.651537" lon="-49.412615"><ele>798.5</ele></trkpt>
      <trkpt lat="-26.651703" lon="-49.413427"><ele>807.5</ele></trkpt>
      <trkpt lat="-26.652327" lon="-49.414326"><ele>807.75</ele></trkpt>
      <trkpt lat="-26.652321" lon="-49.414674"><ele>810.75</ele></trkpt>
      <trkpt lat="-26.652233" lon="-49.41489"><ele>813</ele></trkpt>
      <trkpt lat="-26.651765" lon="-49.415404"><ele>815.75</ele></trkpt>
      <trkpt lat="-26.651717" lon="-49.415691"><ele>816</ele></trkpt>
      <trkpt lat="-26.651862" lon="-49.416294"><ele>817</ele></trkpt>
      <trkpt lat="-26.651367" lon="-49.417323"><ele>811.5</ele></trkpt>
      <trkpt lat="-26.650961" lon="-49.417649"><ele>805.25</ele></trkpt>
      <trkpt lat="-26.650696" lon="-49.418469"><ele>800.5</ele></trkpt>
      <trkpt lat="-26.650413" lon="-49.418865"><ele>801.25</ele></trkpt>
      <trkpt lat="-26.65036" lon="-49.419161"><ele>803.5</ele></trkpt>
      <trkpt lat="-26.650492" lon="-49.419527"><ele>807.25</ele></trkpt>
      <trkpt lat="-26.650961" lon="-49.420022"><ele>810.25</ele></trkpt>
      <trkpt lat="-26.651058" lon="-49.420635"><ele>814.25</ele></trkpt>
      <trkpt lat="-26.650607" lon="-49.421643"><ele>814.5</ele></trkpt>
      <trkpt lat="-26.650245" lon="-49.422048"><ele>814.75</ele></trkpt>
      <trkpt lat="-26.650024" lon="-49.422651"><ele>810.75</ele></trkpt>
      <trkpt lat="-26.650431" lon="-49.423492"><ele>808.5</ele></trkpt>
      <trkpt lat="-26.650254" lon="-49.423927"><ele>807.5</ele></trkpt>
      <trkpt lat="-26.650475" lon="-49.424431"><ele>804.25</ele></trkpt>
      <trkpt lat="-26.650846" lon="-49.424668"><ele>801.25</ele></trkpt>
      <trkpt lat="-26.651308" lon="-49.425442"><ele>790</ele></trkpt>
      <trkpt lat="-26.651677" lon="-49.425378"><ele>793.75</ele></trkpt>
      <trkpt lat="-26.65192" lon="-49.425592"><ele>790.25</ele></trkpt>
      <trkpt lat="-26.652183" lon="-49.425556"><ele>792.5</ele></trkpt>
      <trkpt lat="-26.652321" lon="-49.425656"><ele>791.75</ele></trkpt>
      <trkpt lat="-26.652397" lon="-49.42627"><ele>790.75</ele></trkpt>
      <trkpt lat="-26.651986" lon="-49.427041"><ele>791.75</ele></trkpt>
      <trkpt lat="-26.651889" lon="-49.427407"><ele>795.75</ele></trkpt>
      <trkpt lat="-26.651968" lon="-49.428584"><ele>799.5</ele></trkpt>
      <trkpt lat="-26.651898" lon="-49.429078"><ele>800.75</ele></trkpt>
      <trkpt lat="-26.651438" lon="-49.429434"><ele>800.25</ele></trkpt>
      <trkpt lat="-26.65097" lon="-49.429612"><ele>800.75</ele></trkpt>
      <trkpt lat="-26.650448" lon="-49.429552"><ele>802</ele></trkpt>
      <trkpt lat="-26.649238" lon="-49.429711"><ele>798.75</ele></trkpt>
      <trkpt lat="-26.648336" lon="-49.429988"><ele>791</ele></trkpt>
      <trkpt lat="-26.648071" lon="-49.430254"><ele>789.5</ele></trkpt>
      <trkpt lat="-26.648115" lon="-49.43061"><ele>786.5</ele></trkpt>
      <trkpt lat="-26.647842" lon="-49.431045"><ele>781.75</ele></trkpt>
      <trkpt lat="-26.647806" lon="-49.431411"><ele>777.25</ele></trkpt>
      <trkpt lat="-26.64747" lon="-49.431925"><ele>772.25</ele></trkpt>
      <trkpt lat="-26.646657" lon="-49.432815"><ele>763</ele></trkpt>
      <trkpt lat="-26.646781" lon="-49.433151"><ele>763.75</ele></trkpt>
      <trkpt lat="-26.647099" lon="-49.433557"><ele>768.5</ele></trkpt>
      <trkpt lat="-26.647161" lon="-49.43415"><ele>765.75</ele></trkpt>
      <trkpt lat="-26.647002" lon="-49.434367"><ele>765.75</ele></trkpt>
      <trkpt lat="-26.64694" lon="-49.434783"><ele>766</ele></trkpt>
      <trkpt lat="-26.647073" lon="-49.435139"><ele>769.5</ele></trkpt>
      <trkpt lat="-26.646931" lon="-49.435821"><ele>768</ele></trkpt>
      <trkpt lat="-26.647752" lon="-49.437814"><ele>766.75</ele></trkpt>
      <trkpt lat="-26.647656" lon="-49.437986"><ele>767.25</ele></trkpt>
      <trkpt lat="-26.647073" lon="-49.43852"><ele>774.75</ele></trkpt>
      <trkpt lat="-26.64694" lon="-49.438965"><ele>777.25</ele></trkpt>
      <trkpt lat="-26.64694" lon="-49.439479"><ele>781.25</ele></trkpt>
      <trkpt lat="-26.646834" lon="-49.439948"><ele>786.25</ele></trkpt>
      <trkpt lat="-26.64588" lon="-49.441239"><ele>790.75</ele></trkpt>
      <trkpt lat="-26.645765" lon="-49.442742"><ele>784.5</ele></trkpt>
      <trkpt lat="-26.6455" lon="-49.442939"><ele>782.5</ele></trkpt>
      <trkpt lat="-26.644987" lon="-49.442959"><ele>777.5</ele></trkpt>
      <trkpt lat="-26.644351" lon="-49.443473"><ele>781.25</ele></trkpt>
      <trkpt lat="-26.642822" lon="-49.445628"><ele>795.25</ele></trkpt>
      <trkpt lat="-26.642548" lon="-49.446321"><ele>792.25</ele></trkpt>
      <trkpt lat="-26.641647" lon="-49.447329"><ele>800.25</ele></trkpt>
      <trkpt lat="-26.641514" lon="-49.448041"><ele>805.5</ele></trkpt>
      <trkpt lat="-26.640657" lon="-49.44989"><ele>800</ele></trkpt>
      <trkpt lat="-26.640312" lon="-49.45334"><ele>773.5</ele></trkpt>
      <trkpt lat="-26.640003" lon="-49.454112"><ele>767.25</ele></trkpt>
      <trkpt lat="-26.639897" lon="-49.456029"><ele>762.5</ele></trkpt>
      <trkpt lat="-26.639812" lon="-49.456175"><ele>763.75</ele></trkpt>
      <trkpt lat="-26.639546" lon="-49.456336"><ele>765</ele></trkpt>
      <trkpt lat="-26.639137" lon="-49.457018"><ele>773.25</ele></trkpt>
      <trkpt lat="-26.638801" lon="-49.457809"><ele>785</ele></trkpt>
      <trkpt lat="-26.638686" lon="-49.458808"><ele>794.5</ele></trkpt>
      <trkpt lat="-26.638784" lon="-49.459618"><ele>800.25</ele></trkpt>
      <trkpt lat="-26.638678" lon="-49.460746"><ele>800.75</ele></trkpt>
      <trkpt lat="-26.638907" lon="-49.46127"><ele>802.25</ele></trkpt>
      <trkpt lat="-26.638898" lon="-49.461616"><ele>800.5</ele></trkpt>
      <trkpt lat="-26.637979" lon="-49.464334"><ele>779</ele></trkpt>
      <trkpt lat="-26.638138" lon="-49.46563"><ele>769.75</ele></trkpt>
      <trkpt lat="-26.637184" lon="-49.467854"><ele>754.25</ele></trkpt>
      <trkpt lat="-26.636892" lon="-49.468181"><ele>754</ele></trkpt>
      <trkpt lat="-26.636185" lon="-49.469822"><ele>758.5</ele></trkpt>
      <trkpt lat="-26.636221" lon="-49.470079"><ele>758.25</ele></trkpt>
      <trkpt lat="-26.636468" lon="-49.470435"><ele>757.25</ele></trkpt>
      <trkpt lat="-26.636777" lon="-49.471463"><ele>755</ele></trkpt>
      <trkpt lat="-26.636698" lon="-49.472155"><ele>757.5</ele></trkpt>
      <trkpt lat="-26.636512" lon="-49.472323"><ele>760.25</ele></trkpt>
      <trkpt lat="-26.636168" lon="-49.472363"><ele>764.5</ele></trkpt>
      <trkpt lat="-26.635302" lon="-49.472689"><ele>773.25</ele></trkpt>
      <trkpt lat="-26.634745" lon="-49.473371"><ele>779.5</ele></trkpt>
      <trkpt lat="-26.634082" lon="-49.473535"><ele>775</ele></trkpt>
      <trkpt lat="-26.633402" lon="-49.47349"><ele>779.75</ele></trkpt>
      <trkpt lat="-26.632544" lon="-49.473223"><ele>785</ele></trkpt>
      <trkpt lat="-26.631749" lon="-49.473875"><ele>779.25</ele></trkpt>
      <trkpt lat="-26.631457" lon="-49.473954"><ele>778</ele></trkpt>
      <trkpt lat="-26.631077" lon="-49.474211"><ele>775</ele></trkpt>
      <trkpt lat="-26.630715" lon="-49.474785"><ele>770.25</ele></trkpt>
      <trkpt lat="-26.630697" lon="-49.475121"><ele>768.25</ele></trkpt>
      <trkpt lat="-26.630388" lon="-49.475625"><ele>764.5</ele></trkpt>
      <trkpt lat="-26.629566" lon="-49.476083"><ele>756</ele></trkpt>
      <trkpt lat="-26.629102" lon="-49.47659"><ele>747.5</ele></trkpt>
      <trkpt lat="-26.629201" lon="-49.477059"><ele>746.5</ele></trkpt>
      <trkpt lat="-26.630085" lon="-49.477405"><ele>742.75</ele></trkpt>
      <trkpt lat="-26.630527" lon="-49.477381"><ele>743</ele></trkpt>
      <trkpt lat="-26.630638" lon="-49.478765"><ele>751.5</ele></trkpt>
      <trkpt lat="-26.630383" lon="-49.478962"><ele>755.75</ele></trkpt>
      <trkpt lat="-26.629765" lon="-49.479061"><ele>761.75</ele></trkpt>
      <trkpt lat="-26.629356" lon="-49.478826"><ele>764.5</ele></trkpt>
      <trkpt lat="-26.628892" lon="-49.478728"><ele>762.75</ele></trkpt>
      <trkpt lat="-26.628472" lon="-49.479"><ele>758.5</ele></trkpt>
      <trkpt lat="-26.628417" lon="-49.479457"><ele>757.75</ele></trkpt>
      <trkpt lat="-26.628516" lon="-49.480099"><ele>759.25</ele></trkpt>
      <trkpt lat="-26.62845" lon="-49.480631"><ele>760</ele></trkpt>
      <trkpt lat="-26.628097" lon="-49.481224"><ele>756.25</ele></trkpt>
      <trkpt lat="-26.628041" lon="-49.481681"><ele>755.25</ele></trkpt>
      <trkpt lat="-26.628307" lon="-49.482287"><ele>752.5</ele></trkpt>
      <trkpt lat="-26.628163" lon="-49.482843"><ele>747.75</ele></trkpt>
      <trkpt lat="-26.628229" lon="-49.483819"><ele>742.75</ele></trkpt>
      <trkpt lat="-26.629632" lon="-49.486588"><ele>746.75</ele></trkpt>
      <trkpt lat="-26.62946" lon="-49.487444"><ele>751.5</ele></trkpt>
      <trkpt lat="-26.62962" lon="-49.487608"><ele>754</ele></trkpt>
      <trkpt lat="-26.629902" lon="-49.487665"><ele>755.75</ele></trkpt>
      <trkpt lat="-26.629938" lon="-49.487755"><ele>758</ele></trkpt>
      <trkpt lat="-26.629533" lon="-49.489022"><ele>771.5</ele></trkpt>
      <trkpt lat="-26.629579" lon="-49.489182"><ele>773.25</ele></trkpt>
      <trkpt lat="-26.630461" lon="-49.489605"><ele>801.25</ele></trkpt>
      <trkpt lat="-26.630512" lon="-49.489696"><ele>804</ele></trkpt>
      <trkpt lat="-26.63043" lon="-49.490114"><ele>803.75</ele></trkpt>
      <trkpt lat="-26.630505" lon="-49.490666"><ele>809.75</ele></trkpt>
      <trkpt lat="-26.630817" lon="-49.491259"><ele>824.5</ele></trkpt>
      <trkpt lat="-26.63077" lon="-49.491334"><ele>824.5</ele></trkpt>
      <trkpt lat="-26.630384" lon="-49.491301"><ele>817.25</ele></trkpt>
      <trkpt lat="-26.63009" lon="-49.491419"><ele>816</ele></trkpt>
      <trkpt lat="-26.629875" lon="-49.491556"><ele>818.5</ele></trkpt>
      <trkpt lat="-26.629599" lon="-49.491927"><ele>830.5</ele></trkpt>
      <trkpt lat="-26.629301" lon="-49.491951"><ele>828.25</ele></trkpt>
      <trkpt lat="-26.62898" lon="-49.49231"><ele>841</ele></trkpt>
      <trkpt lat="-26.62834" lon="-49.492458"><ele>837</ele></trkpt>
      <trkpt lat="-26.628141" lon="-49.492693"><ele>837</ele></trkpt>
      <trkpt lat="-26.628052" lon="-49.493274"><ele>838.5</ele></trkpt>
      <trkpt lat="-26.627445" lon="-49.493805"><ele>835.75</ele></trkpt>
      <trkpt lat="-26.62697" lon="-49.49362"><ele>836</ele></trkpt>
      <trkpt lat="-26.626241" lon="-49.493632"><ele>839.25</ele></trkpt>
      <trkpt lat="-26.624639" lon="-49.495239"><ele>863</ele></trkpt>
      <trkpt lat="-26.624219" lon="-49.496116"><ele>849.25</ele></trkpt>
      <trkpt lat="-26.623733" lon="-49.496722"><ele>833</ele></trkpt>
      <trkpt lat="-26.623445" lon="-49.496722"><ele>826.75</ele></trkpt>
      <trkpt lat="-26.62244" lon="-49.497809"><ele>813.25</ele></trkpt>
      <trkpt lat="-26.622385" lon="-49.498551"><ele>807</ele></trkpt>
      <trkpt lat="-26.621965" lon="-49.499984"><ele>796</ele></trkpt>
      <trkpt lat="-26.622139" lon="-49.500569"><ele>791.5</ele></trkpt>
      <trkpt lat="-26.622088" lon="-49.500864"><ele>791</ele></trkpt>
      <trkpt lat="-26.621684" lon="-49.501512"><ele>783.25</ele></trkpt>
      <trkpt lat="-26.621722" lon="-49.501912"><ele>777.75</ele></trkpt>
      <trkpt lat="-26.622023" lon="-49.50234"><ele>771.25</ele></trkpt>
      <trkpt lat="-26.622146" lon="-49.502735"><ele>766.25</ele></trkpt>
      <trkpt lat="-26.623697" lon="-49.505101"><ele>735.75</ele></trkpt>
      <trkpt lat="-26.624186" lon="-49.505595"><ele>736.5</ele></trkpt>
      <trkpt lat="-26.624307" lon="-49.505978"><ele>737.5</ele></trkpt>
      <trkpt lat="-26.624981" lon="-49.50719"><ele>731</ele></trkpt>
      <trkpt lat="-26.625347" lon="-49.507396"><ele>729.75</ele></trkpt>
      <trkpt lat="-26.625372" lon="-49.507918"><ele>723.75</ele></trkpt>
      <trkpt lat="-26.625567" lon="-49.508129"><ele>723</ele></trkpt>
      <trkpt lat="-26.626406" lon="-49.509649"><ele>717.75</ele></trkpt>
      <trkpt lat="-26.626428" lon="-49.510131"><ele>715</ele></trkpt>
      <trkpt lat="-26.626252" lon="-49.510798"><ele>711</ele></trkpt>
      <trkpt lat="-26.626141" lon="-49.511935"><ele>704.75</ele></trkpt>
      <trkpt lat="-26.625843" lon="-49.512615"><ele>701.5</ele></trkpt>
      <trkpt lat="-26.625898" lon="-49.513047"><ele>699.5</ele></trkpt>
      <trkpt lat="-26.625788" lon="-49.51343"><ele>698.75</ele></trkpt>
      <trkpt lat="-26.625313" lon="-49.51395"><ele>698.25</ele></trkpt>
      <trkpt lat="-26.625279" lon="-49.514469"><ele>695.25</ele></trkpt>
      <trkpt lat="-26.625401" lon="-49.515"><ele>690</ele></trkpt>
      <trkpt lat="-26.62539" lon="-49.516397"><ele>678.75</ele></trkpt>
      <trkpt lat="-26.624979" lon="-49.51669"><ele>676</ele></trkpt>
      <trkpt lat="-26.623413" lon="-49.518404"><ele>678</ele></trkpt>
      <trkpt lat="-26.622562" lon="-49.518613"><ele>686</ele></trkpt>
      <trkpt lat="-26.622083" lon="-49.518932"><ele>691.25</ele></trkpt>
      <trkpt lat="-26.621903" lon="-49.519246"><ele>695.75</ele></trkpt>
      <trkpt lat="-26.621603" lon="-49.520225"><ele>709.5</ele></trkpt>
      <trkpt lat="-26.621447" lon="-49.520391"><ele>711.5</ele></trkpt>
      <trkpt lat="-26.621222" lon="-49.520499"><ele>713.75</ele></trkpt>
      <trkpt lat="-26.6205" lon="-49.520627"><ele>718</ele></trkpt>
      <trkpt lat="-26.620073" lon="-49.520925"><ele>726</ele></trkpt>
      <trkpt lat="-26.619872" lon="-49.520976"><ele>729</ele></trkpt>
      <trkpt lat="-26.617587" lon="-49.52063"><ele>749.25</ele></trkpt>
      <trkpt lat="-26.616999" lon="-49.520788"><ele>746.75</ele></trkpt>
      <trkpt lat="-26.616807" lon="-49.520941"><ele>748</ele></trkpt>
      <trkpt lat="-26.616654" lon="-49.521228"><ele>752.5</ele></trkpt>
      <trkpt lat="-26.616582" lon="-49.521974"><ele>771.5</ele></trkpt>
      <trkpt lat="-26.616452" lon="-49.522247"><ele>776.5</ele></trkpt>
      <trkpt lat="-26.616124" lon="-49.522513"><ele>775.5</ele></trkpt>
      <trkpt lat="-26.615769" lon="-49.522588"><ele>768.25</ele></trkpt>
      <trkpt lat="-26.615546" lon="-49.522768"><ele>768.25</ele></trkpt>
      <trkpt lat="-26.615421" lon="-49.523041"><ele>772.5</ele></trkpt>
      <trkpt lat="-26.615388" lon="-49.523511"><ele>783.5</ele></trkpt>
      <trkpt lat="-26.615184" lon="-49.524034"><ele>781.25</ele></trkpt>
      <trkpt lat="-26.615153" lon="-49.524321"><ele>784.25</ele></trkpt>
      <trkpt lat="-26.615241" lon="-49.524989"><ele>797.5</ele></trkpt>
      <trkpt lat="-26.614935" lon="-49.525807"><ele>804.25</ele></trkpt>
      <trkpt lat="-26.61492" lon="-49.526273"><ele>811.75</ele></trkpt>
      <trkpt lat="-26.614707" lon="-49.527405"><ele>809</ele></trkpt>
      <trkpt lat="-26.614726" lon="-49.528044"><ele>816.5</ele></trkpt>
      <trkpt lat="-26.614906" lon="-49.529047"><ele>826.25</ele></trkpt>
      <trkpt lat="-26.614882" lon="-49.529449"><ele>826.25</ele></trkpt>
      <trkpt lat="-26.614606" lon="-49.53002"><ele>825.75</ele></trkpt>
      <trkpt lat="-26.614221" lon="-49.530337"><ele>824.25</ele></trkpt>
      <trkpt lat="-26.611578" lon="-49.530738"><ele>817.25</ele></trkpt>
      <trkpt lat="-26.611118" lon="-49.530944"><ele>822</ele></trkpt>
      <trkpt lat="-26.610761" lon="-49.531354"><ele>827.25</ele></trkpt>
      <trkpt lat="-26.610478" lon="-49.531895"><ele>831.75</ele></trkpt>
      <trkpt lat="-26.609804" lon="-49.534128"><ele>842.75</ele></trkpt>
      <trkpt lat="-26.609602" lon="-49.534514"><ele>845</ele></trkpt>
      <trkpt lat="-26.609119" lon="-49.534918"><ele>848.25</ele></trkpt>
      <trkpt lat="-26.607793" lon="-49.535438"><ele>843.75</ele></trkpt>
      <trkpt lat="-26.606733" lon="-49.536214"><ele>829</ele></trkpt>
      <trkpt lat="-26.606162" lon="-49.536393"><ele>829</ele></trkpt>
      <trkpt lat="-26.605536" lon="-49.536259"><ele>833</ele></trkpt>
      <trkpt lat="-26.605205" lon="-49.53605"><ele>836.75</ele></trkpt>
      <trkpt lat="-26.604549" lon="-49.535173"><ele>842.25</ele></trkpt>
      <trkpt lat="-26.603752" lon="-49.53438"><ele>842.75</ele></trkpt>
      <trkpt lat="-26.603285" lon="-49.534205"><ele>844</ele></trkpt>
      <trkpt lat="-26.602799" lon="-49.534137"><ele>844.5</ele></trkpt>
      <trkpt lat="-26.60238" lon="-49.534189"><ele>845</ele></trkpt>
      <trkpt lat="-26.601614" lon="-49.534593"><ele>841.25</ele></trkpt>
      <trkpt lat="-26.598647" lon="-49.537472"><ele>827.25</ele></trkpt>
      <trkpt lat="-26.598209" lon="-49.537707"><ele>826.25</ele></trkpt>
      <trkpt lat="-26.597573" lon="-49.537896"><ele>830.75</ele></trkpt>
      <trkpt lat="-26.596867" lon="-49.537858"><ele>837</ele></trkpt>
      <trkpt lat="-26.595381" lon="-49.537579"><ele>854</ele></trkpt>
      <trkpt lat="-26.593901" lon="-49.537491"><ele>870.5</ele></trkpt>
      <trkpt lat="-26.592415" lon="-49.536955"><ele>878.5</ele></trkpt>
      <trkpt lat="-26.591882" lon="-49.536838"><ele>880.25</ele></trkpt>
      <trkpt lat="-26.591267" lon="-49.536809"><ele>881.75</ele></trkpt>
      <trkpt lat="-26.590652" lon="-49.536908"><ele>882.25</ele></trkpt>
      <trkpt lat="-26.590087" lon="-49.5371"><ele>882</ele></trkpt>
      <trkpt lat="-26.589402" lon="-49.537499"><ele>885</ele></trkpt>
      <trkpt lat="-26.588863" lon="-49.538048"><ele>884</ele></trkpt>
      <trkpt lat="-26.586068" lon="-49.542102"><ele>901.75</ele></trkpt>
      <trkpt lat="-26.585303" lon="-49.542804"><ele>900</ele></trkpt>
      <trkpt lat="-26.583898" lon="-49.54367"><ele>907</ele></trkpt>
      <trkpt lat="-26.583365" lon="-49.543973"><ele>907.75</ele></trkpt>
      <trkpt lat="-26.581916" lon="-49.544274"><ele>914</ele></trkpt>
      <trkpt lat="-26.581015" lon="-49.544252"><ele>915.25</ele></trkpt>
      <trkpt lat="-26.579547" lon="-49.543941"><ele>924.25</ele></trkpt>
      <trkpt lat="-26.578615" lon="-49.543985"><ele>927</ele></trkpt>
      <trkpt lat="-26.577116" lon="-49.54461"><ele>932.25</ele></trkpt>
      <trkpt lat="-26.575991" lon="-49.545905"><ele>935.5</ele></trkpt>
      <trkpt lat="-26.574384" lon="-49.548694"><ele>927.75</ele></trkpt>
      <trkpt lat="-26.573899" lon="-49.5492"><ele>930.5</ele></trkpt>
      <trkpt lat="-26.572814" lon="-49.550641"><ele>920</ele></trkpt>
      <trkpt lat="-26.572494" lon="-49.550915"><ele>916.25</ele></trkpt>
      <trkpt lat="-26.571511" lon="-49.551183"><ele>907.75</ele></trkpt>
      <trkpt lat="-26.570439" lon="-49.55109"><ele>920</ele></trkpt>
      <trkpt lat="-26.569703" lon="-49.550769"><ele>929.25</ele></trkpt>
      <trkpt lat="-26.568942" lon="-49.550929"><ele>939.25</ele></trkpt>
      <trkpt lat="-26.568489" lon="-49.551204"><ele>943</ele></trkpt>
      <trkpt lat="-26.568091" lon="-49.551598"><ele>945.5</ele></trkpt>
      <trkpt lat="-26.567709" lon="-49.552414"><ele>947.5</ele></trkpt>
      <trkpt lat="-26.567452" lon="-49.552782"><ele>948</ele></trkpt>
      <trkpt lat="-26.566485" lon="-49.553613"><ele>948.75</ele></trkpt>
      <trkpt lat="-26.565347" lon="-49.554032"><ele>957</ele></trkpt>
      <trkpt lat="-26.564683" lon="-49.554112"><ele>957.25</ele></trkpt>
      <trkpt lat="-26.562098" lon="-49.553627"><ele>953.25</ele></trkpt>
      <trkpt lat="-26.561071" lon="-49.553318"><ele>949.25</ele></trkpt>
      <trkpt lat="-26.55762" lon="-49.552524"><ele>933.25</ele></trkpt>
      <trkpt lat="-26.556953" lon="-49.552449"><ele>930.75</ele></trkpt>
      <trkpt lat="-26.555767" lon="-49.552693"><ele>923.75</ele></trkpt>
      <trkpt lat="-26.555737" lon="-49.552039"><ele>923.75</ele></trkpt>
      <trkpt lat="-26.555811" lon="-49.551569"><ele>923.5</ele></trkpt>
      <trkpt lat="-26.556754" lon="-49.548768"><ele>920.5</ele></trkpt>
      <trkpt lat="-26.556622" lon="-49.547503"><ele>919</ele></trkpt>
      <trkpt lat="-26.556898" lon="-49.546694"><ele>918.25</ele></trkpt>
      <trkpt lat="-26.557883" lon="-49.545557"><ele>912.75</ele></trkpt>
      <trkpt lat="-26.557965" lon="-49.545347"><ele>912</ele></trkpt>
      <trkpt lat="-26.557773" lon="-49.544827"><ele>909</ele></trkpt>
      <trkpt lat="-26.55776" lon="-49.544398"><ele>907.25</ele></trkpt>
      <trkpt lat="-26.557901" lon="-49.544025"><ele>906.5</ele></trkpt>
      <trkpt lat="-26.558207" lon="-49.543588"><ele>902.25</ele></trkpt>
      <trkpt lat="-26.558481" lon="-49.542114"><ele>898</ele></trkpt>
      <trkpt lat="-26.559045" lon="-49.541041"><ele>898.5</ele></trkpt>
      <trkpt lat="-26.559223" lon="-49.540499"><ele>897</ele></trkpt>
      <trkpt lat="-26.559299" lon="-49.539883"><ele>895.25</ele></trkpt>
      <trkpt lat="-26.559167" lon="-49.539083"><ele>894.5</ele></trkpt>
      <trkpt lat="-26.558918" lon="-49.538366"><ele>898.25</ele></trkpt>
      <trkpt lat="-26.558612" lon="-49.535779"><ele>899.75</ele></trkpt>
      <trkpt lat="-26.55871" lon="-49.535519"><ele>897.75</ele></trkpt>
      <trkpt lat="-26.558938" lon="-49.535302"><ele>895.75</ele></trkpt>
      <trkpt lat="-26.560142" lon="-49.534604"><ele>895.75</ele></trkpt>
      <trkpt lat="-26.560207" lon="-49.53445"><ele>895.75</ele></trkpt>
      <trkpt lat="-26.560192" lon="-49.534232"><ele>895</ele></trkpt>
      <trkpt lat="-26.559611" lon="-49.533259"><ele>897.5</ele></trkpt>
      <trkpt lat="-26.559704" lon="-49.532865"><ele>901.25</ele></trkpt>
      <trkpt lat="-26.559871" lon="-49.532623"><ele>904.75</ele></trkpt>
      <trkpt lat="-26.560111" lon="-49.532543"><ele>907.25</ele></trkpt>
      <trkpt lat="-26.560676" lon="-49.532699"><ele>910.5</ele></trkpt>
      <trkpt lat="-26.561711" lon="-49.533241"><ele>919.25</ele></trkpt>
      <trkpt lat="-26.562893" lon="-49.533411"><ele>926</ele></trkpt>
      <trkpt lat="-26.563447" lon="-49.53319"><ele>926.25</ele></trkpt>
      <trkpt lat="-26.564054" lon="-49.533425"><ele>929.25</ele></trkpt>
      <trkpt lat="-26.564381" lon="-49.533164"><ele>928.5</ele></trkpt>
      <trkpt lat="-26.564712" lon="-49.532432"><ele>927</ele></trkpt>
      <trkpt lat="-26.565225" lon="-49.53208"><ele>928.75</ele></trkpt>
      <trkpt lat="-26.565333" lon="-49.531881"><ele>928.25</ele></trkpt>
      <trkpt lat="-26.565435" lon="-49.531168"><ele>929.25</ele></trkpt>
      <trkpt lat="-26.566051" lon="-49.529907"><ele>923.25</ele></trkpt>
      <trkpt lat="-26.566433" lon="-49.527591"><ele>924.75</ele></trkpt>
      <trkpt lat="-26.566907" lon="-49.526703"><ele>924.75</ele></trkpt>
      <trkpt lat="-26.568569" lon="-49.524758"><ele>930</ele></trkpt>
      <trkpt lat="-26.570138" lon="-49.523492"><ele>937.75</ele></trkpt>
      <trkpt lat="-26.570722" lon="-49.522651"><ele>940.75</ele></trkpt>
      <trkpt lat="-26.571005" lon="-49.521853"><ele>939.25</ele></trkpt>
      <trkpt lat="-26.571178" lon="-49.521585"><ele>940.25</ele></trkpt>
      <trkpt lat="-26.571923" lon="-49.521627"><ele>948.25</ele></trkpt>
      <trkpt lat="-26.57272" lon="-49.520784"><ele>949.75</ele></trkpt>
      <trkpt lat="-26.573418" lon="-49.52039"><ele>948</ele></trkpt>
      <trkpt lat="-26.574021" lon="-49.519351"><ele>946.25</ele></trkpt>
      <trkpt lat="-26.574841" lon="-49.517601"><ele>943.75</ele></trkpt>
      <trkpt lat="-26.575169" lon="-49.517341"><ele>942.5</ele></trkpt>
      <trkpt lat="-26.575386" lon="-49.51703"><ele>941</ele></trkpt>
      <trkpt lat="-26.575706" lon="-49.515689"><ele>947</ele></trkpt>
      <trkpt lat="-26.576159" lon="-49.514701"><ele>947.5</ele></trkpt>
      <trkpt lat="-26.576227" lon="-49.51408"><ele>946.25</ele></trkpt>
      <trkpt lat="-26.57662" lon="-49.51316"><ele>949</ele></trkpt>
      <trkpt lat="-26.576837" lon="-49.512883"><ele>950</ele></trkpt>
      <trkpt lat="-26.577069" lon="-49.511793"><ele>951</ele></trkpt>
      <trkpt lat="-26.577077" lon="-49.51055"><ele>951</ele></trkpt>
      <trkpt lat="-26.577328" lon="-49.509639"><ele>953</ele></trkpt>
      <trkpt lat="-26.577964" lon="-49.509618"><ele>947.25</ele></trkpt>
      <trkpt lat="-26.578158" lon="-49.509401"><ele>947.25</ele></trkpt>
      <trkpt lat="-26.578249" lon="-49.508877"><ele>951.5</ele></trkpt>
      <trkpt lat="-26.57919" lon="-49.508072"><ele>955.5</ele></trkpt>
      <trkpt lat="-26.579666" lon="-49.508081"><ele>951.25</ele></trkpt>
      <trkpt lat="-26.580427" lon="-49.508234"><ele>946.75</ele></trkpt>
      <trkpt lat="-26.58112" lon="-49.508234"><ele>948.5</ele></trkpt>
      <trkpt lat="-26.581577" lon="-49.508494"><ele>950.25</ele></trkpt>
      <trkpt lat="-26.581909" lon="-49.508885"><ele>950.75</ele></trkpt>
      <trkpt lat="-26.582726" lon="-49.508665"><ele>949.5</ele></trkpt>
      <trkpt lat="-26.583847" lon="-49.508545"><ele>943.5</ele></trkpt>
      <trkpt lat="-26.585499" lon="-49.507778"><ele>944.5</ele></trkpt>
      <trkpt lat="-26.585773" lon="-49.507583"><ele>944.75</ele></trkpt>
      <trkpt lat="-26.586238" lon="-49.50754"><ele>944.75</ele></trkpt>
      <trkpt lat="-26.586592" lon="-49.507229"><ele>941.25</ele></trkpt>
      <trkpt lat="-26.587437" lon="-49.507042"><ele>939</ele></trkpt>
      <trkpt lat="-26.587738" lon="-49.507412"><ele>942.25</ele></trkpt>
      <trkpt lat="-26.588225" lon="-49.507561"><ele>941.5</ele></trkpt>
      <trkpt lat="-26.588949" lon="-49.507587"><ele>941.5</ele></trkpt>
      <trkpt lat="-26.589889" lon="-49.507178"><ele>937</ele></trkpt>
      <trkpt lat="-26.590373" lon="-49.50731"><ele>937.5</ele></trkpt>
      <trkpt lat="-26.590719" lon="-49.507638"><ele>937</ele></trkpt>
      <trkpt lat="-26.590849" lon="-49.508004"><ele>934.25</ele></trkpt>
      <trkpt lat="-26.592288" lon="-49.508668"><ele>933.5</ele></trkpt>
      <trkpt lat="-26.592482" lon="-49.508634"><ele>932.75</ele></trkpt>
      <trkpt lat="-26.592893" lon="-49.507974"><ele>935.5</ele></trkpt>
      <trkpt lat="-26.593415" lon="-49.507927"><ele>936.75</ele></trkpt>
      <trkpt lat="-26.593883" lon="-49.508072"><ele>935.25</ele></trkpt>
      <trkpt lat="-26.594816" lon="-49.507744"><ele>936.25</ele></trkpt>
      <trkpt lat="-26.595318" lon="-49.507297"><ele>937</ele></trkpt>
      <trkpt lat="-26.59549" lon="-49.507242"><ele>936.75</ele></trkpt>
      <trkpt lat="-26.596354" lon="-49.507519"><ele>941.5</ele></trkpt>
      <trkpt lat="-26.596693" lon="-49.507276"><ele>940</ele></trkpt>
      <trkpt lat="-26.596982" lon="-49.50725"><ele>939.5</ele></trkpt>
      <trkpt lat="-26.597572" lon="-49.507493"><ele>943.25</ele></trkpt>
      <trkpt lat="-26.59782" lon="-49.507451"><ele>944</ele></trkpt>
      <trkpt lat="-26.598151" lon="-49.507106"><ele>940</ele></trkpt>
      <trkpt lat="-26.598327" lon="-49.507059"><ele>940</ele></trkpt>
      <trkpt lat="-26.598881" lon="-49.507198"><ele>942.75</ele></trkpt>
      <trkpt lat="-26.59901" lon="-49.507143"><ele>942.5</ele></trkpt>
      <trkpt lat="-26.599177" lon="-49.506662"><ele>939.75</ele></trkpt>
      <trkpt lat="-26.599608" lon="-49.506282"><ele>939.75</ele></trkpt>
      <trkpt lat="-26.599888" lon="-49.506162"><ele>939.75</ele></trkpt>
      <trkpt lat="-26.600173" lon="-49.50562"><ele>940.5</ele></trkpt>
      <trkpt lat="-26.600626" lon="-49.505349"><ele>939.5</ele></trkpt>
      <trkpt lat="-26.600863" lon="-49.504729"><ele>941</ele></trkpt>
      <trkpt lat="-26.601676" lon="-49.503898"><ele>945.75</ele></trkpt>
      <trkpt lat="-26.601955" lon="-49.502796"><ele>948</ele></trkpt>
      <trkpt lat="-26.601961" lon="-49.502338"><ele>948.5</ele></trkpt>
      <trkpt lat="-26.601697" lon="-49.501778"><ele>949</ele></trkpt>
      <trkpt lat="-26.601756" lon="-49.501218"><ele>947.5</ele></trkpt>
      <trkpt lat="-26.602171" lon="-49.500375"><ele>950</ele></trkpt>
      <trkpt lat="-26.602763" lon="-49.498774"><ele>945.75</ele></trkpt>
      <trkpt lat="-26.6031" lon="-49.498423"><ele>945.75</ele></trkpt>
      <trkpt lat="-26.603148" lon="-49.49798"><ele>946</ele></trkpt>
      <trkpt lat="-26.603632" lon="-49.497813"><ele>943.5</ele></trkpt>
      <trkpt lat="-26.604333" lon="-49.496732"><ele>938.25</ele></trkpt>
      <trkpt lat="-26.60479" lon="-49.495608"><ele>933.25</ele></trkpt>
      <trkpt lat="-26.605407" lon="-49.495036"><ele>939.5</ele></trkpt>
      <trkpt lat="-26.605459" lon="-49.49483"><ele>940</ele></trkpt>
      <trkpt lat="-26.605286" lon="-49.493922"><ele>934.5</ele></trkpt>
      <trkpt lat="-26.604994" lon="-49.493517"><ele>932.75</ele></trkpt>
      <trkpt lat="-26.604431" lon="-49.493134"><ele>926.75</ele></trkpt>
      <trkpt lat="-26.60408" lon="-49.493041"><ele>921.75</ele></trkpt>
      <trkpt lat="-26.60378" lon="-49.492724"><ele>923.5</ele></trkpt>
      <trkpt lat="-26.603314" lon="-49.492757"><ele>917.5</ele></trkpt>
      <trkpt lat="-26.603123" lon="-49.492641"><ele>917.25</ele></trkpt>
      <trkpt lat="-26.602926" lon="-49.492243"><ele>916</ele></trkpt>
      <trkpt lat="-26.603034" lon="-49.492007"><ele>915.25</ele></trkpt>
      <trkpt lat="-26.603391" lon="-49.491792"><ele>915</ele></trkpt>
      <trkpt lat="-26.60428" lon="-49.491667"><ele>922.25</ele></trkpt>
      <trkpt lat="-26.604434" lon="-49.49154"><ele>923.25</ele></trkpt>
      <trkpt lat="-26.604451" lon="-49.491336"><ele>919.75</ele></trkpt>
      <trkpt lat="-26.604198" lon="-49.490771"><ele>905</ele></trkpt>
      <trkpt lat="-26.604331" lon="-49.490354"><ele>902.75</ele></trkpt>
      <trkpt lat="-26.60475" lon="-49.489946"><ele>901</ele></trkpt>
      <trkpt lat="-26.604949" lon="-49.489507"><ele>900.75</ele></trkpt>
      <trkpt lat="-26.604918" lon="-49.489246"><ele>899.5</ele></trkpt>
      <trkpt lat="-26.605037" lon="-49.488985"><ele>899.25</ele></trkpt>
      <trkpt lat="-26.605264" lon="-49.488757"><ele>899</ele></trkpt>
      <trkpt lat="-26.60506" lon="-49.48819"><ele>900</ele></trkpt>
      <trkpt lat="-26.60491" lon="-49.488082"><ele>902.75</ele></trkpt>
      <trkpt lat="-26.604557" lon="-49.488078"><ele>904.75</ele></trkpt>
      <trkpt lat="-26.604199" lon="-49.488237"><ele>902.25</ele></trkpt>
      <trkpt lat="-26.604015" lon="-49.488168"><ele>902.75</ele></trkpt>
      <trkpt lat="-26.603704" lon="-49.48776"><ele>909.25</ele></trkpt>
      <trkpt lat="-26.602989" lon="-49.48733"><ele>910.5</ele></trkpt>
      <trkpt lat="-26.602359" lon="-49.48669"><ele>910.5</ele></trkpt>
      <trkpt lat="-26.602175" lon="-49.486621"><ele>908</ele></trkpt>
      <trkpt lat="-26.602009" lon="-49.486673"><ele>905.75</ele></trkpt>
      <trkpt lat="-26.601591" lon="-49.486969"><ele>898</ele></trkpt>
      <trkpt lat="-26.601429" lon="-49.48718"><ele>893.5</ele></trkpt>
      <trkpt lat="-26.601279" lon="-49.487184"><ele>890</ele></trkpt>
      <trkpt lat="-26.601153" lon="-49.487055"><ele>887.75</ele></trkpt>
      <trkpt lat="-26.601064" lon="-49.486608"><ele>887.5</ele></trkpt>
      <trkpt lat="-26.60111" lon="-49.486402"><ele>887</ele></trkpt>
      <trkpt lat="-26.601233" lon="-49.486213"><ele>888.25</ele></trkpt>
      <trkpt lat="-26.601667" lon="-49.485946"><ele>894.75</ele></trkpt>
      <trkpt lat="-26.60189" lon="-49.48553"><ele>895</ele></trkpt>
      <trkpt lat="-26.601936" lon="-49.48531"><ele>894.25</ele></trkpt>
      <trkpt lat="-26.601767" lon="-49.484739"><ele>888.75</ele></trkpt>
      <trkpt lat="-26.601702" lon="-49.484662"><ele>887.5</ele></trkpt>
      <trkpt lat="-26.601137" lon="-49.484528"><ele>873.75</ele></trkpt>
      <trkpt lat="-26.600753" lon="-49.484172"><ele>864.75</ele></trkpt>
      <trkpt lat="-26.600319" lon="-49.482569"><ele>854.5</ele></trkpt>
      <trkpt lat="-26.600273" lon="-49.481787"><ele>852.25</ele></trkpt>
      <trkpt lat="-26.600342" lon="-49.481331"><ele>858.5</ele></trkpt>
      <trkpt lat="-26.599685" lon="-49.48054"><ele>839.25</ele></trkpt>
      <trkpt lat="-26.599508" lon="-49.48021"><ele>836.75</ele></trkpt>
      <trkpt lat="-26.598882" lon="-49.479677"><ele>823.5</ele></trkpt>
      <trkpt lat="-26.59877" lon="-49.479608"><ele>822</ele></trkpt>
      <trkpt lat="-26.598302" lon="-49.479634"><ele>815.25</ele></trkpt>
      <trkpt lat="-26.598194" lon="-49.479574"><ele>813.75</ele></trkpt>
      <trkpt lat="-26.597933" lon="-49.478981"><ele>808.75</ele></trkpt>
      <trkpt lat="-26.597979" lon="-49.478602"><ele>807.5</ele></trkpt>
      <trkpt lat="-26.598255" lon="-49.478254"><ele>809.75</ele></trkpt>
      <trkpt lat="-26.598271" lon="-49.478087"><ele>808.5</ele></trkpt>
      <trkpt lat="-26.597559" lon="-49.474854"><ele>795</ele></trkpt>
      <trkpt lat="-26.597421" lon="-49.474381"><ele>794.5</ele></trkpt>
      <trkpt lat="-26.597285" lon="-49.474202"><ele>793.5</ele></trkpt>
      <trkpt lat="-26.597081" lon="-49.474024"><ele>792.75</ele></trkpt>
      <trkpt lat="-26.596699" lon="-49.473926"><ele>791.75</ele></trkpt>
      <trkpt lat="-26.596279" lon="-49.473421"><ele>789.25</ele></trkpt>
      <trkpt lat="-26.596316" lon="-49.472817"><ele>791</ele></trkpt>
      <trkpt lat="-26.596054" lon="-49.472349"><ele>786</ele></trkpt>
      <trkpt lat="-26.596049" lon="-49.472242"><ele>785</ele></trkpt>
      <trkpt lat="-26.596208" lon="-49.472023"><ele>785.5</ele></trkpt>
      <trkpt lat="-26.596615" lon="-49.471852"><ele>790</ele></trkpt>
      <trkpt lat="-26.596695" lon="-49.471651"><ele>788.75</ele></trkpt>
      <trkpt lat="-26.596575" lon="-49.471487"><ele>785.25</ele></trkpt>
      <trkpt lat="-26.596141" lon="-49.471413"><ele>777.5</ele></trkpt>
      <trkpt lat="-26.596086" lon="-49.471338"><ele>775.75</ele></trkpt>
      <trkpt lat="-26.596061" lon="-49.470784"><ele>766.5</ele></trkpt>
      <trkpt lat="-26.596171" lon="-49.470699"><ele>766.25</ele></trkpt>
      <trkpt lat="-26.59638" lon="-49.470749"><ele>771</ele></trkpt>
      <trkpt lat="-26.596627" lon="-49.470635"><ele>772</ele></trkpt>
      <trkpt lat="-26.596926" lon="-49.470677"><ele>774.25</ele></trkpt>
      <trkpt lat="-26.597124" lon="-49.470604"><ele>772.75</ele></trkpt>
      <trkpt lat="-26.597107" lon="-49.470241"><ele>764</ele></trkpt>
      <trkpt lat="-26.597401" lon="-49.470058"><ele>760.75</ele></trkpt>
      <trkpt lat="-26.597691" lon="-49.468952"><ele>743.75</ele></trkpt>
      <trkpt lat="-26.597594" lon="-49.468398"><ele>741</ele></trkpt>
      <trkpt lat="-26.59747" lon="-49.468241"><ele>738.75</ele></trkpt>
      <trkpt lat="-26.596817" lon="-49.468131"><ele>729.75</ele></trkpt>
      <trkpt lat="-26.596666" lon="-49.46797"><ele>727.75</ele></trkpt>
      <trkpt lat="-26.596648" lon="-49.467805"><ele>727.5</ele></trkpt>
      <trkpt lat="-26.596745" lon="-49.467677"><ele>728.5</ele></trkpt>
      <trkpt lat="-26.596892" lon="-49.467621"><ele>729.75</ele></trkpt>
      <trkpt lat="-26.597284" lon="-49.467714"><ele>733.5</ele></trkpt>
      <trkpt lat="-26.597435" lon="-49.467637"><ele>734.25</ele></trkpt>
      <trkpt lat="-26.597444" lon="-49.467528"><ele>733.75</ele></trkpt>
      <trkpt lat="-26.59724" lon="-49.467152"><ele>729</ele></trkpt>
      <trkpt lat="-26.59724" lon="-49.466539"><ele>724</ele></trkpt>
      <trkpt lat="-26.597081" lon="-49.466272"><ele>720.25</ele></trkpt>
      <trkpt lat="-26.596798" lon="-49.466233"><ele>714.75</ele></trkpt>
      <trkpt lat="-26.596479" lon="-49.465923"><ele>709.5</ele></trkpt>
      <trkpt lat="-26.596407" lon="-49.465721"><ele>705.75</ele></trkpt>
      <trkpt lat="-26.596461" lon="-49.465586"><ele>703.25</ele></trkpt>
      <trkpt lat="-26.596896" lon="-49.465313"><ele>705.25</ele></trkpt>
      <trkpt lat="-26.597289" lon="-49.464468"><ele>695.75</ele></trkpt>
      <trkpt lat="-26.597762" lon="-49.46438"><ele>701.25</ele></trkpt>
      <trkpt lat="-26.597934" lon="-49.464266"><ele>701.75</ele></trkpt>
      <trkpt lat="-26.598076" lon="-49.463471"><ele>697.5</ele></trkpt>
      <trkpt lat="-26.598558" lon="-49.461863"><ele>687</ele></trkpt>
      <trkpt lat="-26.598779" lon="-49.461586"><ele>685.5</ele></trkpt>
      <trkpt lat="-26.598909" lon="-49.461257"><ele>687</ele></trkpt>
      <trkpt lat="-26.598981" lon="-49.459601"><ele>684.25</ele></trkpt>
      <trkpt lat="-26.599501" lon="-49.45817"><ele>680.75</ele></trkpt>
      <trkpt lat="-26.600049" lon="-49.458184"><ele>682.75</ele></trkpt>
      <trkpt lat="-26.600144" lon="-49.458093"><ele>682.25</ele></trkpt>
      <trkpt lat="-26.600255" lon="-49.457663"><ele>678.75</ele></trkpt>
      <trkpt lat="-26.600434" lon="-49.457563"><ele>678</ele></trkpt>
      <trkpt lat="-26.600944" lon="-49.457839"><ele>681.5</ele></trkpt>
      <trkpt lat="-26.602048" lon="-49.457935"><ele>683</ele></trkpt>
      <trkpt lat="-26.602279" lon="-49.458465"><ele>695</ele></trkpt>
      <trkpt lat="-26.602674" lon="-49.458597"><ele>707</ele></trkpt>
      <trkpt lat="-26.602953" lon="-49.458538"><ele>709.75</ele></trkpt>
      <trkpt lat="-26.603003" lon="-49.458417"><ele>705.25</ele></trkpt>
      <trkpt lat="-26.602767" lon="-49.457686"><ele>688.5</ele></trkpt>
      <trkpt lat="-26.60287" lon="-49.457061"><ele>688.5</ele></trkpt>
      <trkpt lat="-26.602538" lon="-49.456249"><ele>678</ele></trkpt>
      <trkpt lat="-26.602563" lon="-49.456105"><ele>677.5</ele></trkpt>
      <trkpt lat="-26.602774" lon="-49.45601"><ele>679</ele></trkpt>
      <trkpt lat="-26.60338" lon="-49.456074"><ele>686</ele></trkpt>
      <trkpt lat="-26.604093" lon="-49.455836"><ele>687.25</ele></trkpt>
      <trkpt lat="-26.604473" lon="-49.455903"><ele>693</ele></trkpt>
      <trkpt lat="-26.604668" lon="-49.455834"><ele>692.75</ele></trkpt>
      <trkpt lat="-26.605006" lon="-49.455507"><ele>688</ele></trkpt>
      <trkpt lat="-26.605773" lon="-49.455313"><ele>691.5</ele></trkpt>
      <trkpt lat="-26.606231" lon="-49.454329"><ele>686.25</ele></trkpt>
      <trkpt lat="-26.606324" lon="-49.453884"><ele>686.5</ele></trkpt>
      <trkpt lat="-26.606257" lon="-49.452002"><ele>685.5</ele></trkpt>
      <trkpt lat="-26.606708" lon="-49.45164"><ele>688</ele></trkpt>
      <trkpt lat="-26.607757" lon="-49.451598"><ele>680.5</ele></trkpt>
      <trkpt lat="-26.607926" lon="-49.451463"><ele>678</ele></trkpt>
      <trkpt lat="-26.609037" lon="-49.450065"><ele>675.25</ele></trkpt>
      <trkpt lat="-26.609378" lon="-49.44988"><ele>675.75</ele></trkpt>
      <trkpt lat="-26.609758" lon="-49.449267"><ele>674.75</ele></trkpt>
      <trkpt lat="-26.610103" lon="-49.447843"><ele>674.25</ele></trkpt>
      <trkpt lat="-26.61043" lon="-49.447359"><ele>676</ele></trkpt>
      <trkpt lat="-26.611093" lon="-49.446548"><ele>673.75</ele></trkpt>
      <trkpt lat="-26.611579" lon="-49.446459"><ele>674.5</ele></trkpt>
      <trkpt lat="-26.612224" lon="-49.445609"><ele>674.75</ele></trkpt>
      <trkpt lat="-26.612984" lon="-49.445045"><ele>676.5</ele></trkpt>
      <trkpt lat="-26.613072" lon="-49.444219"><ele>679</ele></trkpt>
      <trkpt lat="-26.613004" lon="-49.443691"><ele>680.25</ele></trkpt>
      <trkpt lat="-26.613363" lon="-49.442682"><ele>690.5</ele></trkpt>
      <trkpt lat="-26.613366" lon="-49.44248"><ele>691.25</ele></trkpt>
      <trkpt lat="-26.613266" lon="-49.442303"><ele>691.75</ele></trkpt>
      <trkpt lat="-26.612584" lon="-49.441718"><ele>690</ele></trkpt>
      <trkpt lat="-26.612283" lon="-49.441307"><ele>688.25</ele></trkpt>
      <trkpt lat="-26.6125" lon="-49.441036"><ele>691.5</ele></trkpt>
      <trkpt lat="-26.612942" lon="-49.440975"><ele>694</ele></trkpt>
      <trkpt lat="-26.613037" lon="-49.440843"><ele>694.5</ele></trkpt>
      <trkpt lat="-26.612919" lon="-49.440552"><ele>692.25</ele></trkpt>
      <trkpt lat="-26.612905" lon="-49.44024"><ele>690.5</ele></trkpt>
      <trkpt lat="-26.612542" lon="-49.440023"><ele>687.25</ele></trkpt>
      <trkpt lat="-26.612233" lon="-49.439627"><ele>682.75</ele></trkpt>
      <trkpt lat="-26.612242" lon="-49.439291"><ele>680.5</ele></trkpt>
      <trkpt lat="-26.612516" lon="-49.439034"><ele>681.25</ele></trkpt>
      <trkpt lat="-26.612958" lon="-49.438985"><ele>682</ele></trkpt>
      <trkpt lat="-26.613789" lon="-49.4385"><ele>679.75</ele></trkpt>
      <trkpt lat="-26.614355" lon="-49.438391"><ele>683.75</ele></trkpt>
      <trkpt lat="-26.614859" lon="-49.43814"><ele>690.5</ele></trkpt>
      <trkpt lat="-26.615091" lon="-49.437718"><ele>694.25</ele></trkpt>
      <trkpt lat="-26.615327" lon="-49.43759"><ele>695.25</ele></trkpt>
      <trkpt lat="-26.616211" lon="-49.43763"><ele>694</ele></trkpt>
      <trkpt lat="-26.616591" lon="-49.437867"><ele>693.75</ele></trkpt>
      <trkpt lat="-26.617519" lon="-49.438055"><ele>694.75</ele></trkpt>
      <trkpt lat="-26.617897" lon="-49.438037"><ele>698.5</ele></trkpt>
      <trkpt lat="-26.618409" lon="-49.437618"><ele>694.5</ele></trkpt>
      <trkpt lat="-26.618658" lon="-49.437286"><ele>693</ele></trkpt>
      <trkpt lat="-26.618792" lon="-49.437027"><ele>692</ele></trkpt>
      <trkpt lat="-26.618944" lon="-49.436323"><ele>684.5</ele></trkpt>
      <trkpt lat="-26.620303" lon="-49.43413"><ele>690.5</ele></trkpt>
      <trkpt lat="-26.621169" lon="-49.433468"><ele>677.75</ele></trkpt>
      <trkpt lat="-26.621929" lon="-49.432558"><ele>676.5</ele></trkpt>
      <trkpt lat="-26.62324" lon="-49.431976"><ele>686.25</ele></trkpt>
      <trkpt lat="-26.623346" lon="-49.431585"><ele>686.75</ele></trkpt>
      <trkpt lat="-26.623217" lon="-49.431377"><ele>686.25</ele></trkpt>
      <trkpt lat="-26.621491" lon="-49.429765"><ele>684.75</ele></trkpt>
      <trkpt lat="-26.621291" lon="-49.429711"><ele>683</ele></trkpt>
      <trkpt lat="-26.621005" lon="-49.429784"><ele>677.5</ele></trkpt>
      <trkpt lat="-26.620565" lon="-49.429653"><ele>676.25</ele></trkpt>
      <trkpt lat="-26.620202" lon="-49.429173"><ele>674.25</ele></trkpt>
      <trkpt lat="-26.620117" lon="-49.428663"><ele>674.75</ele></trkpt>
      <trkpt lat="-26.619658" lon="-49.427951"><ele>678.25</ele></trkpt>
      <trkpt lat="-26.618846" lon="-49.427297"><ele>681.75</ele></trkpt>
      <trkpt lat="-26.618776" lon="-49.427053"><ele>682.25</ele></trkpt>
      <trkpt lat="-26.618845" lon="-49.426374"><ele>681.5</ele></trkpt>
      <trkpt lat="-26.618793" lon="-49.426037"><ele>679.25</ele></trkpt>
      <trkpt lat="-26.618429" lon="-49.425192"><ele>679</ele></trkpt>
      <trkpt lat="-26.618138" lon="-49.42365"><ele>689.5</ele></trkpt>
      <trkpt lat="-26.617598" lon="-49.422543"><ele>687.5</ele></trkpt>
      <trkpt lat="-26.617643" lon="-49.422118"><ele>684.5</ele></trkpt>
      <trkpt lat="-26.617978" lon="-49.421465"><ele>680.25</ele></trkpt>
      <trkpt lat="-26.61804" lon="-49.42102"><ele>679.75</ele></trkpt>
      <trkpt lat="-26.617899" lon="-49.419675"><ele>685.5</ele></trkpt>
      <trkpt lat="-26.617254" lon="-49.418894"><ele>689.5</ele></trkpt>
      <trkpt lat="-26.617059" lon="-49.417965"><ele>683.25</ele></trkpt>
      <trkpt lat="-26.617438" lon="-49.416017"><ele>683.5</ele></trkpt>
      <trkpt lat="-26.617605" lon="-49.415699"><ele>687</ele></trkpt>
      <trkpt lat="-26.618161" lon="-49.415339"><ele>688.25</ele></trkpt>
      <trkpt lat="-26.618253" lon="-49.415139"><ele>685.5</ele></trkpt>
      <trkpt lat="-26.618177" lon="-49.414919"><ele>682.75</ele></trkpt>
      <trkpt lat="-26.617835" lon="-49.414573"><ele>679.25</ele></trkpt>
      <trkpt lat="-26.617802" lon="-49.414167"><ele>681</ele></trkpt>
      <trkpt lat="-26.617973" lon="-49.413569"><ele>684</ele></trkpt>
      <trkpt lat="-26.618086" lon="-49.413457"><ele>686.5</ele></trkpt>
      <trkpt lat="-26.61865" lon="-49.413585"><ele>694.75</ele></trkpt>
      <trkpt lat="-26.619693" lon="-49.413271"><ele>699.5</ele></trkpt>
      <trkpt lat="-26.620648" lon="-49.412725"><ele>703</ele></trkpt>
      <trkpt lat="-26.621012" lon="-49.412281"><ele>696.5</ele></trkpt>
      <trkpt lat="-26.621697" lon="-49.411776"><ele>689.75</ele></trkpt>
      <trkpt lat="-26.622599" lon="-49.409506"><ele>687.5</ele></trkpt>
      <trkpt lat="-26.622972" lon="-49.409146"><ele>686.75</ele></trkpt>
      <trkpt lat="-26.624316" lon="-49.409275"><ele>683.25</ele></trkpt>
      <trkpt lat="-26.624581" lon="-49.409087"><ele>684.75</ele></trkpt>
      <trkpt lat="-26.624936" lon="-49.408192"><ele>677.5</ele></trkpt>
      <trkpt lat="-26.62544" lon="-49.408173"><ele>681.25</ele></trkpt>
      <trkpt lat="-26.625895" lon="-49.408339"><ele>687.25</ele></trkpt>
      <trkpt lat="-26.627268" lon="-49.408948"><ele>681.25</ele></trkpt>
      <trkpt lat="-26.627736" lon="-49.409245"><ele>681.75</ele></trkpt>
      <trkpt lat="-26.628284" lon="-49.409106"><ele>682.5</ele></trkpt>
      <trkpt lat="-26.62908" lon="-49.409433"><ele>683.5</ele></trkpt>
      <trkpt lat="-26.630052" lon="-49.408909"><ele>685.5</ele></trkpt>
      <trkpt lat="-26.630405" lon="-49.408909"><ele>688.25</ele></trkpt>
      <trkpt lat="-26.631351" lon="-49.409186"><ele>694.25</ele></trkpt>
      <trkpt lat="-26.631837" lon="-49.409522"><ele>700.75</ele></trkpt>
      <trkpt lat="-26.632588" lon="-49.40969"><ele>702.25</ele></trkpt>
      <trkpt lat="-26.632942" lon="-49.410154"><ele>714.5</ele></trkpt>
      <trkpt lat="-26.633101" lon="-49.410135"><ele>713.25</ele></trkpt>
      <trkpt lat="-26.633514" lon="-49.40959"><ele>697.25</ele></trkpt>
      <trkpt lat="-26.633883" lon="-49.409662"><ele>694.75</ele></trkpt>
      <trkpt lat="-26.634162" lon="-49.409799"><ele>693.75</ele></trkpt>
      <trkpt lat="-26.634206" lon="-49.410323"><ele>701.75</ele></trkpt>
      <trkpt lat="-26.63434" lon="-49.410563"><ele>705.5</ele></trkpt>
      <trkpt lat="-26.634495" lon="-49.41058"><ele>705.75</ele></trkpt>
      <trkpt lat="-26.634922" lon="-49.409927"><ele>693</ele></trkpt>
      <trkpt lat="-26.63531" lon="-49.409907"><ele>691.5</ele></trkpt>
      <trkpt lat="-26.635673" lon="-49.410164"><ele>694.25</ele></trkpt>
      <trkpt lat="-26.635941" lon="-49.410753"><ele>703.5</ele></trkpt>
      <trkpt lat="-26.636152" lon="-49.410844"><ele>706.25</ele></trkpt>
      <trkpt lat="-26.636277" lon="-49.410796"><ele>706.75</ele></trkpt>
      <trkpt lat="-26.63633" lon="-49.409841"><ele>697</ele></trkpt>
      <trkpt lat="-26.636426" lon="-49.409691"><ele>696.25</ele></trkpt>
      <trkpt lat="-26.637135" lon="-49.409444"><ele>696</ele></trkpt>
      <trkpt lat="-26.637423" lon="-49.409552"><ele>698.5</ele></trkpt>
      <trkpt lat="-26.637624" lon="-49.409975"><ele>706.5</ele></trkpt>
      <trkpt lat="-26.637759" lon="-49.410099"><ele>708</ele></trkpt>
      <trkpt lat="-26.638018" lon="-49.41027"><ele>709.75</ele></trkpt>
      <trkpt lat="-26.638344" lon="-49.41034"><ele>708.25</ele></trkpt>
      <trkpt lat="-26.639188" lon="-49.410898"><ele>704.75</ele></trkpt>
      <trkpt lat="-26.639358" lon="-49.411311"><ele>709.25</ele></trkpt>
      <trkpt lat="-26.639706" lon="-49.411654"><ele>709.25</ele></trkpt>
      <trkpt lat="-26.64086" lon="-49.411351"><ele>696.5</ele></trkpt>
      <trkpt lat="-26.641444" lon="-49.410827"><ele>698.25</ele></trkpt>
      <trkpt lat="-26.642142" lon="-49.410995"><ele>705.25</ele></trkpt>
      <trkpt lat="-26.643025" lon="-49.410629"><ele>719.25</ele></trkpt>
      <trkpt lat="-26.643114" lon="-49.410342"><ele>723.25</ele></trkpt>
      <trkpt lat="-26.643078" lon="-49.409967"><ele>725.25</ele></trkpt>
      <trkpt lat="-26.643291" lon="-49.409433"><ele>728.75</ele></trkpt>
      <trkpt lat="-26.643724" lon="-49.409393"><ele>733</ele></trkpt>
      <trkpt lat="-26.645208" lon="-49.410184"><ele>740</ele></trkpt>
      <trkpt lat="-26.646313" lon="-49.410669"><ele>765.25</ele></trkpt>
      <trkpt lat="-26.646675" lon="-49.411301"><ele>775</ele></trkpt>
      <trkpt lat="-26.646675" lon="-49.411598"><ele>771</ele></trkpt>
      <trkpt lat="-26.646799" lon="-49.411904"><ele>769.5</ele></trkpt>
      <trkpt lat="-26.647232" lon="-49.412379"><ele>777.75</ele></trkpt>
      <trkpt lat="-26.647585" lon="-49.413002"><ele>777.5</ele></trkpt>
      <trkpt lat="-26.64831" lon="-49.413111"><ele>783.25</ele></trkpt>
      <trkpt lat="-26.649422" lon="-49.412554"><ele>785.75</ele></trkpt>
      <trkpt lat="-26.650213" lon="-49.412348"><ele>792.75</ele></trkpt>
      <trkpt lat="-26.651537" lon="-49.412615"><ele>798.5</ele></trkpt>
      <trkpt lat="-26.651614" lon="-49.413172"><ele>804.5</ele></trkpt>
      <trkpt lat="-26.651746" lon="-49.413483"><ele>808</ele></trkpt>
      <trkpt lat="-26.652176" lon="-49.412826"><ele>805.25</ele></trkpt>
      <trkpt lat="-26.652688" lon="-49.412672"><ele>810.25</ele></trkpt>
      <trkpt lat="-26.652925" lon="-49.41268"><ele>813.25</ele></trkpt>
      <trkpt lat="-26.653219" lon="-49.412971"><ele>818.75</ele></trkpt>
      <trkpt lat="-26.65375" lon="-49.413181"><ele>828</ele></trkpt>
      <trkpt lat="-26.653938" lon="-49.413138"><ele>830</ele></trkpt>
      <trkpt lat="-26.654205" lon="-49.412659"><ele>825</ele></trkpt>
      <trkpt lat="-26.654354" lon="-49.412625"><ele>825.5</ele></trkpt>
      <trkpt lat="-26.654698" lon="-49.4128"><ele>832.25</ele></trkpt>
      <trkpt lat="-26.654825" lon="-49.412761"><ele>832.5</ele></trkpt>
      <trkpt lat="-26.654955" lon="-49.412334"><ele>824.5</ele></trkpt>
      <trkpt lat="-26.655295" lon="-49.412376"><ele>830.25</ele></trkpt>
      <trkpt lat="-26.655646" lon="-49.412193"><ele>834.5</ele></trkpt>
      <trkpt lat="-26.65565" lon="-49.41203"><ele>833.5</ele></trkpt>
      <trkpt lat="-26.655203" lon="-49.411478"><ele>820.5</ele></trkpt>
      <trkpt lat="-26.655081" lon="-49.411012"><ele>817</ele></trkpt>
      <trkpt lat="-26.655134" lon="-49.410833"><ele>818.25</ele></trkpt>
      <trkpt lat="-26.655306" lon="-49.410657"><ele>821.5</ele></trkpt>
      <trkpt lat="-26.655344" lon="-49.410225"><ele>819.75</ele></trkpt>
      <trkpt lat="-26.655451" lon="-49.410088"><ele>820.5</ele></trkpt>
      <trkpt lat="-26.655834" lon="-49.40999"><ele>824.75</ele></trkpt>
      <trkpt lat="-26.656009" lon="-49.409789"><ele>825.75</ele></trkpt>
      <trkpt lat="-26.656262" lon="-49.408767"><ele>819.75</ele></trkpt>
      <trkpt lat="-26.656235" lon="-49.408527"><ele>817.75</ele></trkpt>
      <trkpt lat="-26.656097" lon="-49.408292"><ele>815.25</ele></trkpt>
      <trkpt lat="-26.656132" lon="-49.408168"><ele>815</ele></trkpt>
      <trkpt lat="-26.656369" lon="-49.407882"><ele>814.5</ele></trkpt>
      <trkpt lat="-26.656396" lon="-49.407702"><ele>813.75</ele></trkpt>
      <trkpt lat="-26.656537" lon="-49.407638"><ele>813.5</ele></trkpt>
      <trkpt lat="-26.656854" lon="-49.407693"><ele>813.5</ele></trkpt>
      <trkpt lat="-26.656927" lon="-49.407591"><ele>812.25</ele></trkpt>
      <trkpt lat="-26.656736" lon="-49.406894"><ele>803.5</ele></trkpt>
      <trkpt lat="-26.656824" lon="-49.406718"><ele>799.75</ele></trkpt>
      <trkpt lat="-26.657466" lon="-49.406894"><ele>795.75</ele></trkpt>
      <trkpt lat="-26.657638" lon="-49.406842"><ele>794.75</ele></trkpt>
      <trkpt lat="-26.65784" lon="-49.406569"><ele>791.5</ele></trkpt>
      <trkpt lat="-26.658291" lon="-49.406286"><ele>792.25</ele></trkpt>
      <trkpt lat="-26.658494" lon="-49.406025"><ele>794</ele></trkpt>
      <trkpt lat="-26.658593" lon="-49.405589"><ele>797</ele></trkpt>
      <trkpt lat="-26.658792" lon="-49.40535"><ele>801.25</ele></trkpt>
      <trkpt lat="-26.658913" lon="-49.404984"><ele>804.25</ele></trkpt>
      <trkpt lat="-26.659178" lon="-49.404584"><ele>808</ele></trkpt>
      <trkpt lat="-26.659545" lon="-49.404367"><ele>809.5</ele></trkpt>
      <trkpt lat="-26.660059" lon="-49.404294"><ele>811</ele></trkpt>
      <trkpt lat="-26.660227" lon="-49.404179"><ele>812</ele></trkpt>
      <trkpt lat="-26.660772" lon="-49.403006"><ele>814</ele></trkpt>
      <trkpt lat="-26.66094" lon="-49.402794"><ele>813.5</ele></trkpt>
      <trkpt lat="-26.661329" lon="-49.402522"><ele>813</ele></trkpt>
      <trkpt lat="-26.662481" lon="-49.401264"><ele>804.75</ele></trkpt>
      <trkpt lat="-26.663021" lon="-49.401179"><ele>812.5</ele></trkpt>
      <trkpt lat="-26.66314" lon="-49.401028"><ele>814.5</ele></trkpt>
      <trkpt lat="-26.663135" lon="-49.400211"><ele>819.5</ele></trkpt>
      <trkpt lat="-26.662724" lon="-49.397822"><ele>832</ele></trkpt>
      <trkpt lat="-26.662913" lon="-49.397145"><ele>834.5</ele></trkpt>
      <trkpt lat="-26.663189" lon="-49.396788"><ele>836</ele></trkpt>
      <trkpt lat="-26.663805" lon="-49.396504"><ele>836.75</ele></trkpt>
      <trkpt lat="-26.66447" lon="-49.395971"><ele>835</ele></trkpt>
      <trkpt lat="-26.665145" lon="-49.39599"><ele>833</ele></trkpt>
      <trkpt lat="-26.665751" lon="-49.396286"><ele>832.25</ele></trkpt>
      <trkpt lat="-26.666329" lon="-49.396782"><ele>829.75</ele></trkpt>
      <trkpt lat="-26.666988" lon="-49.397145"><ele>821</ele></trkpt>
      <trkpt lat="-26.667394" lon="-49.397108"><ele>818.5</ele></trkpt>
      <trkpt lat="-26.667729" lon="-49.397175"><ele>816</ele></trkpt>
      <trkpt lat="-26.667853" lon="-49.397302"><ele>815.25</ele></trkpt>
      <trkpt lat="-26.668232" lon="-49.397363"><ele>813.5</ele></trkpt>
      <trkpt lat="-26.669397" lon="-49.397884"><ele>833.25</ele></trkpt>
      <trkpt lat="-26.670321" lon="-49.39861"><ele>842.25</ele></trkpt>
      <trkpt lat="-26.671067" lon="-49.399402"><ele>843</ele></trkpt>
      <trkpt lat="-26.671872" lon="-49.39962"><ele>827.5</ele></trkpt>
      <trkpt lat="-26.672661" lon="-49.399553"><ele>813.5</ele></trkpt>
      <trkpt lat="-26.672867" lon="-49.399729"><ele>812.5</ele></trkpt>
      <trkpt lat="-26.673721" lon="-49.401156"><ele>807.25</ele></trkpt>
      <trkpt lat="-26.673856" lon="-49.401628"><ele>805.5</ele></trkpt>
      <trkpt lat="-26.674077" lon="-49.401779"><ele>800.25</ele></trkpt>
      <trkpt lat="-26.674472" lon="-49.402305"><ele>798</ele></trkpt>
      <trkpt lat="-26.674731" lon="-49.402438"><ele>792.75</ele></trkpt>
      <trkpt lat="-26.67492" lon="-49.402668"><ele>788.75</ele></trkpt>
      <trkpt lat="-26.675099" lon="-49.403188"><ele>787.25</ele></trkpt>
      <trkpt lat="-26.67551" lon="-49.403412"><ele>783</ele></trkpt>
      <trkpt lat="-26.676472" lon="-49.403624"><ele>776</ele></trkpt>
      <trkpt lat="-26.676677" lon="-49.403993"><ele>773.5</ele></trkpt>
      <trkpt lat="-26.676839" lon="-49.404126"><ele>772</ele></trkpt>
      <trkpt lat="-26.677028" lon="-49.404833"><ele>771.75</ele></trkpt>
      <trkpt lat="-26.67692" lon="-49.405105"><ele>774</ele></trkpt>
      <trkpt lat="-26.677018" lon="-49.405825"><ele>778.5</ele></trkpt>
      <trkpt lat="-26.676899" lon="-49.406708"><ele>786.25</ele></trkpt>
      <trkpt lat="-26.67699" lon="-49.407271"><ele>786.5</ele></trkpt>
      <trkpt lat="-26.677109" lon="-49.407537"><ele>786.25</ele></trkpt>
      <trkpt lat="-26.677585" lon="-49.407694"><ele>787</ele></trkpt>
      <trkpt lat="-26.677877" lon="-49.407882"><ele>791.75</ele></trkpt>
      <trkpt lat="-26.67846" lon="-49.407634"><ele>797.5</ele></trkpt>
      <trkpt lat="-26.679168" lon="-49.407549"><ele>800.5</ele></trkpt>
      <trkpt lat="-26.679849" lon="-49.407247"><ele>797.75</ele></trkpt>
      <trkpt lat="-26.68059" lon="-49.407755"><ele>798.75</ele></trkpt>
      <trkpt lat="-26.680957" lon="-49.40787"><ele>796.5</ele></trkpt>
      <trkpt lat="-26.681217" lon="-49.407797"><ele>797.5</ele></trkpt>
      <trkpt lat="-26.681422" lon="-49.407876"><ele>797.25</ele></trkpt>
      <trkpt lat="-26.681449" lon="-49.408093"><ele>795.75</ele></trkpt>
      <trkpt lat="-26.681217" lon="-49.40972"><ele>811.25</ele></trkpt>
      <trkpt lat="-26.681244" lon="-49.410101"><ele>814.25</ele></trkpt>
      <trkpt lat="-26.68139" lon="-49.410295"><ele>814.25</ele></trkpt>
      <trkpt lat="-26.681406" lon="-49.410567"><ele>814.5</ele></trkpt>
      <trkpt lat="-26.68133" lon="-49.41087"><ele>815.25</ele></trkpt>
      <trkpt lat="-26.681098" lon="-49.411118"><ele>813.25</ele></trkpt>
      <trkpt lat="-26.680984" lon="-49.411511"><ele>808.5</ele></trkpt>
      <trkpt lat="-26.680801" lon="-49.411735"><ele>805</ele></trkpt>
      <trkpt lat="-26.680665" lon="-49.412575"><ele>789.5</ele></trkpt>
      <trkpt lat="-26.680363" lon="-49.413114"><ele>784.5</ele></trkpt>
      <trkpt lat="-26.680336" lon="-49.413343"><ele>780.5</ele></trkpt>
      <trkpt lat="-26.68039" lon="-49.413555"><ele>779.5</ele></trkpt>
      <trkpt lat="-26.680811" lon="-49.41422"><ele>774.25</ele></trkpt>
      <trkpt lat="-26.681195" lon="-49.415255"><ele>771.25</ele></trkpt>
      <trkpt lat="-26.680947" lon="-49.415539"><ele>773.5</ele></trkpt>
      <trkpt lat="-26.68099" lon="-49.41569"><ele>773</ele></trkpt>
      <trkpt lat="-26.681752" lon="-49.416077"><ele>769</ele></trkpt>
      <trkpt lat="-26.682368" lon="-49.416597"><ele>763.75</ele></trkpt>
      <trkpt lat="-26.682806" lon="-49.417378"><ele>764.5</ele></trkpt>
      <trkpt lat="-26.683151" lon="-49.417541"><ele>761</ele></trkpt>
      <trkpt lat="-26.683254" lon="-49.417849"><ele>763.75</ele></trkpt>
      <trkpt lat="-26.683443" lon="-49.418079"><ele>766</ele></trkpt>
      <trkpt lat="-26.683541" lon="-49.418612"><ele>771.5</ele></trkpt>
      <trkpt lat="-26.68373" lon="-49.418763"><ele>772.75</ele></trkpt>
      <trkpt lat="-26.68413" lon="-49.418872"><ele>774</ele></trkpt>
      <trkpt lat="-26.684738" lon="-49.418768"><ele>766</ele></trkpt>
      <trkpt lat="-26.684981" lon="-49.419233"><ele>766.25</ele></trkpt>
      <trkpt lat="-26.685149" lon="-49.419379"><ele>764.25</ele></trkpt>
      <trkpt lat="-26.685046" lon="-49.419748"><ele>765.5</ele></trkpt>
      <trkpt lat="-26.685332" lon="-49.42008"><ele>763.75</ele></trkpt>
      <trkpt lat="-26.685414" lon="-49.420437"><ele>763.25</ele></trkpt>
      <trkpt lat="-26.6857" lon="-49.420461"><ele>760.75</ele></trkpt>
      <trkpt lat="-26.686311" lon="-49.420346"><ele>753.5</ele></trkpt>
      <trkpt lat="-26.686932" lon="-49.420613"><ele>749.25</ele></trkpt>
      <trkpt lat="-26.687283" lon="-49.420516"><ele>746</ele></trkpt>
      <trkpt lat="-26.687786" lon="-49.420631"><ele>744.75</ele></trkpt>
      <trkpt lat="-26.688197" lon="-49.420631"><ele>743.25</ele></trkpt>
      <trkpt lat="-26.688597" lon="-49.420516"><ele>741</ele></trkpt>
      <trkpt lat="-26.689375" lon="-49.420697"><ele>737.75</ele></trkpt>
      <trkpt lat="-26.68958" lon="-49.420848"><ele>737.5</ele></trkpt>
      <trkpt lat="-26.689704" lon="-49.421084"><ele>738</ele></trkpt>
      <trkpt lat="-26.689721" lon="-49.42132"><ele>739</ele></trkpt>
      <trkpt lat="-26.689553" lon="-49.421447"><ele>740</ele></trkpt>
      <trkpt lat="-26.689472" lon="-49.421828"><ele>738.5</ele></trkpt>
      <trkpt lat="-26.689331" lon="-49.421998"><ele>735.5</ele></trkpt>
      <trkpt lat="-26.688948" lon="-49.422191"><ele>730.25</ele></trkpt>
      <trkpt lat="-26.688856" lon="-49.422342"><ele>726.75</ele></trkpt>
      <trkpt lat="-26.689315" lon="-49.422766"><ele>715.75</ele></trkpt>
      <trkpt lat="-26.690315" lon="-49.423165"><ele>713.25</ele></trkpt>
      <trkpt lat="-26.690375" lon="-49.423401"><ele>705.75</ele></trkpt>
      <trkpt lat="-26.690742" lon="-49.423606"><ele>700.25</ele></trkpt>
      <trkpt lat="-26.690926" lon="-49.423558"><ele>700.25</ele></trkpt>
      <trkpt lat="-26.691244" lon="-49.423111"><ele>705</ele></trkpt>
      <trkpt lat="-26.691271" lon="-49.422639"><ele>719.75</ele></trkpt>
      <trkpt lat="-26.691336" lon="-49.42256"><ele>721.5</ele></trkpt>
      <trkpt lat="-26.691466" lon="-49.422524"><ele>721.75</ele></trkpt>
      <trkpt lat="-26.691693" lon="-49.422844"><ele>705.75</ele></trkpt>
      <trkpt lat="-26.692087" lon="-49.422869"><ele>699</ele></trkpt>
      <trkpt lat="-26.692655" lon="-49.422699"><ele>698.5</ele></trkpt>
      <trkpt lat="-26.692866" lon="-49.422451"><ele>704.25</ele></trkpt>
      <trkpt lat="-26.693109" lon="-49.422409"><ele>699</ele></trkpt>
      <trkpt lat="-26.69359" lon="-49.422542"><ele>683.25</ele></trkpt>
      <trkpt lat="-26.693757" lon="-49.422409"><ele>684</ele></trkpt>
      <trkpt lat="-26.69399" lon="-49.422385"><ele>679.75</ele></trkpt>
      <trkpt lat="-26.694092" lon="-49.422494"><ele>675.5</ele></trkpt>
      <trkpt lat="-26.694054" lon="-49.422609"><ele>671.75</ele></trkpt>
      <trkpt lat="-26.693714" lon="-49.422651"><ele>676.5</ele></trkpt>
      <trkpt lat="-26.693406" lon="-49.422838"><ele>674.25</ele></trkpt>
      <trkpt lat="-26.693098" lon="-49.422875"><ele>679.5</ele></trkpt>
      <trkpt lat="-26.692849" lon="-49.423238"><ele>667.5</ele></trkpt>
      <trkpt lat="-26.692255" lon="-49.423613"><ele>667</ele></trkpt>
      <trkpt lat="-26.691952" lon="-49.423467"><ele>676.5</ele></trkpt>
      <trkpt lat="-26.691844" lon="-49.4236"><ele>675.75</ele></trkpt>
      <trkpt lat="-26.692174" lon="-49.424054"><ele>658.25</ele></trkpt>
      <trkpt lat="-26.692639" lon="-49.424363"><ele>638.75</ele></trkpt>
      <trkpt lat="-26.69272" lon="-49.424586"><ele>631</ele></trkpt>
      <trkpt lat="-26.692509" lon="-49.425004"><ele>628.5</ele></trkpt>
      <trkpt lat="-26.692298" lon="-49.425203"><ele>627</ele></trkpt>
      <trkpt lat="-26.692142" lon="-49.425832"><ele>611</ele></trkpt>
      <trkpt lat="-26.691931" lon="-49.425923"><ele>612.25</ele></trkpt>
      <trkpt lat="-26.69152" lon="-49.425947"><ele>615.5</ele></trkpt>
      <trkpt lat="-26.691482" lon="-49.426032"><ele>613.25</ele></trkpt>
      <trkpt lat="-26.691817" lon="-49.426383"><ele>603</ele></trkpt>
      <trkpt lat="-26.692266" lon="-49.4266"><ele>592.25</ele></trkpt>
      <trkpt lat="-26.69225" lon="-49.426782"><ele>588.5</ele></trkpt>
      <trkpt lat="-26.691401" lon="-49.427363"><ele>579.75</ele></trkpt>
      <trkpt lat="-26.691288" lon="-49.427514"><ele>576.25</ele></trkpt>
      <trkpt lat="-26.691342" lon="-49.427701"><ele>574.75</ele></trkpt>
      <trkpt lat="-26.691715" lon="-49.428185"><ele>570.75</ele></trkpt>
      <trkpt lat="-26.692154" lon="-49.429092"><ele>572</ele></trkpt>
      <trkpt lat="-26.692486" lon="-49.429207"><ele>572.75</ele></trkpt>
      <trkpt lat="-26.693178" lon="-49.429075"><ele>569.75</ele></trkpt>
      <trkpt lat="-26.693705" lon="-49.428818"><ele>564</ele></trkpt>
      <trkpt lat="-26.694282" lon="-49.428805"><ele>557.5</ele></trkpt>
      <trkpt lat="-26.694286" lon="-49.428262"><ele>552</ele></trkpt>
      <trkpt lat="-26.695134" lon="-49.427971"><ele>545</ele></trkpt>
      <trkpt lat="-26.695532" lon="-49.427603"><ele>544.5</ele></trkpt>
      <trkpt lat="-26.696071" lon="-49.427531"><ele>542.25</ele></trkpt>
      <trkpt lat="-26.696533" lon="-49.427659"><ele>539</ele></trkpt>
      <trkpt lat="-26.697232" lon="-49.428476"><ele>533.75</ele></trkpt>
      <trkpt lat="-26.697969" lon="-49.428296"><ele>532.5</ele></trkpt>
      <trkpt lat="-26.698474" lon="-49.428433"><ele>536.25</ele></trkpt>
      <trkpt lat="-26.699135" lon="-49.428467"><ele>536.5</ele></trkpt>
      <trkpt lat="-26.69983" lon="-49.428296"><ele>532</ele></trkpt>
      <trkpt lat="-26.701225" lon="-49.428955"><ele>537</ele></trkpt>
      <trkpt lat="-26.702493" lon="-49.429207"><ele>527</ele></trkpt>
      <trkpt lat="-26.703468" lon="-49.428921"><ele>525.75</ele></trkpt>
      <trkpt lat="-26.704044" lon="-49.428865"><ele>521.5</ele></trkpt>
      <trkpt lat="-26.70427" lon="-49.428711"><ele>520.75</ele></trkpt>
      <trkpt lat="-26.704159" lon="-49.429642"><ele>525.75</ele></trkpt>
      <trkpt lat="-26.704285" lon="-49.429832"><ele>527.75</ele></trkpt>
      <trkpt lat="-26.704668" lon="-49.429958"><ele>526.75</ele></trkpt>
      <trkpt lat="-26.704798" lon="-49.430119"><ele>527.25</ele></trkpt>
      <trkpt lat="-26.704853" lon="-49.430485"><ele>529</ele></trkpt>
      <trkpt lat="-26.704787" lon="-49.431146"><ele>533.25</ele></trkpt>
      <trkpt lat="-26.704875" lon="-49.431361"><ele>530.5</ele></trkpt>
      <trkpt lat="-26.704676" lon="-49.43203"><ele>535</ele></trkpt>
      <trkpt lat="-26.704838" lon="-49.432592"><ele>530.25</ele></trkpt>
      <trkpt lat="-26.704706" lon="-49.432914"><ele>533.25</ele></trkpt>
      <trkpt lat="-26.704292" lon="-49.433294"><ele>540</ele></trkpt>
      <trkpt lat="-26.704211" lon="-49.433674"><ele>537</ele></trkpt>
      <trkpt lat="-26.704639" lon="-49.434302"><ele>528.75</ele></trkpt>
      <trkpt lat="-26.704647" lon="-49.434848"><ele>526.75</ele></trkpt>
      <trkpt lat="-26.704861" lon="-49.434988"><ele>525.5</ele></trkpt>
      <trkpt lat="-26.705289" lon="-49.435095"><ele>529.75</ele></trkpt>
      <trkpt lat="-26.705769" lon="-49.435988"><ele>532.25</ele></trkpt>
      <trkpt lat="-26.706042" lon="-49.436252"><ele>535.25</ele></trkpt>
      <trkpt lat="-26.706079" lon="-49.436864"><ele>536.25</ele></trkpt>
      <trkpt lat="-26.706005" lon="-49.437249"><ele>534.5</ele></trkpt>
      <trkpt lat="-26.705039" lon="-49.438892"><ele>533</ele></trkpt>
      <trkpt lat="-26.704851" lon="-49.438911"><ele>532.25</ele></trkpt>
      <trkpt lat="-26.704572" lon="-49.438663"><ele>534</ele></trkpt>
      <trkpt lat="-26.704152" lon="-49.438467"><ele>536</ele></trkpt>
      <trkpt lat="-26.70398" lon="-49.43851"><ele>534.25</ele></trkpt>
      <trkpt lat="-26.703312" lon="-49.43895"><ele>528.75</ele></trkpt>
      <trkpt lat="-26.702986" lon="-49.439475"><ele>531.25</ele></trkpt>
      <trkpt lat="-26.702358" lon="-49.439599"><ele>535.25</ele></trkpt>
      <trkpt lat="-26.701287" lon="-49.440348"><ele>545.5</ele></trkpt>
      <trkpt lat="-26.701139" lon="-49.440322"><ele>544.75</ele></trkpt>
      <trkpt lat="-26.700691" lon="-49.440004"><ele>541.75</ele></trkpt>
      <trkpt lat="-26.700263" lon="-49.439938"><ele>542.25</ele></trkpt>
      <trkpt lat="-26.698987" lon="-49.440675"><ele>542.25</ele></trkpt>
      <trkpt lat="-26.69854" lon="-49.441715"><ele>541.25</ele></trkpt>
      <trkpt lat="-26.698514" lon="-49.443136"><ele>540</ele></trkpt>
      <trkpt lat="-26.698287" lon="-49.444071"><ele>540</ele></trkpt>
      <trkpt lat="-26.697936" lon="-49.444978"><ele>539.25</ele></trkpt>
      <trkpt lat="-26.697508" lon="-49.445722"><ele>540</ele></trkpt>
      <trkpt lat="-26.697235" lon="-49.445879"><ele>540.5</ele></trkpt>
      <trkpt lat="-26.696593" lon="-49.445813"><ele>541.75</ele></trkpt>
      <trkpt lat="-26.693411" lon="-49.44687"><ele>542.75</ele></trkpt>
      <trkpt lat="-26.692068" lon="-49.446771"><ele>546.25</ele></trkpt>
      <trkpt lat="-26.691624" lon="-49.446546"><ele>548</ele></trkpt>
      <trkpt lat="-26.69082" lon="-49.446672"><ele>546.75</ele></trkpt>
      <trkpt lat="-26.690338" lon="-49.446929"><ele>545.25</ele></trkpt>
      <trkpt lat="-26.68989" lon="-49.446978"><ele>543.75</ele></trkpt>
      <trkpt lat="-26.687623" lon="-49.447754"><ele>546.25</ele></trkpt>
      <trkpt lat="-26.687239" lon="-49.448019"><ele>549</ele></trkpt>
      <trkpt lat="-26.68666" lon="-49.448922"><ele>547.25</ele></trkpt>
      <trkpt lat="-26.685873" lon="-49.449795"><ele>548.5</ele></trkpt>
      <trkpt lat="-26.685451" lon="-49.450012"><ele>552.75</ele></trkpt>
      <trkpt lat="-26.685146" lon="-49.450593"><ele>552.25</ele></trkpt>
      <trkpt lat="-26.684918" lon="-49.450709"><ele>553</ele></trkpt>
      <trkpt lat="-26.684513" lon="-49.451222"><ele>552.5</ele></trkpt>
      <trkpt lat="-26.683796" lon="-49.451772"><ele>552.25</ele></trkpt>
      <trkpt lat="-26.6836" lon="-49.452369"><ele>557.5</ele></trkpt>
      <trkpt lat="-26.683647" lon="-49.452528"><ele>559.75</ele></trkpt>
      <trkpt lat="-26.684248" lon="-49.452506"><ele>562.5</ele></trkpt>
      <trkpt lat="-26.684321" lon="-49.452538"><ele>563.75</ele></trkpt>
      <trkpt lat="-26.684304" lon="-49.452631"><ele>567.25</ele></trkpt>
      <trkpt lat="-26.683926" lon="-49.45302"><ele>579.25</ele></trkpt>
      <trkpt lat="-26.683438" lon="-49.453203"><ele>580</ele></trkpt>
      <trkpt lat="-26.68271" lon="-49.454117"><ele>615.75</ele></trkpt>
      <trkpt lat="-26.682355" lon="-49.45434"><ele>623.75</ele></trkpt>
      <trkpt lat="-26.682422" lon="-49.45444"><ele>631</ele></trkpt>
      <trkpt lat="-26.683715" lon="-49.454346"><ele>645.5</ele></trkpt>
      <trkpt lat="-26.684131" lon="-49.454415"><ele>652</ele></trkpt>
      <trkpt lat="-26.684514" lon="-49.454551"><ele>649.5</ele></trkpt>
      <trkpt lat="-26.684831" lon="-49.454955"><ele>652.5</ele></trkpt>
      <trkpt lat="-26.684797" lon="-49.455104"><ele>655.75</ele></trkpt>
      <trkpt lat="-26.684065" lon="-49.455079"><ele>678</ele></trkpt>
      <trkpt lat="-26.683432" lon="-49.45544"><ele>685.25</ele></trkpt>
      <trkpt lat="-26.683155" lon="-49.455812"><ele>690.75</ele></trkpt>
      <trkpt lat="-26.682783" lon="-49.45593"><ele>689</ele></trkpt>
      <trkpt lat="-26.682389" lon="-49.456707"><ele>684.5</ele></trkpt>
      <trkpt lat="-26.681902" lon="-49.457107"><ele>682.25</ele></trkpt>
      <trkpt lat="-26.6822" lon="-49.457267"><ele>684.25</ele></trkpt>
      <trkpt lat="-26.682533" lon="-49.45762"><ele>687.75</ele></trkpt>
      <trkpt lat="-26.683338" lon="-49.459036"><ele>704.25</ele></trkpt>
      <trkpt lat="-26.683493" lon="-49.460192"><ele>703</ele></trkpt>
      <trkpt lat="-26.683743" lon="-49.460844"><ele>705</ele></trkpt>
      <trkpt lat="-26.683371" lon="-49.461701"><ele>709.75</ele></trkpt>
      <trkpt lat="-26.68351" lon="-49.462161"><ele>710.75</ele></trkpt>
      <trkpt lat="-26.683676" lon="-49.462229"><ele>711</ele></trkpt>
      <trkpt lat="-26.684548" lon="-49.461981"><ele>710.75</ele></trkpt>
      <trkpt lat="-26.685064" lon="-49.461943"><ele>714.25</ele></trkpt>
      <trkpt lat="-26.685881" lon="-49.461385"><ele>714.5</ele></trkpt>
      <trkpt lat="-26.687017" lon="-49.461596"><ele>720</ele></trkpt>
      <trkpt lat="-26.687442" lon="-49.461568"><ele>720.5</ele></trkpt>
      <trkpt lat="-26.688455" lon="-49.461037"><ele>721.5</ele></trkpt>
      <trkpt lat="-26.688966" lon="-49.460968"><ele>721</ele></trkpt>
      <trkpt lat="-26.689493" lon="-49.461707"><ele>725.75</ele></trkpt>
      <trkpt lat="-26.689687" lon="-49.461794"><ele>725.75</ele></trkpt>
      <trkpt lat="-26.690281" lon="-49.461788"><ele>719.75</ele></trkpt>
      <trkpt lat="-26.69047" lon="-49.461869"><ele>719</ele></trkpt>
      <trkpt lat="-26.690714" lon="-49.462117"><ele>718.5</ele></trkpt>
      <trkpt lat="-26.690803" lon="-49.462441"><ele>719.25</ele></trkpt>
      <trkpt lat="-26.690773" lon="-49.462651"><ele>722.75</ele></trkpt>
      <trkpt lat="-26.690975" lon="-49.462944"><ele>724.25</ele></trkpt>
      <trkpt lat="-26.691363" lon="-49.463136"><ele>721.75</ele></trkpt>
      <trkpt lat="-26.692201" lon="-49.463329"><ele>719.25</ele></trkpt>
      <trkpt lat="-26.692506" lon="-49.463788"><ele>722.75</ele></trkpt>
      <trkpt lat="-26.692817" lon="-49.463944"><ele>722.25</ele></trkpt>
      <trkpt lat="-26.693183" lon="-49.464012"><ele>720.5</ele></trkpt>
      <trkpt lat="-26.693727" lon="-49.463819"><ele>724.25</ele></trkpt>
      <trkpt lat="-26.693944" lon="-49.463552"><ele>726</ele></trkpt>
      <trkpt lat="-26.694266" lon="-49.46295"><ele>728.5</ele></trkpt>
      <trkpt lat="-26.694515" lon="-49.461912"><ele>726.25</ele></trkpt>
      <trkpt lat="-26.694893" lon="-49.461217"><ele>722.75</ele></trkpt>
      <trkpt lat="-26.695198" lon="-49.460776"><ele>720.25</ele></trkpt>
      <trkpt lat="-26.695853" lon="-49.460248"><ele>720</ele></trkpt>
      <trkpt lat="-26.696064" lon="-49.460154"><ele>718</ele></trkpt>
      <trkpt lat="-26.696735" lon="-49.460285"><ele>716.75</ele></trkpt>
      <trkpt lat="-26.697346" lon="-49.460248"><ele>713</ele></trkpt>
      <trkpt lat="-26.69815" lon="-49.460105"><ele>710.75</ele></trkpt>
      <trkpt lat="-26.698994" lon="-49.460304"><ele>716.75</ele></trkpt>
      <trkpt lat="-26.699976" lon="-49.460043"><ele>717</ele></trkpt>
      <trkpt lat="-26.701957" lon="-49.460832"><ele>712.75</ele></trkpt>
      <trkpt lat="-26.702607" lon="-49.461223"><ele>719.75</ele></trkpt>
      <trkpt lat="-26.702986" lon="-49.461224"><ele>716.25</ele></trkpt>
      <trkpt lat="-26.703127" lon="-49.461345"><ele>717</ele></trkpt>
      <trkpt lat="-26.703178" lon="-49.461577"><ele>720</ele></trkpt>
      <trkpt lat="-26.703767" lon="-49.462124"><ele>727.75</ele></trkpt>
      <trkpt lat="-26.704379" lon="-49.46215"><ele>724</ele></trkpt>
      <trkpt lat="-26.705176" lon="-49.461776"><ele>728.25</ele></trkpt>
      <trkpt lat="-26.705408" lon="-49.461457"><ele>732.25</ele></trkpt>
      <trkpt lat="-26.705816" lon="-49.461263"><ele>741</ele></trkpt>
      <trkpt lat="-26.705918" lon="-49.460657"><ele>743.5</ele></trkpt>
      <trkpt lat="-26.706821" lon="-49.460028"><ele>761</ele></trkpt>
      <trkpt lat="-26.707762" lon="-49.458891"><ele>764.5</ele></trkpt>
      <trkpt lat="-26.708053" lon="-49.458452"><ele>764.25</ele></trkpt>
      <trkpt lat="-26.708571" lon="-49.457126"><ele>756.25</ele></trkpt>
      <trkpt lat="-26.709293" lon="-49.45608"><ele>745.25</ele></trkpt>
      <trkpt lat="-26.709442" lon="-49.45507"><ele>736.25</ele></trkpt>
      <trkpt lat="-26.70985" lon="-49.45449"><ele>737.75</ele></trkpt>
      <trkpt lat="-26.71076" lon="-49.453928"><ele>748</ele></trkpt>
      <trkpt lat="-26.711349" lon="-49.454025"><ele>743.25</ele></trkpt>
      <trkpt lat="-26.711553" lon="-49.453972"><ele>742.5</ele></trkpt>
      <trkpt lat="-26.71211" lon="-49.453629"><ele>746.75</ele></trkpt>
      <trkpt lat="-26.713038" lon="-49.453399"><ele>738.5</ele></trkpt>
      <trkpt lat="-26.713475" lon="-49.453093"><ele>741.75</ele></trkpt>
      <trkpt lat="-26.713785" lon="-49.453129"><ele>736.5</ele></trkpt>
      <trkpt lat="-26.714238" lon="-49.453365"><ele>724</ele></trkpt>
      <trkpt lat="-26.714875" lon="-49.453373"><ele>718.5</ele></trkpt>
      <trkpt lat="-26.715225" lon="-49.45387"><ele>708</ele></trkpt>
      <trkpt lat="-26.715724" lon="-49.453422"><ele>703.25</ele></trkpt>
      <trkpt lat="-26.716051" lon="-49.453342"><ele>698.75</ele></trkpt>
      <trkpt lat="-26.717028" lon="-49.453447"><ele>690.25</ele></trkpt>
      <trkpt lat="-26.717238" lon="-49.453514"><ele>690.25</ele></trkpt>
      <trkpt lat="-26.717378" lon="-49.453727"><ele>688</ele></trkpt>
      <trkpt lat="-26.717532" lon="-49.45435"><ele>677</ele></trkpt>
      <trkpt lat="-26.717993" lon="-49.454485"><ele>671</ele></trkpt>
      <trkpt lat="-26.718326" lon="-49.454174"><ele>679.75</ele></trkpt>
      <trkpt lat="-26.718433" lon="-49.454251"><ele>676.25</ele></trkpt>
      <trkpt lat="-26.718483" lon="-49.454586"><ele>665</ele></trkpt>
      <trkpt lat="-26.718642" lon="-49.45487"><ele>655.25</ele></trkpt>
      <trkpt lat="-26.718432" lon="-49.455038"><ele>649.5</ele></trkpt>
      <trkpt lat="-26.718069" lon="-49.455115"><ele>649</ele></trkpt>
      <trkpt lat="-26.718093" lon="-49.455211"><ele>643.75</ele></trkpt>
      <trkpt lat="-26.718604" lon="-49.455305"><ele>633.5</ele></trkpt>
      <trkpt lat="-26.718987" lon="-49.455305"><ele>632.25</ele></trkpt>
      <trkpt lat="-26.719456" lon="-49.455157"><ele>644.75</ele></trkpt>
      <trkpt lat="-26.71969" lon="-49.455219"><ele>644.75</ele></trkpt>
      <trkpt lat="-26.719875" lon="-49.455578"><ele>630.25</ele></trkpt>
      <trkpt lat="-26.720352" lon="-49.456007"><ele>633.75</ele></trkpt>
      <trkpt lat="-26.720362" lon="-49.456214"><ele>628.5</ele></trkpt>
      <trkpt lat="-26.720206" lon="-49.45656"><ele>610</ele></trkpt>
      <trkpt lat="-26.720249" lon="-49.45715"><ele>600.5</ele></trkpt>
      <trkpt lat="-26.720596" lon="-49.458421"><ele>588</ele></trkpt>
      <trkpt lat="-26.721051" lon="-49.459026"><ele>593.5</ele></trkpt>
      <trkpt lat="-26.720975" lon="-49.459569"><ele>578.25</ele></trkpt>
      <trkpt lat="-26.720718" lon="-49.460037"><ele>563.75</ele></trkpt>
      <trkpt lat="-26.720679" lon="-49.460267"><ele>560.75</ele></trkpt>
      <trkpt lat="-26.72074" lon="-49.460441"><ele>559.5</ele></trkpt>
      <trkpt lat="-26.720911" lon="-49.460582"><ele>560.5</ele></trkpt>
      <trkpt lat="-26.721289" lon="-49.460696"><ele>565.5</ele></trkpt>
      <trkpt lat="-26.721375" lon="-49.460833"><ele>564.25</ele></trkpt>
      <trkpt lat="-26.721536" lon="-49.461452"><ele>562</ele></trkpt>
      <trkpt lat="-26.721473" lon="-49.461849"><ele>557.25</ele></trkpt>
      <trkpt lat="-26.721524" lon="-49.46219"><ele>554.75</ele></trkpt>
      <trkpt lat="-26.721797" lon="-49.463145"><ele>548.25</ele></trkpt>
      <trkpt lat="-26.7218" lon="-49.463901"><ele>539.25</ele></trkpt>
      <trkpt lat="-26.722253" lon="-49.465288"><ele>530.25</ele></trkpt>
      <trkpt lat="-26.722277" lon="-49.465789"><ele>531.75</ele></trkpt>
      <trkpt lat="-26.721994" lon="-49.467352"><ele>528.25</ele></trkpt>
      <trkpt lat="-26.722058" lon="-49.46797"><ele>531.5</ele></trkpt>
      <trkpt lat="-26.721917" lon="-49.468871"><ele>530.5</ele></trkpt>
      <trkpt lat="-26.721966" lon="-49.47056"><ele>524.5</ele></trkpt>
      <trkpt lat="-26.722119" lon="-49.471065"><ele>523.5</ele></trkpt>
      <trkpt lat="-26.723186" lon="-49.472978"><ele>520.5</ele></trkpt>
      <trkpt lat="-26.723848" lon="-49.472423"><ele>519.25</ele></trkpt>
      <trkpt lat="-26.728983" lon="-49.468847"><ele>533.75</ele></trkpt>
      <trkpt lat="-26.729443" lon="-49.468654"><ele>532.75</ele></trkpt>
      <trkpt lat="-26.729865" lon="-49.468622"><ele>531.75</ele></trkpt>
      <trkpt lat="-26.730695" lon="-49.46881"><ele>529.75</ele></trkpt>
      <trkpt lat="-26.730976" lon="-49.468804"><ele>528.5</ele></trkpt>
      <trkpt lat="-26.731369" lon="-49.46859"><ele>527.25</ele></trkpt>
      <trkpt lat="-26.731714" lon="-49.468182"><ele>527</ele></trkpt>
      <trkpt lat="-26.731992" lon="-49.467667"><ele>526.5</ele></trkpt>
      <trkpt lat="-26.732117" lon="-49.467249"><ele>525.75</ele></trkpt>
      <trkpt lat="-26.732145" lon="-49.465178"><ele>527</ele></trkpt>
      <trkpt lat="-26.732229" lon="-49.464529"><ele>526.75</ele></trkpt>
      <trkpt lat="-26.734359" lon="-49.464599"><ele>516</ele></trkpt>
      <trkpt lat="-26.73961" lon="-49.464459"><ele>525.5</ele></trkpt>
      <trkpt lat="-26.740462" lon="-49.464513"><ele>528.75</ele></trkpt>
      <trkpt lat="-26.741583" lon="-49.464974"><ele>525</ele></trkpt>
      <trkpt lat="-26.742053" lon="-49.464953"><ele>523.5</ele></trkpt>
      <trkpt lat="-26.743912" lon="-49.464116"><ele>516</ele></trkpt>
      <trkpt lat="-26.744601" lon="-49.463665"><ele>519</ele></trkpt>
      <trkpt lat="-26.745373" lon="-49.462579"><ele>526.75</ele></trkpt>
      <trkpt lat="-26.745704" lon="-49.462266"><ele>529.5</ele></trkpt>
      <trkpt lat="-26.746977" lon="-49.461949"><ele>521.75</ele></trkpt>
      <trkpt lat="-26.747497" lon="-49.461714"><ele>517.5</ele></trkpt>
      <trkpt lat="-26.748605" lon="-49.459968"><ele>524.5</ele></trkpt>
      <trkpt lat="-26.749021" lon="-49.459666"><ele>526</ele></trkpt>
      <trkpt lat="-26.749589" lon="-49.459421"><ele>522.5</ele></trkpt>
      <trkpt lat="-26.749695" lon="-49.45927"><ele>521.75</ele></trkpt>
      <trkpt lat="-26.749877" lon="-49.457917"><ele>516.75</ele></trkpt>
      <trkpt lat="-26.750258" lon="-49.457434"><ele>515.5</ele></trkpt>
      <trkpt lat="-26.750657" lon="-49.457182"><ele>516.5</ele></trkpt>
      <trkpt lat="-26.751458" lon="-49.456994"><ele>517.5</ele></trkpt>
      <trkpt lat="-26.756508" lon="-49.456956"><ele>515.5</ele></trkpt>
      <trkpt lat="-26.757095" lon="-49.457132"><ele>515.75</ele></trkpt>
      <trkpt lat="-26.75792" lon="-49.457534"><ele>518.5</ele></trkpt>
      <trkpt lat="-26.757947" lon="-49.457643"><ele>518.75</ele></trkpt>
    </trkseg>
  </trk>
</gpx>